timestamp,estimated_x,estimated_y,estimated_z,groundtruth_x,groundtruth_y,groundtruth_z,error_x,error_y,error_z,position_error,orientation_error_deg
1403636580.863556,-0.018715,0.026842,-0.068768,-0.000740,0.000879,0.020202,-0.017975,0.025963,-0.088970,0.094408,177.9500
1403636580.913556,-0.020303,0.029709,-0.081109,-0.002111,0.002203,0.060439,-0.018192,0.027506,-0.141548,0.145339,179.3187
1403636580.963556,-0.021814,0.032607,-0.091741,-0.003607,0.002509,0.100010,-0.018207,0.030098,-0.191751,0.194951,179.9901
1403636581.013556,-0.023124,0.035675,-0.100176,-0.004673,0.002436,0.137359,-0.018451,0.033239,-0.237535,0.240558,178.9879
1403636581.063556,-0.023998,0.039148,-0.106948,-0.005610,0.002180,0.172311,-0.018388,0.036968,-0.279259,0.282295,177.9522
1403636581.113555,-0.024233,0.042912,-0.111874,-0.006912,0.003144,0.205152,-0.017321,0.039768,-0.317026,0.319979,177.3801
1403636581.163556,-0.024154,0.046986,-0.115065,-0.007484,0.003814,0.235082,-0.016670,0.043172,-0.350147,0.353192,177.5065
1403636581.213556,-0.023754,0.051395,-0.116376,-0.007460,0.005159,0.261825,-0.016294,0.046236,-0.378201,0.381365,177.0116
1403636581.263556,-0.023425,0.053651,-0.116073,-0.006762,0.006085,0.285012,-0.016663,0.047566,-0.401085,0.404239,177.2075
1403636581.313555,-0.022607,0.054844,-0.113407,-0.004908,0.006595,0.302851,-0.017699,0.048249,-0.416258,0.419419,177.2886
1403636581.363556,-0.021417,0.056273,-0.107619,-0.002904,0.006564,0.312787,-0.018513,0.049709,-0.420406,0.423739,176.9729
1403636581.413556,-0.019976,0.058209,-0.098643,-0.000587,0.007043,0.313790,-0.019389,0.051166,-0.412433,0.416047,157.6476
1403636581.463556,-0.019164,0.065101,-0.089837,0.001643,0.007369,0.305687,-0.020807,0.057732,-0.395524,0.400256,157.3962
1403636581.513556,-0.022387,0.079452,-0.076836,0.003955,0.007537,0.289364,-0.026342,0.071915,-0.366200,0.374123,157.4797
1403636581.563556,-0.027666,0.100897,-0.063070,0.005259,0.007598,0.266157,-0.032925,0.093299,-0.329227,0.343772,157.6494
1403636581.613555,-0.029569,0.129475,-0.050427,0.006340,0.007524,0.238526,-0.035909,0.121951,-0.288953,0.315682,157.1030
1403636581.663556,-0.030287,0.163831,-0.039159,0.007411,0.007500,0.207708,-0.037698,0.156331,-0.246867,0.294625,156.2808
1403636581.713556,-0.032365,0.204271,-0.018343,0.008748,0.008091,0.175947,-0.041113,0.196180,-0.194290,0.279152,156.4380
1403636581.763556,-0.044976,0.236498,-0.005333,0.010388,0.008197,0.142873,-0.055364,0.228301,-0.148206,0.277762,156.5641
1403636581.813555,-0.058370,0.275012,0.016449,0.012746,0.007124,0.109705,-0.071116,0.267888,-0.093256,0.292435,156.7002
1403636581.863556,-0.062606,0.318701,0.031869,0.015280,0.005785,0.076278,-0.077886,0.312916,-0.044409,0.325508,156.4363
1403636581.913556,-0.063398,0.367212,0.042689,0.015284,0.009200,0.039080,-0.078682,0.358012,0.003609,0.366574,156.2049
1403636581.963556,-0.054764,0.414920,0.051060,0.017484,0.007813,0.006800,-0.072248,0.407107,0.044260,0.415830,156.1017
1403636582.013556,-0.047877,0.468143,0.059174,0.019035,0.006549,-0.023677,-0.066912,0.461594,0.082851,0.473720,155.7106
1403636582.063556,-0.044742,0.527304,0.068103,0.020642,0.004901,-0.050897,-0.065384,0.522403,0.119000,0.539760,155.0875
1403636582.113555,-0.039130,0.592198,0.081327,0.022052,0.003115,-0.073407,-0.061182,0.589083,0.154734,0.612131,154.8652
1403636582.163556,-0.027547,0.661402,0.099742,0.023249,0.000699,-0.089544,-0.050796,0.660703,0.189286,0.689158,154.7323
1403636582.213556,-0.019170,0.736531,0.127433,0.023852,-0.001320,-0.098105,-0.043022,0.737851,0.225538,0.772749,155.0959
1403636582.263556,-0.013372,0.817415,0.163558,0.023374,-0.002537,-0.098113,-0.036746,0.819952,0.261671,0.861477,155.0678
1403636582.313555,-0.010300,0.903740,0.207055,0.021731,-0.003386,-0.088769,-0.032031,0.907126,0.295824,0.954681,155.3015
1403636582.363556,-0.009685,0.994273,0.257190,0.019601,-0.004284,-0.070890,-0.029286,0.998557,0.328080,1.051480,155.4188
1403636582.413556,-0.011173,1.087449,0.313467,0.017367,-0.005113,-0.046828,-0.028540,1.092562,0.360295,1.150791,155.7233
1403636582.463556,-0.014046,1.182292,0.375086,0.014911,-0.005460,-0.018973,-0.028957,1.187752,0.394059,1.251749,156.1009
1403636582.513556,-0.018202,1.278336,0.441811,0.012208,-0.005033,0.011556,-0.030410,1.283369,0.430255,1.353913,156.4578
1403636582.563556,-0.023484,1.374868,0.512729,0.009546,-0.004428,0.043655,-0.033030,1.379296,0.469074,1.457251,156.8440
1403636582.613555,-0.029604,1.471836,0.587816,0.007247,-0.003254,0.076372,-0.036851,1.475090,0.511444,1.561673,157.1283
1403636582.663556,-0.036627,1.568681,0.666338,0.005298,-0.002036,0.109400,-0.041925,1.570717,0.556938,1.667060,157.4441
1403636582.713556,-0.043892,1.665436,0.748064,0.003554,-0.000560,0.141773,-0.047446,1.665996,0.606291,1.773522,157.6870
1403636582.763556,-0.057752,1.765940,0.797612,0.001225,0.001798,0.174382,-0.058977,1.764142,0.623230,1.871922,157.2857
1403636582.813555,-0.071267,1.865978,0.853283,-0.000962,0.004637,0.206167,-0.070305,1.861341,0.647116,1.971875,157.4275
1403636582.863556,-0.084778,1.965717,0.914237,0.004081,0.009884,0.243184,-0.088859,1.955833,0.671053,2.069660,157.5340
1403636582.913556,-0.098305,2.064016,0.979671,0.003728,0.012816,0.273832,-0.102033,2.051200,0.705839,2.171645,157.7515
1403636582.963556,-0.111691,2.160727,1.049121,0.003889,0.015303,0.301366,-0.115580,2.145424,0.747755,2.274937,158.1518
1403636583.013556,-0.124729,2.254840,1.122094,0.004693,0.016861,0.323057,-0.129422,2.237979,0.799037,2.379865,158.2912
1403636583.063556,-0.137078,2.346206,1.198238,0.005675,0.017974,0.337514,-0.142753,2.328232,0.860724,2.486341,158.6206
1403636583.113555,-0.142981,2.424050,1.285302,0.006453,0.018978,0.344215,-0.149434,2.405072,0.941087,2.586957,158.6902
1403636583.163556,-0.145940,2.461953,1.329784,0.007218,0.019900,0.342042,-0.153158,2.442053,0.987742,2.638696,158.8305
1403636583.213556,-0.156600,2.502915,1.358066,0.007617,0.020202,0.331681,-0.164217,2.482713,1.026385,2.691523,140.9049
1403636583.263556,-0.171463,2.548306,1.384878,0.007671,0.020007,0.314088,-0.179134,2.528299,1.070790,2.751541,140.9001
1403636583.313555,-0.186754,2.596997,1.405385,0.007257,0.020077,0.291494,-0.194011,2.576920,1.113891,2.814056,140.9015
1403636583.363556,-0.200283,2.647431,1.438345,0.007202,0.020674,0.264138,-0.207485,2.626757,1.174207,2.884730,141.1899
1403636583.413556,-0.217887,2.701000,1.479440,0.007389,0.021279,0.233645,-0.225276,2.679721,1.245795,2.963724,141.1866
1403636583.463556,-0.241914,2.758076,1.524301,0.008595,0.021536,0.200580,-0.250509,2.736540,1.323721,3.050187,141.1921
1403636583.513556,-0.267895,2.820359,1.573656,0.009583,0.021626,0.166658,-0.277478,2.798733,1.406998,3.144764,141.4671
1403636583.563556,-0.294922,2.887311,1.628315,0.011153,0.021776,0.132003,-0.306075,2.865535,1.496312,3.247140,141.5494
1403636583.613555,-0.325829,2.958495,1.684951,0.012141,0.021781,0.096843,-0.337970,2.936714,1.588108,3.355682,141.8447
1403636583.663556,-0.360653,3.020874,1.754737,0.013491,0.020497,0.062058,-0.374144,3.000377,1.692679,3.465171,141.7943
1403636583.713556,-0.396367,3.089266,1.828276,0.014294,0.023225,0.025963,-0.410661,3.066041,1.802313,3.580165,141.7970
1403636583.763556,-0.434620,3.165861,1.899385,0.015970,0.022183,-0.004987,-0.450590,3.143678,1.904372,3.703023,141.9567
1403636583.813555,-0.473143,3.244475,1.976937,0.017938,0.021112,-0.033340,-0.491081,3.223363,2.010277,3.830462,141.8531
1403636583.863556,-0.511355,3.330223,2.053355,0.019747,0.020029,-0.058739,-0.531102,3.310194,2.112094,3.962372,142.0493
1403636583.913556,-0.547703,3.419147,2.135093,0.021875,0.019118,-0.080563,-0.569578,3.400029,2.215656,4.098017,142.1745
1403636583.963556,-0.584636,3.509582,2.222373,0.023929,0.017634,-0.097687,-0.608565,3.491948,2.320060,4.236358,142.1071
1403636584.013556,-0.633223,3.605682,2.295074,0.025619,0.015463,-0.109198,-0.658842,3.590219,2.404272,4.370843,142.1418
1403636584.063556,-0.702039,3.686129,2.350653,0.026638,0.013161,-0.114276,-0.728677,3.672968,2.464929,4.483028,142.0312
1403636584.113555,-0.768998,3.769410,2.415599,0.026508,0.011758,-0.112109,-0.795506,3.757652,2.527708,4.598053,141.8007
1403636584.163556,-0.820068,3.864205,2.482086,0.025255,0.011181,-0.102542,-0.845323,3.853024,2.584628,4.716001,141.8400
1403636584.213556,-0.870867,3.960095,2.556225,0.023281,0.011323,-0.085912,-0.894148,3.948772,2.642137,4.834583,141.7798
1403636584.263556,-0.921197,4.056746,2.637101,0.020960,0.011627,-0.063840,-0.942157,4.045119,2.700941,4.954365,141.7293
1403636584.313555,-0.970719,4.153090,2.723710,0.018168,0.012177,-0.037988,-0.988887,4.140913,2.761698,5.074646,141.7305
1403636584.363556,-1.020097,4.249404,2.815995,0.014755,0.013611,-0.008622,-1.034852,4.235793,2.824617,5.195317,141.7027
1403636584.413556,-1.074593,4.352251,2.883523,0.010912,0.016099,0.023897,-1.085505,4.336152,2.859626,5.306411,141.9406
1403636584.463556,-1.127848,4.453688,2.958073,0.006658,0.018796,0.058271,-1.134506,4.434892,2.899802,5.418876,142.1527
1403636584.513556,-1.179623,4.554098,3.038548,0.002405,0.021023,0.093971,-1.182028,4.533075,2.944577,5.533217,142.1486
1403636584.563556,-1.204390,4.659753,3.095727,-0.002028,0.023064,0.130388,-1.202362,4.636689,2.965339,5.633631,142.6687
1403636584.613555,-1.216954,4.767378,3.138322,-0.006315,0.025004,0.167198,-1.210639,4.742374,2.971124,5.725673,143.1363
1403636584.663556,-1.257490,4.845323,3.173623,-0.009895,0.026479,0.202818,-1.247595,4.818844,2.970805,5.796847,143.1146
1403636584.713556,-1.287876,4.910942,3.230090,-0.012444,0.027296,0.236871,-1.275432,4.883646,2.993219,5.868227,130.3936
1403636584.763556,-1.321263,4.972254,3.296722,-0.007953,0.028530,0.274849,-1.313310,4.943724,3.021873,5.941120,130.4076
1403636584.813555,-1.336002,5.030805,3.369378,-0.008292,0.028536,0.304202,-1.327710,5.002269,3.065176,6.015049,130.3343
1403636584.863556,-1.338350,5.062118,3.410231,-0.007972,0.027875,0.329026,-1.330378,5.034243,3.081205,6.050399,130.2245
1403636584.913556,-1.352420,5.093915,3.457491,-0.007255,0.026759,0.348441,-1.345165,5.067156,3.109050,6.095222,48.9492
1403636584.963556,-1.366008,5.106018,3.513987,-0.006778,0.025692,0.360389,-1.359230,5.080326,3.153598,6.132080,131.4720
1403636585.013556,-1.376708,5.115601,3.581256,-0.006809,0.025487,0.364883,-1.369899,5.090114,3.216373,6.175025,131.4793
1403636585.063556,-1.385769,5.101637,3.637431,-0.006931,0.025373,0.361650,-1.378838,5.076264,3.275781,6.196805,131.4453
1403636585.113555,-1.378568,5.101893,3.681941,-0.007371,0.025370,0.351847,-1.371197,5.076523,3.330094,6.224210,131.4737
1403636585.163556,-1.364579,5.101778,3.736806,-0.007561,0.025731,0.335825,-1.357018,5.076047,3.400981,6.258947,143.7324
1403636585.213556,-1.345912,5.105068,3.801862,-0.007775,0.026698,0.315251,-1.338137,5.078370,3.486611,6.303722,143.8455
1403636585.263556,-1.326269,5.109348,3.878537,-0.007805,0.028401,0.291397,-1.318464,5.080947,3.587140,6.357825,143.9449
1403636585.313555,-1.297487,5.116964,3.960877,-0.007685,0.030217,0.265705,-1.289802,5.086747,3.695172,6.418167,144.2982
1403636585.363556,-1.270569,5.126238,4.054037,-0.007178,0.031890,0.238766,-1.263391,5.094348,3.815271,6.488823,106.5861
1403636585.413556,-1.255356,5.133774,4.152417,-0.006717,0.033216,0.211876,-1.248639,5.100558,3.940541,6.565261,111.3453
1403636585.463556,-1.248247,5.147312,4.248382,-0.005286,0.033429,0.185169,-1.242961,5.113883,4.063213,6.648793,128.5836
1403636585.513556,-1.248839,5.166122,4.340338,-0.002815,0.032889,0.159293,-1.246024,5.133233,4.181045,6.736749,128.0668
1403636585.563556,-1.247673,5.173355,4.387590,-0.001124,0.035833,0.132754,-1.246549,5.137522,4.254836,6.786136,128.4525
1403636585.613555,-1.253819,5.187108,4.435600,0.003795,0.034140,0.111039,-1.257614,5.152968,4.324561,6.843720,128.1257
1403636585.663556,-1.266980,5.206959,4.483951,0.008839,0.032352,0.092938,-1.275819,5.174607,4.391013,6.905452,127.6542
1403636585.713556,-1.286016,5.232026,4.532889,0.014443,0.029858,0.078539,-1.300459,5.202168,4.454350,6.971010,128.0410
1403636585.763556,-1.304167,5.249351,4.554905,0.019526,0.028017,0.067994,-1.323693,5.221334,4.486911,7.010482,127.5774
1403636585.813555,-1.318543,5.259191,4.567232,0.024439,0.025662,0.060772,-1.342982,5.233529,4.506460,7.035738,127.5006
1403636585.863556,-1.335318,5.268677,4.572317,0.029239,0.023534,0.056536,-1.364557,5.245143,4.515781,7.054490,127.1886
1403636585.913556,-1.357197,5.284012,4.582478,0.033684,0.021457,0.054798,-1.390881,5.262555,4.527680,7.080178,127.3865
1403636585.963556,-1.371680,5.291888,4.595093,0.037560,0.020050,0.054125,-1.409240,5.271838,4.540968,7.099199,127.7170
1403636586.013556,-1.387723,5.302238,4.600723,0.040639,0.019018,0.054241,-1.428362,5.283220,4.546482,7.114994,127.1724
1403636586.063556,-1.410183,5.314629,4.606902,0.043311,0.018447,0.054950,-1.453494,5.296182,4.551952,7.133194,127.2197
1403636586.113555,-1.433363,5.323937,4.609191,0.045577,0.016782,0.056463,-1.478940,5.307155,4.552728,7.147062,127.1938
1403636586.163556,-1.455722,5.327542,4.616328,0.047532,0.014301,0.058595,-1.503254,5.313241,4.557733,7.159834,127.2670
1403636586.213556,-1.481458,5.337565,4.628639,0.049806,0.011200,0.060798,-1.531264,5.326365,4.567841,7.181928,127.4077
1403636586.263556,-1.498831,5.342310,4.636640,0.052814,0.008124,0.062635,-1.551645,5.334186,4.574005,7.196018,127.4380
1403636586.313555,-1.520192,5.353151,4.649372,0.056309,0.005525,0.064176,-1.576501,5.347626,4.585196,7.218482,127.4860
1403636586.363556,-1.544970,5.369289,4.666130,0.060814,0.003294,0.065253,-1.605784,5.365995,4.600877,7.248483,127.6650
1403636586.413556,-1.559649,5.388956,4.674611,0.065812,0.001154,0.066045,-1.625461,5.387802,4.608566,7.273886,127.8492
1403636586.463556,-1.571574,5.399952,4.680396,0.071479,-0.000393,0.066737,-1.643053,5.400345,4.613659,7.290350,127.6697
1403636586.513556,-1.586042,5.406905,4.685014,0.077085,-0.000861,0.067841,-1.663127,5.407766,4.617173,7.302616,148.7429
1403636586.563556,-1.602306,5.408620,4.687258,0.081938,-0.000214,0.069577,-1.684244,5.408834,4.617681,7.308566,64.2267
1403636586.613555,-1.622503,5.403686,4.704572,0.085816,0.001874,0.071799,-1.708319,5.401812,4.632773,7.318505,64.1093
1403636586.663556,-1.631771,5.395551,4.733563,0.088596,0.005521,0.074231,-1.720367,5.390030,4.659332,7.329493,109.6477
1403636586.713556,-1.644661,5.393118,4.776476,0.090420,0.009826,0.076486,-1.735081,5.383292,4.699990,7.353927,109.3929
1403636586.763556,-1.646139,5.390976,4.809155,0.091222,0.014076,0.077923,-1.737361,5.376900,4.731232,7.369805,150.6816
1403636586.813555,-1.642748,5.397250,4.846188,0.091177,0.019043,0.079062,-1.733925,5.378207,4.767126,7.393044,150.6539
1403636586.863556,-1.632180,5.400928,4.870448,0.090580,0.023029,0.079227,-1.722760,5.377899,4.791221,7.405774,109.9750
1403636586.913556,-1.626199,5.408596,4.910356,0.089218,0.025501,0.078957,-1.715417,5.383095,4.831399,7.433894,109.7457
1403636586.963556,-1.620063,5.413110,4.938468,0.087343,0.027248,0.078620,-1.707406,5.385862,4.859848,7.452575,124.0937
1403636587.013556,-1.613378,5.414883,4.961534,0.084918,0.029164,0.078740,-1.698296,5.385719,4.882794,7.465377,159.4523
1403636587.063556,-1.609921,5.411914,4.973324,0.082595,0.030800,0.078753,-1.692516,5.381114,4.894571,7.468455,159.7384
1403636587.113555,-1.608044,5.404139,4.979414,0.080322,0.033074,0.079001,-1.688366,5.371065,4.900413,7.464112,128.2588
1403636587.163556,-1.610083,5.392476,4.984317,0.078541,0.036388,0.078793,-1.688624,5.356088,4.905524,7.456762,161.2064
1403636587.213556,-1.610392,5.376797,4.990473,0.077090,0.040999,0.078498,-1.687482,5.335798,4.911975,7.446196,127.9101
1403636587.263556,-1.618511,5.361327,5.000148,0.076142,0.047182,0.077962,-1.694653,5.314145,4.922186,7.439079,44.3100
1403636587.313555,-1.624899,5.346263,5.016399,0.075590,0.055218,0.077410,-1.700489,5.291045,4.938989,7.435082,44.2573
1403636587.363556,-1.637271,5.334513,5.048210,0.075451,0.065174,0.076942,-1.712722,5.269339,4.971268,7.443981,56.7222
1403636587.413556,-1.641663,5.328282,5.092383,0.075818,0.076599,0.076521,-1.717481,5.251683,5.015862,7.462492,123.1920
1403636587.463556,-1.638466,5.326895,5.115327,0.077179,0.089432,0.076028,-1.715645,5.237463,5.039299,7.467864,36.1568
1403636587.513556,-1.628240,5.328761,5.136779,0.079451,0.103671,0.075712,-1.707691,5.225090,5.061067,7.472093,36.0823
1403636587.563556,-1.621212,5.327025,5.155883,0.082701,0.119316,0.075568,-1.703913,5.207709,5.080315,7.472158,36.5681
1403636587.613555,-1.610232,5.323613,5.191716,0.086307,0.136302,0.075786,-1.696539,5.187311,5.115930,7.480587,36.6727
1403636587.663556,-1.595991,5.318693,5.242658,0.090116,0.154151,0.076479,-1.686107,5.164542,5.166179,7.496990,36.5898
1403636587.713556,-1.578602,5.312240,5.307210,0.093868,0.172875,0.077535,-1.672470,5.139365,5.229675,7.520620,36.4882
1403636587.763556,-1.558426,5.304427,5.383604,0.097807,0.191641,0.078653,-1.656233,5.112786,5.304951,7.551569,36.3866
1403636587.813555,-1.535832,5.295370,5.470577,0.102092,0.210304,0.079349,-1.637924,5.085066,5.391228,7.589863,36.3313
1403636587.863556,-1.519898,5.298377,5.520333,0.106685,0.228609,0.079157,-1.626583,5.069768,5.441176,7.612800,36.0554
1403636587.913556,-1.501031,5.298938,5.583187,0.111617,0.246167,0.077969,-1.612648,5.052771,5.505218,7.644511,36.1130
1403636587.963556,-1.489843,5.295993,5.620478,0.116831,0.262926,0.076118,-1.606674,5.033067,5.544360,7.658531,36.2845
1403636588.013556,-1.475190,5.291062,5.672360,0.122079,0.278705,0.074050,-1.597269,5.012357,5.598310,7.682192,36.4168
1403636588.063556,-1.466349,5.283631,5.704826,0.126658,0.292946,0.071485,-1.593007,4.990685,5.633341,7.692798,36.4278
1403636588.113555,-1.455554,5.269022,5.730747,0.130527,0.305279,0.068809,-1.586081,4.963743,5.661938,7.694929,36.5471
1403636588.163556,-1.441239,5.253494,5.772570,0.134031,0.316288,0.066373,-1.575270,4.937206,5.706197,7.708318,36.2574
1403636588.213556,-1.432388,5.230109,5.804800,0.136777,0.325406,0.063978,-1.569165,4.904703,5.740822,7.712031,36.6181
1403636588.263556,-1.410063,5.210185,5.836755,0.138778,0.332445,0.061924,-1.548841,4.877740,5.774831,7.716212,36.7671
1403636588.313555,-1.397290,5.200625,5.860548,0.140058,0.337343,0.060387,-1.537348,4.863282,5.800161,7.723783,124.6333
1403636588.363556,-1.386051,5.186134,5.880543,0.140856,0.340127,0.059070,-1.526907,4.846007,5.821473,7.726887,99.4150
1403636588.413556,-1.378353,5.189487,5.909798,0.141481,0.340689,0.058053,-1.519834,4.848798,5.851745,7.750075,22.3958
1403636588.463556,-1.370789,5.200903,5.935879,0.141598,0.339332,0.057431,-1.512387,4.861571,5.878448,7.776782,106.5364
1403636588.513556,-1.361325,5.216660,5.952654,0.141629,0.336154,0.057832,-1.502954,4.880506,5.894822,7.799175,29.7805
1403636588.563556,-1.355838,5.228250,5.968967,0.140890,0.330890,0.059324,-1.496728,4.897360,5.909643,7.819732,29.5848
1403636588.613555,-1.348531,5.241372,6.002950,0.139612,0.323153,0.061318,-1.488143,4.918219,5.941632,7.855345,29.4929
1403636588.663556,-1.339902,5.256245,6.052492,0.137990,0.313475,0.063458,-1.477892,4.942770,5.989034,7.904662,28.8453
1403636588.713556,-1.330063,5.272342,6.115878,0.136236,0.301605,0.064596,-1.466299,4.970737,6.051282,7.967200,28.8423
1403636588.763556,-1.319535,5.290183,6.191721,0.134087,0.288417,0.065126,-1.453622,5.001766,6.126595,8.041507,28.3331
1403636588.813555,-1.313707,5.302610,6.234905,0.131283,0.273964,0.065356,-1.444990,5.028646,6.169549,8.089413,28.1621
1403636588.863556,-1.306648,5.316680,6.292956,0.127642,0.257939,0.065410,-1.434290,5.058741,6.227546,8.150483,27.9261
1403636588.913556,-1.298325,5.332630,6.364462,0.123395,0.240223,0.066024,-1.421720,5.092407,6.298438,8.223395,27.8093
1403636588.963556,-1.288944,5.350261,6.448246,0.118969,0.221291,0.067283,-1.407913,5.128970,6.380963,8.306940,27.2508
1403636589.013556,-1.278450,5.369407,6.542865,0.114363,0.201305,0.069120,-1.392813,5.168102,6.473745,8.399915,27.2144
1403636589.063556,-1.267044,5.390034,6.647167,0.109656,0.180304,0.071576,-1.376700,5.209730,6.575591,8.501470,26.8339
1403636589.113555,-1.255047,5.412040,6.760347,0.104654,0.158949,0.074433,-1.359701,5.253091,6.685914,8.610760,26.8904
1403636589.163556,-1.242467,5.435205,6.881205,0.099190,0.137031,0.077593,-1.341657,5.298174,6.803612,8.726960,26.9707
1403636589.213556,-1.229369,5.459253,7.009080,0.093396,0.114412,0.080666,-1.322765,5.344841,6.928414,8.849856,27.0473
1403636589.263556,-1.215665,5.484291,7.142693,0.087560,0.091256,0.083153,-1.303225,5.393035,7.059540,8.978882,27.1580
1403636589.313555,-1.201632,5.510135,7.281714,0.081563,0.067943,0.084960,-1.283195,5.442192,7.196754,9.113579,27.1177
1403636589.363556,-1.191230,5.530847,7.352762,0.075455,0.044234,0.085730,-1.266685,5.486613,7.267032,9.193323,27.3105
1403636589.413556,-1.182391,5.549535,7.393301,0.069097,0.021034,0.086249,-1.251488,5.528501,7.307052,9.247895,27.5458
1403636589.463556,-1.177370,5.561411,7.420515,0.062837,-0.002037,0.086666,-1.240207,5.563448,7.333849,9.288456,26.9424
1403636589.513556,-1.171004,5.575454,7.463752,0.056589,-0.025374,0.086632,-1.227593,5.600828,7.377120,9.343348,27.0924
1403636589.563556,-1.165443,5.588080,7.491951,0.050517,-0.048866,0.086548,-1.215960,5.636946,7.405403,9.385825,27.0842
1403636589.613555,-1.160731,5.598299,7.513440,0.044437,-0.071968,0.086322,-1.205168,5.670267,7.427118,9.421594,27.2102
1403636589.663556,-1.157645,5.604871,7.532388,0.038388,-0.094932,0.086050,-1.196033,5.699803,7.446338,9.453370,26.8330
1403636589.713556,-1.153027,5.614429,7.568343,0.032613,-0.117648,0.085564,-1.185640,5.732077,7.482779,9.500234,26.8949
1403636589.763556,-1.147098,5.626577,7.619180,0.026763,-0.139982,0.084284,-1.173861,5.766559,7.534896,9.560638,25.9497
1403636589.813555,-1.141691,5.641549,7.651288,0.021267,-0.161057,0.082473,-1.162958,5.802606,7.568815,9.607792,25.7959
1403636589.863556,-1.134915,5.659068,7.698888,0.016293,-0.180529,0.080239,-1.151208,5.839597,7.618649,9.667988,26.1247
1403636589.913556,-1.127152,5.679009,7.729672,0.011607,-0.198457,0.077726,-1.138759,5.877466,7.651946,9.715639,86.4797
1403636589.963556,-1.126743,5.692247,7.748298,0.007300,-0.214957,0.075345,-1.134043,5.907204,7.672953,9.749631,86.4305
1403636590.013556,-1.128521,5.704627,7.761064,0.003410,-0.229858,0.073487,-1.131931,5.934485,7.687577,9.777434,86.4389
1403636590.063556,-1.130764,5.716894,7.771411,0.000031,-0.242282,0.073143,-1.130795,5.959176,7.698268,9.800704,86.4872
1403636590.113555,-1.133040,5.728630,7.780851,-0.002693,-0.252458,0.073283,-1.130347,5.981088,7.707568,9.821288,86.5494
1403636590.163556,-1.137116,5.737897,7.790162,-0.004599,-0.259843,0.073919,-1.132517,5.997740,7.716243,9.838490,86.5967
1403636590.213556,-1.147197,5.754155,7.808807,-0.005227,-0.264058,0.074852,-1.141970,6.018213,7.733955,9.865954,57.4829
1403636590.263556,-1.154187,5.770569,7.844938,-0.004569,-0.265245,0.075826,-1.149618,6.035814,7.769112,9.905139,138.1602
1403636590.313555,-1.152672,5.780196,7.891121,-0.002635,-0.263515,0.076852,-1.150037,6.043711,7.814269,9.945442,172.8137
1403636590.363556,-1.146895,5.785824,7.934333,0.000477,-0.258909,0.077824,-1.147372,6.044733,7.856509,9.978977,175.9885
1403636590.413556,-1.149715,5.791804,7.977170,0.004778,-0.251422,0.078939,-1.154493,6.043226,7.898231,10.011768,166.8111
1403636590.463556,-1.158967,5.794298,8.032644,0.009862,-0.240983,0.080334,-1.168829,6.035281,7.952310,10.051368,169.1310
1403636590.513556,-1.160037,5.792082,8.065313,0.015825,-0.228303,0.082189,-1.175862,6.020385,7.983124,10.067668,169.1810
1403636590.563556,-1.154453,5.784819,8.110065,0.022301,-0.213531,0.084072,-1.176754,5.998350,8.025993,10.088683,169.1807
1403636590.613555,-1.142995,5.773430,8.165633,0.029158,-0.197172,0.085918,-1.172153,5.970602,8.079715,10.114536,169.1651
1403636590.663556,-1.126158,5.758295,8.230846,0.036110,-0.179362,0.087208,-1.162268,5.937657,8.143638,10.145220,169.1483
1403636590.713556,-1.104604,5.739808,8.304759,0.043185,-0.160400,0.088013,-1.147789,5.900208,8.216746,10.180609,169.1802
1403636590.763556,-1.078681,5.718647,8.386471,0.050122,-0.140325,0.088009,-1.128803,5.858972,8.298462,10.220872,169.3114
1403636590.813555,-1.048976,5.694785,8.475206,0.056835,-0.119523,0.087287,-1.105811,5.814308,8.387919,10.265777,169.6030
1403636590.863556,-1.015757,5.668465,8.570398,0.063487,-0.097668,0.085964,-1.079244,5.766133,8.484434,10.314974,169.8367
1403636590.913556,-0.979238,5.639791,8.671464,0.070113,-0.074936,0.084737,-1.049351,5.714727,8.586727,10.367792,170.1302
1403636590.963556,-0.939935,5.609338,8.778060,0.076764,-0.051758,0.083434,-1.016699,5.661096,8.694626,10.424884,170.4089
1403636591.013556,-0.897652,5.577369,8.889436,0.082839,-0.028605,0.082054,-0.980491,5.605974,8.807382,10.486099,170.8217
1403636591.063556,-0.867616,5.584256,8.973132,0.088468,-0.006025,0.080805,-0.956084,5.590281,8.892327,10.546981,171.0090
1403636591.113555,-0.845877,5.603999,9.026213,0.093677,0.016371,0.079895,-0.939554,5.587628,8.946318,10.589663,170.8143
1403636591.163556,-0.819829,5.617385,9.089721,0.098656,0.037961,0.078929,-0.918485,5.579424,9.010792,10.638043,159.5403
1403636591.213556,-0.802243,5.629711,9.164580,0.103230,0.058769,0.077871,-0.905473,5.570942,9.086709,10.696895,158.9868
1403636591.263556,-0.792373,5.641375,9.249313,0.107574,0.078289,0.076096,-0.899947,5.563086,9.173217,10.765953,159.3464
1403636591.313555,-0.791678,5.653700,9.296442,0.111418,0.096169,0.073779,-0.903096,5.557531,9.222663,10.805519,159.1825
1403636591.363556,-0.797124,5.665558,9.356307,0.114795,0.111838,0.070971,-0.911919,5.553720,9.285336,10.857848,155.8165
1403636591.413556,-0.788926,5.686163,9.409135,0.117395,0.125207,0.067555,-0.906321,5.560956,9.341580,10.909205,155.8231
1403636591.463556,-0.776675,5.702775,9.471344,0.118921,0.136622,0.063493,-0.895596,5.566153,9.407851,10.967762,155.9148
1403636591.513556,-0.761356,5.714697,9.542318,0.119691,0.147245,0.059565,-0.881047,5.567452,9.482753,11.031562,155.9755
1403636591.563556,-0.744825,5.726163,9.620681,0.119756,0.157041,0.055711,-0.864581,5.569122,9.564970,11.101859,155.7800
1403636591.613555,-0.739947,5.720420,9.701293,0.119018,0.165906,0.052025,-0.858965,5.554514,9.649268,11.166863,155.6499
1403636591.663556,-0.716982,5.696368,9.763477,0.117476,0.173041,0.049061,-0.834458,5.523327,9.714416,11.205951,155.3998
1403636591.713556,-0.689435,5.669319,9.834994,0.115760,0.178331,0.046982,-0.805195,5.490988,9.788012,11.251865,171.0440
1403636591.763556,-0.677862,5.649808,9.870894,0.113937,0.182860,0.046182,-0.791799,5.466948,9.824712,11.271177,179.0698
1403636591.813555,-0.668950,5.631063,9.903071,0.111955,0.187127,0.046441,-0.780905,5.443936,9.856630,11.287134,179.1255
1403636591.863556,-0.662353,5.613284,9.932291,0.110182,0.190685,0.047008,-0.772535,5.422599,9.885283,11.301337,176.4564
1403636591.913556,-0.659961,5.588503,9.965483,0.108275,0.194599,0.047738,-0.768236,5.393904,9.917745,11.315743,155.8467
1403636591.963556,-0.651127,5.560047,10.008483,0.106325,0.198639,0.047844,-0.757452,5.361408,9.960639,11.337229,138.9150
1403636592.013556,-0.635413,5.539750,10.054827,0.103669,0.204528,0.047616,-0.739082,5.335222,10.007211,11.364643,138.9626
1403636592.063556,-0.628821,5.536706,10.084405,0.099711,0.212261,0.046953,-0.728532,5.324445,10.037452,11.385557,139.0601
1403636592.113555,-0.621616,5.538528,10.101547,0.094677,0.221257,0.045966,-0.716293,5.317271,10.055581,11.397419,138.3614
1403636592.163556,-0.616328,5.548616,10.120352,0.088694,0.231137,0.044743,-0.705022,5.317479,10.075609,11.414488,138.4391
1403636592.213556,-0.613028,5.563355,10.143329,0.081831,0.241259,0.043401,-0.694859,5.322096,10.099928,11.437486,138.5708
1403636592.263556,-0.608846,5.580951,10.172689,0.073704,0.251184,0.042367,-0.682550,5.329767,10.130322,11.467158,138.7052
1403636592.313555,-0.604186,5.597481,10.208561,0.064123,0.260277,0.041544,-0.668309,5.337204,10.167017,11.502201,138.7482
1403636592.363556,-0.597151,5.613376,10.250519,0.052384,0.268203,0.040726,-0.649535,5.345173,10.209793,11.542645,138.7531
1403636592.413556,-0.588461,5.624698,10.297128,0.038842,0.274541,0.040463,-0.627303,5.350157,10.256665,11.585200,138.7764
1403636592.463556,-0.577506,5.628088,10.344901,0.023187,0.279182,0.040737,-0.600693,5.348906,10.304164,11.625292,138.7883
1403636592.513556,-0.562846,5.629088,10.395445,0.005944,0.281799,0.041527,-0.568790,5.347289,10.353918,11.667075,138.8607
1403636592.563556,-0.544132,5.625622,10.446861,-0.012394,0.282209,0.042265,-0.531738,5.343413,10.404596,11.708563,138.8745
1403636592.613555,-0.521466,5.618139,10.498196,-0.031688,0.280495,0.042720,-0.489778,5.337644,10.455476,11.749354,138.9003
1403636592.663556,-0.496504,5.603734,10.542599,-0.051306,0.276495,0.042565,-0.445198,5.327239,10.500034,11.782546,139.0070
1403636592.713556,-0.468874,5.587375,10.585820,-0.070989,0.269933,0.042356,-0.397885,5.317442,10.543464,11.815166,139.0601
1403636592.763556,-0.437647,5.570706,10.627709,-0.090339,0.260074,0.041770,-0.347308,5.310632,10.585939,11.848440,139.1162
1403636592.813555,-0.402407,5.558774,10.673417,-0.109032,0.246629,0.041373,-0.293375,5.312145,10.632044,11.888874,139.0955
1403636592.863556,-0.361422,5.545840,10.712568,-0.126203,0.229073,0.040079,-0.235219,5.316767,10.672489,11.925828,139.0840
1403636592.913556,-0.314792,5.535405,10.750908,-0.141275,0.208148,0.038451,-0.173517,5.327257,10.712457,11.965221,139.1210
1403636592.963556,-0.266989,5.521265,10.783551,-0.153721,0.183819,0.037230,-0.113268,5.337446,10.746321,11.999357,139.0100
1403636593.013556,-0.227784,5.508964,10.799528,-0.162972,0.155919,0.036113,-0.064812,5.353045,10.763415,12.021248,139.3295
1403636593.063556,-0.194118,5.496921,10.809024,-0.169383,0.125522,0.035630,-0.024735,5.371399,10.773394,12.038213,139.4223
1403636593.113555,-0.156153,5.492905,10.827850,-0.172355,0.093427,0.035685,0.016202,5.399478,10.792165,12.067537,139.2777
1403636593.163556,-0.132808,5.491202,10.839244,-0.171748,0.059606,0.036175,0.038940,5.431596,10.803069,12.091735,139.3576
1403636593.213556,-0.114353,5.490573,10.847122,-0.168222,0.025593,0.037344,0.053869,5.464980,10.809778,12.112812,139.5729
1403636593.263556,-0.089586,5.495568,10.864018,-0.161248,-0.008004,0.038635,0.071662,5.503572,10.825383,12.144272,139.6186
1403636593.313555,-0.058928,5.505371,10.888120,-0.151406,-0.039145,0.039889,0.092478,5.544516,10.848231,12.183363,139.7660
1403636593.363556,-0.022943,5.519057,10.919288,-0.138444,-0.066971,0.040597,0.115501,5.586028,10.878691,12.229594,139.7821
1403636593.413556,0.017800,5.536307,10.956270,-0.122539,-0.091289,0.040406,0.140339,5.627596,10.915864,12.281922,139.8229
1403636593.463556,0.063059,5.556443,10.998556,-0.103865,-0.111016,0.039485,0.166924,5.667459,10.959071,12.338930,139.9214
1403636593.513556,0.112011,5.579332,11.045403,-0.082757,-0.126549,0.037651,0.194768,5.705881,11.007752,12.400227,140.1206
1403636593.563556,0.164351,5.605108,11.095984,-0.060329,-0.138196,0.035172,0.224680,5.743304,11.060812,12.465054,140.0400
1403636593.613555,0.219767,5.632923,11.150042,-0.036723,-0.145658,0.031876,0.256490,5.778581,11.118166,12.532813,139.9877
1403636593.663556,0.278056,5.663157,11.207124,-0.012337,-0.149172,0.028378,0.290393,5.812329,11.178746,12.602851,139.8118
1403636593.713556,0.339015,5.695354,11.266797,0.012878,-0.148440,0.024733,0.326137,5.843794,11.242064,12.674395,139.8959
1403636593.763556,0.402449,5.729611,11.328741,0.038148,-0.143576,0.021443,0.364301,5.873187,11.307298,12.746843,139.9409
1403636593.813555,0.468074,5.765777,11.392617,0.063026,-0.134286,0.018835,0.405048,5.900063,11.373782,12.819427,139.9951
1403636593.863556,0.535692,5.803853,11.458037,0.087368,-0.121858,0.017085,0.448324,5.925711,11.440952,12.892262,140.2074
1403636593.913556,0.605008,5.843797,11.524791,0.110336,-0.106283,0.016482,0.494672,5.950080,11.508309,12.964927,140.1561
1403636593.963556,0.675716,5.885206,11.592738,0.132127,-0.088096,0.016585,0.543589,5.973302,11.576153,13.037759,140.2606
1403636594.013556,0.710517,5.908478,11.627269,0.152227,-0.067574,0.017454,0.558290,5.976052,11.609815,13.069533,139.7827
1403636594.063556,0.727974,5.925267,11.647406,0.170018,-0.045026,0.018521,0.557956,5.970293,11.628885,13.083833,139.4976
1403636594.113555,0.751387,5.945637,11.672830,0.184768,-0.020907,0.019397,0.566619,5.966544,11.653433,13.104320,139.7072
1403636594.163556,0.765587,5.957700,11.687893,0.195988,0.005161,0.019616,0.569599,5.952539,11.668277,13.111287,139.9411
1403636594.213556,0.773761,5.973728,11.703125,0.203534,0.032973,0.019284,0.570227,5.940755,11.683841,13.119828,140.0247
1403636594.263556,0.778025,5.987751,11.715093,0.207164,0.062442,0.018488,0.570861,5.925309,11.696605,13.124242,140.1496
1403636594.313555,0.780516,6.003213,11.729580,0.206882,0.093376,0.017857,0.573634,5.909837,11.711723,13.130868,140.2748
1403636594.363556,0.782881,6.021737,11.748296,0.202980,0.125239,0.017181,0.579901,5.896498,11.731115,13.142452,140.4104
1403636594.413556,0.786441,6.043389,11.771963,0.195390,0.157814,0.016846,0.591051,5.885575,11.755117,13.159488,140.4254
1403636594.463556,0.786318,6.065394,11.798476,0.184778,0.189818,0.016496,0.601540,5.875576,11.781980,13.179503,140.7710
1403636594.513556,0.784226,6.088286,11.828512,0.171421,0.220341,0.016186,0.612805,5.867945,11.812326,13.203763,141.1396
1403636594.563556,0.781106,6.110252,11.863255,0.155229,0.247322,0.015909,0.625877,5.862930,11.847346,13.233490,141.3842
1403636594.613555,0.778840,6.131198,11.904154,0.137099,0.270092,0.015525,0.641741,5.861106,11.888629,13.270414,141.5271
1403636594.663556,0.780778,6.149041,11.951781,0.117160,0.286975,0.015228,0.663618,5.862066,11.936553,13.314860,141.6284
1403636594.713556,0.788351,6.160995,12.004488,0.095585,0.297637,0.014774,0.692766,5.863358,11.989714,13.364585,141.6741
1403636594.763556,0.802442,6.164932,12.059203,0.072548,0.301642,0.013663,0.729894,5.863290,12.045540,13.416630,141.7531
1403636594.813555,0.824082,6.160011,12.109236,0.047981,0.298906,0.011821,0.776101,5.861105,12.097415,13.464856,141.7731
1403636594.863556,0.852431,6.150806,12.157572,0.022541,0.289387,0.009905,0.829890,5.861419,12.147667,13.513355,141.7892
1403636594.913556,0.882395,6.134884,12.196887,-0.002903,0.272908,0.008237,0.885298,5.861976,12.188650,13.553955,141.7915
1403636594.963556,0.912142,6.115363,12.228093,-0.027862,0.250146,0.006756,0.940004,5.865217,12.221337,13.588431,141.7500
1403636595.013556,0.936908,6.097205,12.248202,-0.050692,0.221159,0.005479,0.987600,5.876046,12.242723,13.615709,141.8450
1403636595.063556,0.953372,6.088054,12.260786,-0.070996,0.188013,0.004094,1.024368,5.900041,12.256692,13.641346,141.7404
1403636595.113555,0.972313,6.079368,12.272054,-0.088513,0.152088,0.002277,1.060826,5.927280,12.269777,13.667678,141.8344
1403636595.163556,0.997981,6.076276,12.291995,-0.102989,0.115549,0.000556,1.100970,5.960727,12.291439,13.704812,141.8404
1403636595.213556,1.014209,6.076930,12.305863,-0.113672,0.078922,-0.000954,1.127881,5.998008,12.306817,13.737029,142.1380
1403636595.263556,1.037942,6.081355,12.328059,-0.120287,0.044226,-0.002296,1.158229,6.037129,12.330355,13.777739,142.0677
1403636595.313555,1.069025,6.089085,12.357674,-0.122282,0.012327,-0.003541,1.191307,6.076758,12.361215,13.825550,141.9928
1403636595.363556,1.091529,6.091225,12.374052,-0.119772,-0.015566,-0.004377,1.211301,6.106791,12.378429,13.855888,142.2034
1403636595.413556,1.108968,6.091600,12.384393,-0.113231,-0.038220,-0.005049,1.222199,6.129820,12.389442,13.876841,142.3300
1403636595.463556,1.134522,6.094751,12.402747,-0.102762,-0.054998,-0.005427,1.237284,6.149749,12.408174,13.903707,142.3646
1403636595.513556,1.167194,6.100500,12.427823,-0.088928,-0.065324,-0.006128,1.256122,6.165824,12.433951,13.935508,142.3663
1403636595.563556,1.206311,6.108568,12.459175,-0.071861,-0.069511,-0.007037,1.278172,6.178079,12.466212,13.971715,142.3743
1403636595.613555,1.250967,6.118853,12.495949,-0.052358,-0.067492,-0.008260,1.303325,6.186345,12.504209,14.011594,142.4899
1403636595.663556,1.300458,6.131486,12.537634,-0.030740,-0.060046,-0.010082,1.331198,6.191532,12.547716,14.055332,142.5619
1403636595.713556,1.353986,6.146428,12.583477,-0.007930,-0.047893,-0.012245,1.361916,6.194321,12.595722,14.102363,142.7756
1403636595.763556,1.411170,6.163646,12.633320,0.015382,-0.030658,-0.014428,1.395788,6.194304,12.647748,14.152143,142.6519
1403636595.813555,1.471355,6.183269,12.686491,0.039250,-0.010702,-0.017198,1.432105,6.193971,12.703689,14.205629,142.6583
1403636595.863556,1.533969,6.205727,12.743293,0.063269,0.010619,-0.020356,1.470700,6.195108,12.763649,14.263697,142.7647
1403636595.913556,1.598699,6.230807,12.803040,0.085361,0.033733,-0.023178,1.513338,6.197074,12.826218,14.325006,142.8310
1403636595.963556,1.665464,6.259197,12.866042,0.108353,0.054830,-0.025738,1.557111,6.204367,12.891780,14.391551,142.7792
1403636596.013556,1.699019,6.277684,12.898632,0.131446,0.073146,-0.027812,1.567573,6.204538,12.926444,14.423818,142.4852
1403636596.063556,1.737271,6.300872,12.937487,0.153907,0.087231,-0.029317,1.583364,6.213641,12.966804,14.465628,142.2567
1403636596.113555,1.779456,6.328449,12.982003,0.174901,0.095786,-0.030424,1.604555,6.232663,13.012427,14.517023,142.3977
1403636596.163556,1.825540,6.360347,13.031284,0.193446,0.098039,-0.030413,1.632094,6.262308,13.061697,14.576974,142.5249
1403636596.213556,1.875008,6.396316,13.085033,0.209293,0.093730,-0.028927,1.665715,6.302586,13.113960,14.644901,142.5613
1403636596.263556,1.927858,6.435580,13.142877,0.222905,0.082431,-0.025996,1.704953,6.353149,13.168873,14.720346,142.6089
1403636596.313555,1.984027,6.477235,13.204382,0.234840,0.065925,-0.021295,1.749187,6.411310,13.225677,14.801456,142.6558
1403636596.363556,2.043315,6.520396,13.269697,0.246586,0.044987,-0.015347,1.796729,6.475409,13.285044,14.887967,142.6411
1403636596.413556,2.105520,6.564204,13.337686,0.258014,0.021486,-0.008468,1.847506,6.542718,13.346154,14.977993,142.7208
1403636596.463556,2.169956,6.608006,13.407870,0.269008,-0.003019,-0.001761,1.900948,6.611025,13.409631,15.071080,142.8631
1403636596.513556,2.236698,6.651362,13.479295,0.278823,-0.026819,0.004249,1.957875,6.678181,13.475046,15.166023,142.9926
1403636596.563556,2.305320,6.694171,13.551672,0.290335,-0.050953,0.009751,2.014985,6.745124,13.541921,15.262387,143.2127
1403636596.613555,2.375653,6.736174,13.624755,0.298141,-0.071569,0.013720,2.077512,6.807743,13.611035,15.359743,143.2354
1403636596.663556,2.447636,6.777281,13.698104,0.303690,-0.088955,0.016884,2.143946,6.866236,13.681220,15.456955,143.2210
1403636596.713556,2.521061,6.817251,13.771471,0.307033,-0.102323,0.018312,2.214028,6.919574,13.753159,15.554157,143.3473
1403636596.763556,2.567514,6.828105,13.807581,0.307141,-0.110491,0.018951,2.260373,6.938596,13.788630,15.600632,108.1263
1403636596.813555,2.593001,6.836143,13.831256,0.303757,-0.113422,0.018461,2.289244,6.949565,13.812795,15.631072,108.2230
1403636596.863556,2.620143,6.835260,13.870567,0.296365,-0.110990,0.017643,2.323778,6.946250,13.852924,15.670157,108.6966
1403636596.913556,2.649441,6.833544,13.924369,0.284873,-0.104191,0.016295,2.364568,6.937735,13.908074,15.721255,108.7587
1403636596.963556,2.680961,6.830810,13.991423,0.269525,-0.093101,0.014702,2.411436,6.923911,13.976721,15.783038,108.8292
1403636597.013556,2.713562,6.827334,14.070490,0.250492,-0.078980,0.012739,2.463070,6.906314,14.057751,15.855102,108.9147
1403636597.063556,2.730269,6.824945,14.115372,0.228858,-0.062532,0.010150,2.501411,6.887477,14.105222,15.895021,109.1844
1403636597.113555,2.739302,6.822984,14.145357,0.204596,-0.044447,0.007611,2.534706,6.867431,14.137746,15.920497,109.3505
1403636597.163556,2.751191,6.819227,14.191676,0.178386,-0.025348,0.005974,2.572805,6.844575,14.185702,15.959376,109.4678
1403636597.213556,2.758411,6.816642,14.222383,0.150364,-0.005371,0.005990,2.608047,6.822013,14.216393,15.982728,109.6654
1403636597.263556,2.767925,6.812331,14.269799,0.120865,0.014535,0.007644,2.647060,6.797796,14.262155,16.019552,109.8271
1403636597.313555,2.779235,6.806559,14.331506,0.090428,0.033730,0.009656,2.688807,6.772829,14.321850,16.069110,109.9623
1403636597.363556,2.792163,6.799607,14.406619,0.058825,0.051541,0.012180,2.733338,6.748066,14.394439,16.130945,110.1166
1403636597.413556,2.805831,6.791112,14.493215,0.027650,0.067806,0.014149,2.778181,6.723306,14.479066,16.203842,110.2874
1403636597.463556,2.819921,6.781220,14.590472,-0.002507,0.081387,0.015812,2.822428,6.699833,14.574660,16.287252,110.5357
1403636597.513556,2.833686,6.769683,14.697292,-0.030056,0.091449,0.016881,2.863742,6.678234,14.680411,16.380302,110.7767
1403636597.563556,2.846991,6.756491,14.812650,-0.054616,0.097215,0.017216,2.901607,6.659276,14.795434,16.482419,111.0552
1403636597.613555,2.859318,6.741661,14.935949,-0.075010,0.098188,0.016946,2.934328,6.643473,14.919003,16.592850,111.6970
1403636597.663556,2.871005,6.725098,15.066261,-0.090684,0.094553,0.016134,2.961689,6.630545,15.050127,16.710537,112.1813
1403636597.713556,2.882404,6.707083,15.203122,-0.101357,0.086792,0.015183,2.983761,6.620291,15.187939,16.834625,112.6703
1403636597.763556,2.893697,6.687407,15.345811,-0.106650,0.075754,0.014354,3.000347,6.611653,15.331457,16.963773,113.2426
1403636597.813555,2.905467,6.666304,15.493561,-0.106652,0.062628,0.013797,3.012119,6.603676,15.479764,17.096914,113.5234
1403636597.863556,2.918224,6.643870,15.645611,-0.101587,0.048883,0.013173,3.019811,6.594987,15.632438,17.233289,113.9464
1403636597.913556,2.931699,6.620348,15.801533,-0.091907,0.034963,0.012487,3.023606,6.585385,15.789046,17.372492,114.0575
1403636597.963556,2.946622,6.596406,15.960751,-0.078568,0.021505,0.011425,3.025190,6.574901,15.949326,17.514625,114.0782
1403636598.013556,2.962460,6.571976,16.123066,-0.061944,0.008523,0.010106,3.024404,6.563453,16.112960,17.659371,114.2031
1403636598.063556,2.979645,6.547663,16.287618,-0.043451,-0.003582,0.007894,3.023096,6.551245,16.279724,17.806946,114.2619
1403636598.113555,2.998087,6.523539,16.454603,-0.022901,-0.014606,0.004853,3.020988,6.538145,16.449750,17.957394,114.2774
1403636598.163556,3.009711,6.512925,16.539002,-0.002158,-0.023518,0.001041,3.011869,6.536443,16.537961,18.036091,114.2680
1403636598.213556,3.022269,6.512988,16.587333,0.017864,-0.030079,-0.004167,3.004405,6.543067,16.591500,18.086350,114.3352
1403636598.263556,3.037662,6.521107,16.621201,0.035863,-0.034351,-0.010487,3.001799,6.555458,16.631688,18.127269,114.4456
1403636598.313555,3.055927,6.537566,16.653714,0.050711,-0.036127,-0.017425,3.005216,6.573693,16.671139,18.170626,114.5350
1403636598.363556,3.075859,6.560621,16.693534,0.061643,-0.035025,-0.024339,3.014216,6.595646,16.717873,18.222934,114.5903
1403636598.413556,3.093105,6.586558,16.745737,0.068154,-0.031631,-0.031866,3.024951,6.618189,16.777603,18.287666,114.5812
1403636598.463556,3.097564,6.595757,16.807765,0.069917,-0.026103,-0.039409,3.027647,6.621860,16.847174,18.353282,114.5778
1403636598.513556,3.088546,6.590171,16.864403,0.066774,-0.018820,-0.046682,3.021772,6.608991,16.911085,18.406376,114.6702
1403636598.563556,3.071336,6.575359,16.915957,0.059171,-0.010106,-0.053050,3.012165,6.585465,16.969007,18.449626,114.7838
1403636598.613555,3.049112,6.554566,16.961451,0.048174,-0.000476,-0.059301,3.000938,6.555042,17.020752,18.484594,114.9360
1403636598.663556,3.023890,6.530894,17.000814,0.034692,0.009652,-0.065407,2.989198,6.521242,17.066221,18.512639,115.0722
1403636598.713556,2.996439,6.505294,17.037286,0.019873,0.019638,-0.072693,2.976566,6.485656,17.109979,18.538475,115.1766
1403636598.763556,2.969419,6.475951,17.078820,0.004624,0.029240,-0.081031,2.964795,6.446711,17.159851,18.569076,115.3840
1403636598.813555,2.941278,6.443082,17.123483,-0.010131,0.038295,-0.090657,2.951409,6.404787,17.214140,18.602654,115.5806
1403636598.863556,2.909767,6.410534,17.172819,-0.024303,0.047417,-0.101187,2.934070,6.363117,17.274006,18.641066,115.6724
1403636598.913556,2.880335,6.384680,17.236130,-0.037446,0.055863,-0.112546,2.917781,6.328817,17.348676,18.696094,115.5524
1403636598.963556,2.851169,6.352662,17.305508,-0.049419,0.063883,-0.124124,2.900588,6.288779,17.429632,18.755112,115.5794
1403636599.013556,2.822461,6.313181,17.378656,-0.059794,0.070583,-0.135590,2.882255,6.242598,17.514246,18.815585,115.6606
1403636599.063556,2.792900,6.270191,17.458057,-0.069115,0.076056,-0.145339,2.862015,6.194135,17.603396,18.879565,115.6606
1403636599.113555,2.772646,6.243029,17.551750,-0.076961,0.080582,-0.153553,2.849607,6.162447,17.705303,18.962430,115.6695
1403636599.163556,2.745719,6.207288,17.646252,-0.083872,0.084299,-0.159619,2.829591,6.122989,17.805871,19.040657,115.6328
1403636599.213556,2.725012,6.193960,17.749306,-0.090689,0.087857,-0.164395,2.815701,6.106103,17.913701,19.134089,115.2327
1403636599.263556,2.705246,6.187975,17.860496,-0.097448,0.090792,-0.168508,2.802694,6.097183,18.029004,19.237352,114.9511
1403636599.313555,2.692443,6.182815,17.979996,-0.103274,0.093462,-0.172494,2.795717,6.089353,18.152490,19.349655,114.7593
1403636599.363556,2.677755,6.157705,18.098257,-0.108747,0.095951,-0.176765,2.786502,6.061754,18.275022,19.454714,114.7219
1403636599.413556,2.655748,6.111702,18.202287,-0.113574,0.098232,-0.181446,2.769322,6.013470,18.383733,19.539514,114.6746
1403636599.463556,2.650303,6.083958,18.316075,-0.117738,0.100338,-0.186403,2.768041,5.983620,18.502478,19.641982,114.6003
1403636599.513556,2.654584,6.064787,18.437630,-0.121142,0.101899,-0.191170,2.775726,5.962888,18.628800,19.755832,114.5722
1403636599.563556,2.646292,6.020434,18.540727,-0.123787,0.103264,-0.195618,2.770079,5.917170,18.736345,19.842804,114.5324
1403636599.613555,2.626499,5.963646,18.631152,-0.125305,0.104394,-0.200229,2.751804,5.859252,18.831381,19.912914,114.5274
1403636599.663556,2.629456,5.930091,18.730315,-0.126236,0.105533,-0.204608,2.755692,5.824558,18.934923,20.001266,114.6287
1403636599.713556,2.636331,5.909758,18.839983,-0.126413,0.106425,-0.207873,2.762744,5.803333,19.047856,20.103041,114.6195
1403636599.763556,2.641428,5.902069,18.898918,-0.125812,0.107424,-0.207849,2.767240,5.794645,19.106767,20.156986,114.6802
1403636599.813555,2.648541,5.891987,18.971053,-0.125285,0.108223,-0.207530,2.773826,5.783764,19.178583,20.222860,114.7029
1403636599.863556,2.666098,5.882104,19.051413,-0.124566,0.108531,-0.207977,2.790664,5.773573,19.259390,20.298918,114.6584
1403636599.913556,2.676405,5.880302,19.097762,-0.123508,0.108830,-0.208419,2.799913,5.771472,19.306181,20.343993,114.7067
1403636599.963556,2.688470,5.875899,19.158135,-0.123356,0.109344,-0.208878,2.811826,5.766555,19.367013,20.401978,164.0060
1403636600.013556,2.711073,5.854729,19.206191,-0.122961,0.109650,-0.209403,2.834034,5.745079,19.415594,20.445121,164.0930
1403636600.063556,2.734651,5.837534,19.228758,-0.122608,0.110509,-0.210641,2.857259,5.727025,19.439399,20.465898,164.0656
1403636600.113555,2.760660,5.820987,19.238633,-0.121974,0.111138,-0.210643,2.882634,5.709849,19.449276,20.474039,163.9263
1403636600.163556,2.792792,5.801084,19.255136,-0.121551,0.111492,-0.210706,2.914343,5.689592,19.465842,20.488628,164.0002
1403636600.213556,2.829774,5.778010,19.278030,-0.121609,0.111037,-0.210900,2.951383,5.666973,19.488930,20.509599,167.3655
1403636600.263556,2.860666,5.756788,19.298903,-0.121521,0.110822,-0.211054,2.982187,5.645966,19.509957,20.528243,137.6822
1403636600.313555,2.871949,5.750994,19.313560,-0.121236,0.110591,-0.211139,2.993185,5.640403,19.524699,20.542327,160.1302
1403636600.363556,2.881550,5.745227,19.346565,-0.121130,0.110490,-0.211225,3.002680,5.634737,19.557790,20.573611,160.1498
1403636600.413556,2.889682,5.739377,19.395923,-0.121035,0.110433,-0.211264,3.010717,5.628944,19.607187,20.620165,160.0060
1403636600.463556,2.897081,5.750736,19.447035,-0.120941,0.110387,-0.211315,3.018022,5.640349,19.658350,20.672994,97.8866
1403636600.513556,2.911456,5.763074,19.508882,-0.120830,0.110586,-0.211238,3.032286,5.652488,19.720120,20.737129,161.3975
1403636600.563556,2.933377,5.778870,19.554475,-0.120884,0.110654,-0.211259,3.054261,5.668216,19.765734,20.788012,161.4298
1403636600.613555,2.946514,5.797160,19.612738,-0.120898,0.110537,-0.211269,3.067412,5.686623,19.824007,20.850370,123.2537
1403636600.663556,2.942226,5.828788,19.663620,-0.120837,0.110664,-0.211262,3.063063,5.718124,19.874882,20.906703,76.7381
1403636600.713556,2.933692,5.865282,19.722337,-0.120810,0.110661,-0.211265,3.054502,5.754621,19.933602,20.971270,76.7938
1403636600.763556,2.921278,5.906471,19.787594,-0.120876,0.110631,-0.211321,3.042154,5.795840,19.998915,21.042886,76.8636
1403636600.813555,2.892854,5.953081,19.846704,-0.120812,0.110753,-0.211308,3.013666,5.842328,20.058012,21.107791,82.0154
1403636600.863556,2.854319,6.002317,19.902330,-0.120812,0.110643,-0.211352,2.975131,5.891674,20.113682,21.168926,140.7530
1403636600.913556,2.842060,6.037309,19.939289,-0.120856,0.110719,-0.211355,2.962916,5.926590,20.150644,21.212067,140.7499
1403636600.963556,2.819511,6.074516,19.977403,-0.120839,0.110638,-0.211373,2.940350,5.963878,20.188776,21.255592,88.3379
1403636601.013556,2.794614,6.117950,20.017936,-0.120788,0.110763,-0.211351,2.915402,6.007187,20.229287,21.302815,88.3395
1403636601.063556,2.769128,6.166512,20.065097,-0.120833,0.110627,-0.211318,2.889961,6.055885,20.276415,21.357870,148.5300
1403636601.113555,2.736377,6.214365,20.120026,-0.120859,0.110741,-0.211324,2.857236,6.103624,20.331350,21.419192,148.5195
1403636601.163556,2.702412,6.259840,20.187859,-0.120869,0.110644,-0.211311,2.823281,6.149196,20.399170,21.492084,177.0610
1403636601.213556,2.663043,6.303509,20.255238,-0.120896,0.110688,-0.211271,2.783939,6.192821,20.466509,21.563379,143.7816
1403636601.263556,2.647218,6.332340,20.283867,-0.120979,0.110591,-0.211272,2.768197,6.221749,20.495139,21.596847,146.5379
1403636601.313555,2.644744,6.363490,20.299739,-0.120952,0.110700,-0.211192,2.765696,6.252790,20.510931,21.620471,170.8333
1403636601.363556,2.648618,6.399110,20.312986,-0.121043,0.110703,-0.211287,2.769661,6.288407,20.524273,21.643957,170.8156
1403636601.413556,2.648104,6.420639,20.325335,-0.121146,0.110751,-0.211298,2.769250,6.309888,20.536633,21.661873,170.8181
1403636601.463556,2.648688,6.449333,20.349663,-0.121238,0.110724,-0.211283,2.769926,6.338609,20.560946,21.693385,165.5848
1403636601.513556,2.637322,6.461656,20.386379,-0.121274,0.110822,-0.211225,2.758596,6.350834,20.597604,21.730261,78.9919
1403636601.563556,2.621135,6.473946,20.437135,-0.121376,0.110820,-0.211152,2.742511,6.363126,20.648287,21.779865,79.0153
1403636601.613555,2.608821,6.473307,20.497891,-0.121409,0.110844,-0.211141,2.730230,6.362463,20.709032,21.835730,28.8751
1403636601.663556,2.600249,6.476286,20.571432,-0.121470,0.110901,-0.211116,2.721719,6.365385,20.782548,21.905255,118.0004
1403636601.713556,2.599575,6.485259,20.644749,-0.121445,0.110879,-0.211144,2.721020,6.374380,20.855893,21.977373,118.1026
1403636601.763556,2.607254,6.504721,20.683240,-0.121501,0.110867,-0.211121,2.728755,6.393854,20.894361,22.020486,118.2825
1403636601.813555,2.621234,6.528558,20.724942,-0.121543,0.110812,-0.211239,2.742777,6.417746,20.936181,22.068846,135.6885
1403636601.863556,2.645842,6.538203,20.754284,-0.121621,0.110819,-0.211244,2.767463,6.427384,20.965528,22.102568,135.7606
1403636601.913556,2.663537,6.539351,20.773458,-0.121653,0.110824,-0.211258,2.785190,6.428527,20.984716,22.123326,135.9195
1403636601.963556,2.675617,6.538473,20.789368,-0.121667,0.110831,-0.211240,2.797284,6.427642,21.000608,22.139669,135.9840
1403636602.013556,2.693220,6.532448,20.818725,-0.121660,0.110834,-0.211182,2.814880,6.421614,21.029907,22.167942,164.2543
1403636602.063556,2.703208,6.523860,20.862390,-0.121615,0.110877,-0.211075,2.824823,6.412983,21.073465,22.208037,164.1856
1403636602.113555,2.706344,6.512930,20.918932,-0.121667,0.110859,-0.211096,2.828011,6.402071,21.130028,22.258981,164.2071
1403636602.163556,2.703313,6.499876,20.987029,-0.121672,0.110953,-0.211091,2.824985,6.388923,21.198120,22.319479,123.9032
1403636602.213556,2.714195,6.470996,21.052905,-0.121698,0.110947,-0.211089,2.835893,6.360049,21.263994,22.375208,149.2305
1403636602.263556,2.723083,6.437538,21.128618,-0.121632,0.111073,-0.211090,2.844715,6.326465,21.339708,22.438799,149.1883
1403636602.313555,2.731661,6.409683,21.169087,-0.121653,0.111018,-0.211107,2.853314,6.298665,21.380194,22.470587,149.1299
1403636602.363556,2.729806,6.379723,21.195869,-0.121647,0.111022,-0.211123,2.851453,6.268701,21.406992,22.487479,171.4487
1403636602.413556,2.719605,6.348178,21.231843,-0.121677,0.110947,-0.211141,2.841282,6.237231,21.442984,22.511719,126.5085
1403636602.463556,2.704641,6.326664,21.269878,-0.121705,0.110931,-0.211124,2.826346,6.215733,21.481002,22.540120,126.5655
1403636602.513556,2.681000,6.315776,21.293306,-0.121648,0.110884,-0.211087,2.802648,6.204892,21.504393,22.556472,145.6701
1403636602.563556,2.657384,6.300047,21.316745,-0.121655,0.110883,-0.211132,2.779039,6.189164,21.527877,22.571626,145.5696
1403636602.613555,2.645784,6.290009,21.328570,-0.121619,0.110900,-0.211156,2.767403,6.179109,21.539726,22.578745,101.9052
1403636602.663556,2.626091,6.277626,21.350228,-0.121619,0.110915,-0.211182,2.747710,6.166711,21.561410,22.593641,101.8297
1403636602.713556,2.599155,6.263022,21.380712,-0.121615,0.110901,-0.211182,2.720770,6.152121,21.591894,22.615505,126.1435
1403636602.763556,2.587281,6.255254,21.405085,-0.121610,0.110906,-0.211126,2.708891,6.144348,21.616211,22.635187,112.6783
1403636602.813555,2.585606,6.250028,21.424215,-0.121551,0.110904,-0.211198,2.707157,6.139124,21.635413,22.651901,152.7729
1403636602.863556,2.588658,6.245474,21.442568,-0.121501,0.110893,-0.211228,2.710159,6.134581,21.653796,22.668589,152.8404
1403636602.913556,2.595937,6.241496,21.460228,-0.121409,0.110917,-0.211245,2.717346,6.130579,21.671473,22.685254,119.2242
1403636602.963556,2.593728,6.238693,21.481470,-0.121371,0.110926,-0.211215,2.715099,6.127767,21.692685,22.704490,46.7640
1403636603.013556,2.586394,6.240988,21.517309,-0.121382,0.110961,-0.211199,2.707776,6.130027,21.728508,22.738455,46.7921
1403636603.063556,2.570839,6.251807,21.563342,-0.121410,0.110932,-0.211135,2.692249,6.140875,21.774477,22.783468,106.0574
1403636603.113555,2.558852,6.268615,21.623016,-0.121432,0.110963,-0.211163,2.680284,6.157652,21.834179,22.843642,106.0783
1403636603.163556,2.561246,6.283295,21.662143,-0.121410,0.110921,-0.211088,2.682656,6.172374,21.873231,22.885215,88.2862
1403636603.213556,2.568701,6.276512,21.696293,-0.121415,0.110913,-0.211116,2.690116,6.165599,21.907409,22.916935,173.1317
1403636603.263556,2.587092,6.261714,21.731048,-0.121439,0.110897,-0.211113,2.708531,6.150817,21.942161,22.948358,103.2261
1403636603.313555,2.615032,6.248480,21.771275,-0.121469,0.110918,-0.211117,2.736501,6.137562,21.982392,22.986597,80.5543
1403636603.363556,2.624198,6.239408,21.808466,-0.121495,0.110940,-0.211106,2.745693,6.128468,22.019572,23.020828,80.5862
1403636603.413556,2.631604,6.226417,21.841206,-0.121528,0.111021,-0.211090,2.753132,6.115396,22.052296,23.049546,97.9642
1403636603.463556,2.630626,6.219868,21.884202,-0.121541,0.111042,-0.211096,2.752167,6.108826,22.095298,23.088837,112.3105
1403636603.513556,2.623898,6.221064,21.929158,-0.121520,0.111072,-0.211044,2.745418,6.109992,22.140202,23.131318,112.3432
1403636603.563556,2.611969,6.229200,21.975898,-0.121527,0.111102,-0.211091,2.733496,6.118098,22.186989,23.176833,112.3785
1403636603.613555,2.595411,6.243618,22.024210,-0.121534,0.111080,-0.211044,2.716945,6.132538,22.235254,23.224908,160.5991
1403636603.663556,2.586778,6.259196,22.070432,-0.121552,0.111070,-0.211082,2.708330,6.148126,22.281514,23.272309,158.5507
1403636603.713556,2.591942,6.271282,22.099979,-0.121523,0.111051,-0.211069,2.713465,6.160231,22.311048,23.304382,158.4812
1403636603.763556,2.599682,6.275420,22.122551,-0.121503,0.111041,-0.211051,2.721185,6.164379,22.333602,23.327971,158.4101
1403636603.813555,2.612194,6.281801,22.140404,-0.121473,0.111025,-0.211109,2.733667,6.170776,22.351513,23.348266,135.5073
1403636603.863556,2.630486,6.296865,22.158870,-0.121491,0.111004,-0.211106,2.751977,6.185861,22.369976,23.372079,173.7609
1403636603.913556,2.648245,6.315758,22.193605,-0.121462,0.110969,-0.211141,2.769707,6.204789,22.404746,23.412461,128.2436
1403636603.963556,2.665078,6.326346,22.242343,-0.121483,0.111010,-0.211112,2.786561,6.215336,22.453455,23.463865,146.7424
1403636604.013556,2.670839,6.335474,22.299300,-0.121481,0.110944,-0.211115,2.792320,6.224530,22.510415,23.521493,146.7879
1403636604.063556,2.662013,6.326469,22.344871,-0.121479,0.110969,-0.211070,2.783492,6.215500,22.555941,23.561638,146.7963
1403636604.113555,2.644644,6.317998,22.398948,-0.121499,0.110938,-0.211141,2.766143,6.207060,22.610089,23.609220,146.8312
1403636604.163556,2.618725,6.297456,22.449311,-0.121470,0.110962,-0.211140,2.740195,6.186494,22.660451,23.649047,146.8476
1403636604.213556,2.611023,6.279046,22.492847,-0.121497,0.110945,-0.211144,2.732520,6.168101,22.703991,23.685087,146.8826
1403636604.263556,2.604356,6.269637,22.519193,-0.121519,0.110958,-0.211125,2.725875,6.158679,22.730318,23.707111,146.9183
1403636604.313555,2.588920,6.260814,22.555881,-0.121543,0.110948,-0.211100,2.710463,6.149866,22.766981,23.738215,146.9602
1403636604.363556,2.565587,6.252464,22.601802,-0.121552,0.110961,-0.211073,2.687139,6.141503,22.812875,23.777427,157.7586
1403636604.413556,2.553303,6.234866,22.626806,-0.121552,0.110955,-0.211046,2.674855,6.123911,22.837852,23.795475,121.9106
1403636604.463556,2.554592,6.222576,22.653785,-0.121527,0.110972,-0.211022,2.676119,6.111604,22.864807,23.818328,121.9082
1403636604.513556,2.557094,6.217036,22.673383,-0.121560,0.110983,-0.211022,2.678654,6.106053,22.884405,23.836003,121.9023
1403636604.563556,2.557635,6.209853,22.694717,-0.121565,0.111014,-0.211002,2.679200,6.098839,22.905719,23.854684,99.2630
1403636604.613555,2.571175,6.209889,22.712951,-0.121596,0.111047,-0.211076,2.692771,6.098842,22.924027,23.873791,145.2546
1403636604.663556,2.594885,6.209398,22.732666,-0.121595,0.111064,-0.211098,2.716480,6.098334,22.943764,23.895298,155.0724
1403636604.713556,2.620781,6.206053,22.768647,-0.121593,0.111088,-0.211127,2.742374,6.094965,22.979774,23.931971,155.0073
1403636604.763556,2.636862,6.196156,22.794044,-0.121576,0.111090,-0.211143,2.758438,6.085066,23.005187,23.955702,176.3222
1403636604.813555,2.652423,6.185736,22.823580,-0.121528,0.111088,-0.211085,2.773951,6.074648,23.034665,23.983160,153.6194
1403636604.863556,2.669430,6.169538,22.853599,-0.121536,0.111047,-0.211122,2.790966,6.058491,23.064721,24.009918,153.6467
1403636604.913556,2.678339,6.156582,22.867765,-0.121535,0.111010,-0.211105,2.799874,6.045572,23.078870,24.021292,142.5961
1403636604.963556,2.682413,6.139049,22.883533,-0.121492,0.110966,-0.211106,2.803905,6.028083,23.094639,24.032520,142.5041
1403636605.013556,2.682114,6.117421,22.900729,-0.121436,0.110943,-0.211099,2.803550,6.006478,23.111828,24.043591,142.4240
1403636605.063556,2.676107,6.097671,22.907254,-0.121404,0.110946,-0.211128,2.797511,5.986725,23.118382,24.044262,142.3431
1403636605.113555,2.666725,6.074032,22.916161,-0.121385,0.111004,-0.211154,2.788110,5.963028,23.127315,24.045872,98.3187
1403636605.163556,2.649448,6.057115,22.935421,-0.121400,0.111019,-0.211158,2.770848,5.946096,23.146579,24.058217,98.2948
1403636605.213556,2.625091,6.046164,22.964060,-0.121439,0.111046,-0.211143,2.746530,5.935118,23.175203,24.080263,98.2032
1403636605.263556,2.594374,6.040609,23.001166,-0.121470,0.111046,-0.211139,2.715844,5.929563,23.212305,24.111130,98.1788
1403636605.313555,2.578986,6.039757,23.026602,-0.121468,0.111092,-0.211101,2.700454,5.928665,23.237703,24.133636,138.9876
1403636605.363556,2.571813,6.043478,23.040062,-0.121496,0.111076,-0.211175,2.693309,5.932402,23.251237,24.146787,132.0911
1403636605.413556,2.566141,6.045726,23.056747,-0.121506,0.111071,-0.211161,2.687647,5.934655,23.267908,24.162764,158.6423
1403636605.463556,2.569438,6.054961,23.069455,-0.121528,0.111061,-0.211146,2.690966,5.943900,23.280601,24.177626,158.7203
1403636605.513556,2.579574,6.070070,23.090525,-0.121546,0.111054,-0.211149,2.701120,5.959016,23.301674,24.202767,158.7964
1403636605.563556,2.600526,6.086584,23.107988,-0.121551,0.111037,-0.211096,2.722077,5.975547,23.319084,24.225948,124.1504
1403636605.613555,2.613168,6.102232,23.131378,-0.121564,0.111021,-0.211113,2.734732,5.991211,23.342491,24.253768,124.1168
1403636605.663556,2.634164,6.118447,23.161517,-0.121555,0.110985,-0.211088,2.755719,6.007462,23.372605,24.289139,124.0863
1403636605.713556,2.662670,6.135205,23.197765,-0.121536,0.110968,-0.211083,2.784206,6.024237,23.408848,24.331408,124.0555
1403636605.763556,2.699281,6.157579,23.225456,-0.121503,0.110979,-0.211088,2.820784,6.046600,23.436544,24.367803,52.6848
1403636605.813555,2.725930,6.159630,23.260862,-0.121461,0.111004,-0.211090,2.847391,6.048626,23.471952,24.405451,82.4904
1403636605.863556,2.746053,6.149582,23.305805,-0.121430,0.111015,-0.211113,2.867483,6.038567,23.516918,24.448562,54.6141
1403636605.913556,2.771911,6.142467,23.362040,-0.121400,0.111017,-0.211121,2.893311,6.031450,23.573161,24.503950,78.6897
1403636605.963556,2.771848,6.142066,23.404661,-0.121384,0.111013,-0.211114,2.893232,6.031053,23.615775,24.544841,78.6515
1403636606.013556,2.765994,6.140372,23.433996,-0.121367,0.111016,-0.211089,2.887361,6.029356,23.645085,24.571936,78.6114
1403636606.063556,2.762251,6.140673,23.479410,-0.121357,0.110985,-0.211138,2.883608,6.029688,23.690548,24.615329,78.5619
1403636606.113555,2.755529,6.142513,23.539374,-0.121343,0.110963,-0.211143,2.876872,6.031550,23.750517,24.672718,78.5631
1403636606.163556,2.743716,6.141179,23.576777,-0.121305,0.110944,-0.211188,2.865021,6.030235,23.787965,24.707071,78.5719
1403636606.213556,2.729679,6.141569,23.629534,-0.121263,0.110929,-0.211212,2.850942,6.030640,23.840746,24.756366,64.3087
1403636606.263556,2.711149,6.148670,23.691205,-0.121221,0.110964,-0.211224,2.832370,6.037706,23.902429,24.815365,152.9763
1403636606.313555,2.704487,6.154962,23.720526,-0.121196,0.110998,-0.211168,2.825683,6.043964,23.931694,24.844315,153.0254
1403636606.363556,2.696418,6.164536,23.748010,-0.121189,0.110987,-0.211218,2.817607,6.053549,23.959228,24.872253,153.0769
1403636606.413556,2.687122,6.177072,23.773829,-0.121152,0.110944,-0.211236,2.808274,6.066128,23.985065,24.899150,153.1238
1403636606.463556,2.676747,6.192264,23.798122,-0.121113,0.110908,-0.211223,2.797860,6.081356,24.009345,24.925079,153.1184
1403636606.513556,2.665408,6.209870,23.821052,-0.121099,0.110886,-0.211191,2.786507,6.098984,24.032243,24.950169,176.2832
1403636606.563556,2.663576,6.231009,23.851686,-0.121090,0.110918,-0.211172,2.784666,6.120091,24.062858,24.984616,86.9040
1403636606.613555,2.667330,6.238445,23.873725,-0.121084,0.110962,-0.211183,2.788414,6.127483,24.084908,25.008080,86.8034
1403636606.663556,2.677803,6.242179,23.909728,-0.121090,0.110960,-0.211207,2.798893,6.131219,24.120935,25.044863,87.3623
1403636606.713556,2.686033,6.253455,23.957934,-0.121097,0.110971,-0.211145,2.807130,6.142484,24.169079,25.094909,145.4612
1403636606.763556,2.687071,6.252447,23.987633,-0.121126,0.110972,-0.211218,2.808197,6.141475,24.198851,25.123456,145.4640
1403636606.813555,2.679026,6.248478,24.027194,-0.121107,0.110960,-0.211238,2.800133,6.137518,24.238432,25.159719,175.5775
1403636606.863556,2.668034,6.244083,24.063626,-0.121078,0.110963,-0.211248,2.789112,6.133120,24.274874,25.192535,175.6398
1403636606.913556,2.654380,6.239306,24.097215,-0.121049,0.110960,-0.211265,2.775429,6.128346,24.308480,25.222249,131.4761
1403636606.963556,2.649893,6.244586,24.117357,-0.121040,0.110962,-0.211277,2.770933,6.133624,24.328634,25.242461,131.5061
1403636607.013556,2.646198,6.254184,24.127789,-0.121089,0.110957,-0.211265,2.767287,6.143227,24.339054,25.254438,131.5261
1403636607.063556,2.639876,6.270545,24.141640,-0.121087,0.110957,-0.211170,2.760963,6.159588,24.352810,25.270987,131.5869
1403636607.113555,2.631247,6.292964,24.158564,-0.121154,0.110971,-0.211217,2.752401,6.181993,24.369781,25.291876,131.6248
1403636607.163556,2.620549,6.320859,24.178250,-0.121193,0.110998,-0.211184,2.741742,6.209861,24.389434,25.316477,165.7727
1403636607.213556,2.621996,6.340514,24.195987,-0.121240,0.111045,-0.211169,2.743236,6.229469,24.407156,25.338526,121.8972
1403636607.263556,2.624770,6.357214,24.231614,-0.121311,0.111093,-0.211158,2.746081,6.246121,24.442772,25.377235,121.9254
1403636607.313555,2.628757,6.371242,24.283341,-0.121378,0.111112,-0.211107,2.750135,6.260130,24.494448,25.430896,121.9661
1403636607.363556,2.633833,6.382836,24.349555,-0.121459,0.111145,-0.211203,2.755292,6.271691,24.560758,25.498168,121.9849
1403636607.413556,2.639908,6.392214,24.428829,-0.121500,0.111129,-0.211217,2.761408,6.281085,24.640046,25.577515,122.0395
1403636607.463556,2.646034,6.398260,24.474207,-0.121548,0.111113,-0.211136,2.767582,6.287147,24.685343,25.623307,144.7499
1403636607.513556,2.658078,6.396475,24.523143,-0.121598,0.111117,-0.211171,2.779676,6.285358,24.734314,25.671358,144.8575
1403636607.563556,2.675429,6.387641,24.575266,-0.121617,0.111147,-0.211145,2.797046,6.276494,24.786411,25.721275,153.8096
1403636607.613555,2.687903,6.367441,24.608934,-0.121597,0.111175,-0.211113,2.809500,6.256266,24.820047,25.750124,153.8189
1403636607.663556,2.703156,6.347338,24.640330,-0.121573,0.111175,-0.211092,2.824729,6.236163,24.851422,25.777160,125.2100
1403636607.713556,2.725803,6.327767,24.674541,-0.121541,0.111160,-0.211080,2.847344,6.216607,24.885621,25.807900,125.3345
1403636607.763556,2.747737,6.312234,24.689443,-0.121531,0.111156,-0.211070,2.869268,6.201078,24.900513,25.820953,125.4162
1403636607.813555,2.776385,6.296750,24.708773,-0.121516,0.111164,-0.211097,2.897901,6.185586,24.919870,25.839103,125.5016
1403636607.863556,2.811093,6.281340,24.732064,-0.121497,0.111151,-0.211137,2.932590,6.170189,24.943201,25.861837,167.3511
1403636607.913556,2.836935,6.266671,24.740275,-0.121466,0.111121,-0.211178,2.958401,6.155550,24.951453,25.869247,167.2886
1403636607.963556,2.847744,6.259109,24.742624,-0.121409,0.111096,-0.211203,2.969153,6.148013,24.953827,25.870976,167.3506
1403636608.013556,2.855010,6.254982,24.746215,-0.121356,0.111058,-0.211203,2.976366,6.143924,24.957418,25.874298,167.3140
1403636608.063556,2.859135,6.253173,24.747759,-0.121298,0.111054,-0.211143,2.980433,6.142119,24.958902,25.875769,167.2742
1403636608.113555,2.860872,6.252215,24.748664,-0.121264,0.111056,-0.211184,2.982136,6.141159,24.959848,25.876649,167.2358
1403636608.163556,2.860296,6.251314,24.749741,-0.121238,0.111043,-0.211173,2.981534,6.140271,24.960914,25.877397,161.0366
1403636608.213556,2.857687,6.255172,24.754838,-0.121209,0.111019,-0.211180,2.978896,6.144153,24.966018,25.882938,161.0041
1403636608.263556,2.854859,6.261426,24.762075,-0.121189,0.110993,-0.211198,2.976048,6.150433,24.973273,25.891100,160.9764
1403636608.313555,2.850689,6.266599,24.774051,-0.121167,0.111006,-0.211212,2.971856,6.155593,24.985263,25.903410,160.9352
1403636608.363556,2.841745,6.279630,24.793931,-0.121157,0.111025,-0.211236,2.962902,6.168605,25.005167,25.924676,158.7005
1403636608.413556,2.825565,6.295060,24.826058,-0.121173,0.111030,-0.211250,2.946738,6.184030,25.037308,25.957510,163.9799
1403636608.463556,2.811340,6.301936,24.871865,-0.121197,0.111013,-0.211275,2.932537,6.190923,25.083140,26.001754,164.0167
1403636608.513556,2.798878,6.301070,24.929983,-0.121216,0.110995,-0.211229,2.920094,6.190075,25.141212,26.056180,164.0469
1403636608.563556,2.788004,6.293210,24.999157,-0.121273,0.110968,-0.211279,2.909277,6.182242,25.210436,26.119917,166.0706
1403636608.613555,2.774973,6.279200,25.065046,-0.121296,0.110974,-0.211251,2.896269,6.168226,25.276297,26.178743,136.9284
1403636608.663556,2.759656,6.272601,25.127277,-0.121283,0.110983,-0.211228,2.880939,6.161618,25.338505,26.235571,95.0444
1403636608.713556,2.761469,6.287561,25.171115,-0.121293,0.110991,-0.211186,2.882762,6.176570,25.382301,26.281582,163.8632
1403636608.763556,2.769928,6.310404,25.200470,-0.121308,0.111004,-0.211141,2.891236,6.199400,25.411611,26.316189,163.9419
1403636608.813555,2.784766,6.335911,25.241403,-0.121322,0.111024,-0.211069,2.906088,6.224887,25.452472,26.363287,174.2083
1403636608.863556,2.788599,6.342686,25.282340,-0.121379,0.111026,-0.211135,2.909978,6.231660,25.493475,26.404902,123.3010
1403636608.913556,2.778793,6.334523,25.322138,-0.121364,0.111048,-0.211144,2.900157,6.223475,25.533282,26.440330,75.6315
1403636608.963556,2.769485,6.325184,25.347169,-0.121311,0.111099,-0.211149,2.890796,6.214085,25.558318,26.461277,75.5492
1403636609.013556,2.761312,6.317118,25.366214,-0.121260,0.111159,-0.211175,2.882572,6.205959,25.577389,26.476896,75.4587
1403636609.063556,2.759298,6.305692,25.380350,-0.121244,0.111171,-0.211195,2.880542,6.194521,25.591545,26.487672,75.3698
1403636609.113555,2.765163,6.287810,25.394425,-0.121258,0.111150,-0.211208,2.886421,6.176660,25.605633,26.497755,83.3604
1403636609.163556,2.774188,6.276109,25.406456,-0.121252,0.111122,-0.211194,2.895440,6.164987,25.617650,26.507633,91.4727
1403636609.213556,2.790336,6.269934,25.430978,-0.121237,0.111114,-0.211194,2.911573,6.158820,25.642172,26.531666,163.2465
1403636609.263556,2.810567,6.259885,25.456225,-0.121207,0.111107,-0.211170,2.931774,6.148778,25.667395,26.555940,134.5402
1403636609.313555,2.815997,6.255942,25.470786,-0.121197,0.111121,-0.211231,2.937194,6.144821,25.682017,26.569756,134.5404
1403636609.363556,2.813877,6.249576,25.487442,-0.121198,0.111108,-0.211226,2.935075,6.138468,25.698668,26.584149,117.3237
1403636609.413556,2.802387,6.246286,25.511734,-0.121221,0.111084,-0.211213,2.923608,6.135202,25.722947,26.605605,117.2740
1403636609.463556,2.795816,6.245734,25.531195,-0.121221,0.111048,-0.211212,2.917037,6.134686,25.742407,26.623580,129.8894
1403636609.513556,2.783580,6.238826,25.554552,-0.121205,0.111018,-0.211227,2.904785,6.127808,25.765779,26.643258,79.7460
1403636609.563556,2.764675,6.232771,25.591504,-0.121168,0.111007,-0.211190,2.885843,6.121764,25.802694,26.675515,79.7110
1403636609.613555,2.759145,6.226693,25.624568,-0.121168,0.111019,-0.211243,2.880313,6.115674,25.835811,26.705558,79.6829
1403636609.663556,2.746022,6.223818,25.647479,-0.121146,0.111017,-0.211213,2.867168,6.112801,25.858692,26.725623,134.2861
1403636609.713556,2.735835,6.213674,25.663221,-0.121160,0.111029,-0.211161,2.856995,6.102645,25.874382,26.737396,134.2634
1403636609.763556,2.728129,6.196342,25.685197,-0.121170,0.110986,-0.211101,2.849299,6.085356,25.896298,26.753847,134.1231
1403636609.813555,2.720644,6.188176,25.703235,-0.121137,0.110962,-0.211122,2.841781,6.077214,25.914357,26.768679,134.0793
1403636609.863556,2.714145,6.182029,25.717369,-0.121146,0.110959,-0.211125,2.835291,6.071070,25.928494,26.780284,133.9292
1403636609.913556,2.697858,6.176807,25.733055,-0.121129,0.110927,-0.211194,2.818987,6.065880,25.944249,26.792641,54.5195
1403636609.963556,2.678035,6.164400,25.756114,-0.121127,0.110948,-0.211256,2.799162,6.053452,25.967370,26.810145,54.4950
1403636610.013556,2.671118,6.155492,25.792998,-0.121180,0.110949,-0.211228,2.792298,6.044543,26.004226,26.843122,54.5023
1403636610.063556,2.651485,6.151332,25.827494,-0.121218,0.110920,-0.211206,2.772703,6.040412,26.038700,26.873562,54.9164
1403636610.113555,2.621701,6.151161,25.863096,-0.121274,0.110884,-0.211192,2.742975,6.040277,26.074288,26.904969,50.6648
1403636610.163556,2.602454,6.157249,25.889537,-0.121294,0.110901,-0.211132,2.723748,6.046348,26.100669,26.929947,83.2112
1403636610.213556,2.593276,6.167525,25.926182,-0.121320,0.110923,-0.211155,2.714596,6.056602,26.137337,26.966866,83.3411
1403636610.263556,2.587407,6.180138,25.950251,-0.121306,0.111012,-0.211171,2.708713,6.069126,26.161422,26.992432,83.4409
1403636610.313555,2.596240,6.196064,25.981836,-0.121277,0.111022,-0.211145,2.717517,6.085042,26.192981,27.027484,83.5141
1403636610.363556,2.612272,6.215143,26.022996,-0.121251,0.111055,-0.211178,2.733523,6.104088,26.234174,27.073306,83.6006
1403636610.413556,2.634886,6.237079,26.072852,-0.121281,0.111085,-0.211223,2.756167,6.125994,26.284075,27.128894,83.7266
1403636610.463556,2.663455,6.261718,26.130465,-0.121297,0.111100,-0.211255,2.784752,6.150618,26.341720,27.193219,83.8257
1403636610.513556,2.704095,6.292012,26.185435,-0.121272,0.111107,-0.211310,2.825367,6.180905,26.396745,27.257557,145.6203
1403636610.563556,2.748270,6.320237,26.251125,-0.121324,0.111105,-0.211270,2.869594,6.209132,26.462395,27.332146,162.9270
1403636610.613555,2.794238,6.340177,26.314693,-0.121307,0.111058,-0.211333,2.915545,6.229119,26.526026,27.403145,162.8244
1403636610.663556,2.841800,6.352668,26.376355,-0.121304,0.110995,-0.211366,2.963104,6.241673,26.587721,27.470810,162.7154
1403636610.713556,2.890775,6.358457,26.436318,-0.121261,0.110914,-0.211410,3.012036,6.247543,26.647728,27.535533,103.8812
1403636610.763556,2.910266,6.366980,26.494915,-0.121176,0.110826,-0.211569,3.031442,6.256154,26.706484,27.596474,103.6214
1403636610.813555,2.931822,6.364263,26.528906,-0.121076,0.110847,-0.211638,3.052898,6.253416,26.740544,27.631180,93.1925
1403636610.863556,2.955875,6.357338,26.548693,-0.120744,0.110781,-0.211670,3.076619,6.246557,26.760363,27.651439,147.1515
1403636610.913556,2.974846,6.358892,26.562248,-0.120733,0.110872,-0.211683,3.095579,6.248020,26.773931,27.667015,147.2183
1403636610.963556,2.986150,6.360342,26.572548,-0.120689,0.110720,-0.211711,3.106839,6.249622,26.784259,27.678633,147.2818
1403636611.013556,2.998913,6.355639,26.577807,-0.120825,0.110733,-0.211648,3.119738,6.244906,26.789455,27.684048,144.1315
1403636611.063556,3.012506,6.342177,26.589818,-0.120735,0.110716,-0.211688,3.133241,6.231461,26.801506,27.694206,144.0324
1403636611.113555,3.026705,6.320697,26.607934,-0.120768,0.110757,-0.211688,3.147473,6.209940,26.819622,27.708520,94.1213
1403636611.163556,3.029357,6.311706,26.622433,-0.120643,0.110801,-0.211704,3.150000,6.200905,26.834137,27.720834,155.1160
1403636611.213556,3.028555,6.306410,26.636480,-0.120625,0.110868,-0.211699,3.149180,6.195542,26.848179,27.733136,155.0278
1403636611.263556,3.027664,6.303296,26.644163,-0.120716,0.110824,-0.211650,3.148380,6.192472,26.855813,27.739749,154.1492
1403636611.313555,3.029275,6.304164,26.652570,-0.120796,0.110857,-0.211572,3.150071,6.193307,26.864142,27.748191,154.1672
1403636611.363556,3.034600,6.307515,26.660517,-0.120837,0.110534,-0.211564,3.155437,6.196981,26.872081,27.757307,154.1776
1403636611.413556,3.036080,6.315908,26.668942,-0.120834,0.110718,-0.211430,3.156914,6.205190,26.880372,27.767335,95.5581
1403636611.463556,3.043876,6.322948,26.694066,-0.120609,0.111049,-0.211762,3.164485,6.211899,26.905828,27.794339,25.1916
1403636611.513556,3.046648,6.325818,26.716281,-0.120502,0.111503,-0.211579,3.167150,6.214315,26.927860,27.816510,88.7511
1403636611.563556,3.047081,6.337859,26.747457,-0.120619,0.111260,-0.211725,3.167700,6.226599,26.959182,27.849638,145.4238
1403636611.613555,3.037937,6.346401,26.783866,-0.120760,0.111317,-0.211742,3.158697,6.235084,26.995608,27.885776,145.3601
1403636611.663556,3.020290,6.352104,26.825703,-0.120801,0.111166,-0.211881,3.141091,6.240938,27.037584,27.925736,179.1531
1403636611.713556,3.004915,6.357732,26.863203,-0.120746,0.111403,-0.211856,3.125661,6.246329,27.075059,27.961495,179.1774
1403636611.763556,2.990852,6.362803,26.896977,-0.120770,0.111232,-0.211921,3.111622,6.251571,27.108898,27.993869,133.9832
1403636611.813555,2.987467,6.370798,26.938141,-0.120732,0.111184,-0.211951,3.108199,6.259614,27.150092,28.035177,121.0552
1403636611.863556,3.000127,6.376606,26.975224,-0.120761,0.111478,-0.211796,3.120888,6.265128,27.187020,28.073579,121.0958
1403636611.913556,3.018852,6.386696,27.014381,-0.120737,0.111389,-0.211820,3.139589,6.275307,27.226201,28.115877,121.1359
1403636611.963556,3.033310,6.395703,27.033187,-0.120906,0.111213,-0.211786,3.154216,6.284490,27.244973,28.137741,121.1383
1403636612.013556,3.056265,6.404037,27.047913,-0.120989,0.111187,-0.211733,3.177254,6.292850,27.259646,28.156406,136.2095
1403636612.063556,3.080727,6.422876,27.067796,-0.120821,0.111449,-0.211714,3.201548,6.311427,27.279510,28.182542,136.2790
1403636612.113555,3.106743,6.449769,27.088275,-0.120936,0.111084,-0.211772,3.227679,6.338685,27.300047,28.211512,136.2356
1403636612.163556,3.127321,6.462012,27.105962,-0.121151,0.111106,-0.211780,3.248472,6.350906,27.317742,28.233767,143.9063
1403636612.213556,3.140386,6.461488,27.122900,-0.120992,0.111182,-0.211902,3.261378,6.350306,27.334802,28.251626,170.6672
1403636612.263556,3.144365,6.454921,27.132632,-0.120852,0.112034,-0.211720,3.265217,6.342887,27.344352,28.259644,170.5315
1403636612.313555,3.147628,6.446893,27.139339,-0.120921,0.111200,-0.211891,3.268549,6.335693,27.351230,28.265070,170.4795
1403636612.363556,3.147584,6.432329,27.149387,-0.120870,0.111808,-0.211888,3.268454,6.320521,27.361275,28.271384,170.4256
1403636612.413556,3.144747,6.411152,27.163124,-0.120832,0.111253,-0.211947,3.265579,6.299899,27.375071,28.279803,109.0080
1403636612.463556,3.150156,6.388134,27.171588,-0.120780,0.111688,-0.211868,3.270936,6.276446,27.383456,28.283325,177.4211
1403636612.513556,3.154384,6.362911,27.173508,-0.120909,0.111198,-0.211942,3.275293,6.251713,27.385450,28.280282,177.4327
1403636612.563556,3.157813,6.348138,27.175426,-0.120875,0.111598,-0.211851,3.278688,6.236540,27.387277,28.279094,177.7952
1403636612.613555,3.160827,6.341202,27.179719,-0.120799,0.111449,-0.211837,3.281626,6.229753,27.391556,28.282083,169.0903
1403636612.663556,3.158660,6.337707,27.184161,-0.120798,0.111693,-0.211765,3.279458,6.226014,27.395926,28.285241,150.3076
1403636612.713556,3.162136,6.328797,27.192371,-0.120826,0.111465,-0.211733,3.282962,6.217332,27.404104,28.291659,154.3427
1403636612.763556,3.174495,6.322546,27.206223,-0.120686,0.111735,-0.211712,3.295181,6.210811,27.417935,28.305045,144.0947
1403636612.813555,3.189456,6.319966,27.223569,-0.120777,0.111477,-0.211680,3.310233,6.208489,27.435249,28.323062,163.3564
1403636612.863556,3.201995,6.326678,27.241678,-0.120853,0.111545,-0.211774,3.322848,6.215133,27.453452,28.343628,179.8754
1403636612.913556,3.201312,6.330610,27.272679,-0.120842,0.111622,-0.211775,3.322154,6.218988,27.484454,28.374420,101.6654
1403636612.963556,3.198278,6.326203,27.297617,-0.120888,0.111607,-0.211755,3.319166,6.214596,27.509372,28.397246,168.3127
1403636613.013556,3.192734,6.319451,27.309828,-0.120982,0.111700,-0.211693,3.313716,6.207751,27.521521,28.406883,168.2944
1403636613.063556,3.184510,6.308502,27.315934,-0.121082,0.111558,-0.211617,3.305592,6.196944,27.527551,28.409420,168.3383
1403636613.113555,3.179559,6.299746,27.320537,-0.121163,0.111742,-0.211689,3.300722,6.188004,27.532226,28.411434,168.3338
1403636613.163556,3.170318,6.286504,27.327707,-0.121327,0.111536,-0.211668,3.291645,6.174968,27.539375,28.414474,81.2937
1403636613.213556,3.152783,6.273383,27.347482,-0.121263,0.111703,-0.211655,3.274046,6.161680,27.559137,28.428713,81.2852
1403636613.263556,3.127848,6.260317,27.378645,-0.121202,0.111579,-0.211652,3.249050,6.148738,27.590297,28.453256,81.2539
1403636613.313555,3.096081,6.247277,27.419891,-0.121280,0.111693,-0.211535,3.217361,6.135584,27.631426,28.486707,135.5302
1403636613.363556,3.064128,6.241876,27.460207,-0.121339,0.111516,-0.211595,3.185467,6.130360,27.671802,28.521170,135.6177
1403636613.413556,3.047424,6.242937,27.479381,-0.121334,0.111651,-0.211573,3.168758,6.131286,27.690954,28.538091,119.6922
1403636613.463556,3.024430,6.249638,27.505456,-0.121308,0.111530,-0.211569,3.145738,6.138108,27.717025,28.562309,119.6631
1403636613.513556,2.995846,6.261637,27.537898,-0.121244,0.111670,-0.211511,3.117090,6.149967,27.749409,28.593146,119.6336
1403636613.563556,2.977603,6.270609,27.555593,-0.121140,0.111589,-0.211602,3.098743,6.159020,27.767195,28.610362,139.8818
1403636613.613555,2.963093,6.274432,27.564932,-0.121059,0.111690,-0.211601,3.084152,6.162742,27.776533,28.618651,179.8845
1403636613.663556,2.946272,6.273993,27.573590,-0.121074,0.111549,-0.211620,3.067346,6.162444,27.785210,28.625202,179.8127
1403636613.713556,2.937074,6.271537,27.579559,-0.121065,0.111608,-0.211563,3.058139,6.159929,27.791122,28.629415,179.7464
1403636613.763556,2.924794,6.268361,27.585887,-0.121069,0.111618,-0.211547,3.045863,6.156743,27.797434,28.633549,179.7216
1403636613.813555,2.917254,6.265502,27.588787,-0.121120,0.111628,-0.211543,3.038374,6.153874,27.800330,28.634947,179.7488
1403636613.863556,2.906885,6.261411,27.592592,-0.121153,0.111610,-0.211541,3.028038,6.149801,27.804133,28.636670,93.1065
1403636613.913556,2.900986,6.248481,27.605649,-0.121172,0.111630,-0.211501,3.022158,6.136851,27.817150,28.645911,93.0542
1403636613.963556,2.899038,6.227540,27.626882,-0.121240,0.111612,-0.211581,3.020278,6.115928,27.838463,28.661938,71.3342
1403636614.013556,2.904936,6.205269,27.661223,-0.121288,0.111626,-0.211597,3.026224,6.093643,27.872820,28.691194,58.0487
1403636614.063556,2.902253,6.200987,27.704797,-0.121311,0.111688,-0.211528,3.023564,6.089299,27.916325,28.732259,135.5664
1403636614.113555,2.901202,6.189588,27.747475,-0.121367,0.111670,-0.211597,3.022569,6.077918,27.959072,28.771283,170.1861
1403636614.163556,2.896264,6.169409,27.770767,-0.121376,0.111639,-0.211603,3.017640,6.057770,27.982370,28.789161,106.3993
1403636614.213556,2.886522,6.150718,27.793475,-0.121343,0.111605,-0.211612,3.007865,6.039113,28.005087,28.806302,57.3702
1403636614.263556,2.875560,6.136357,27.820920,-0.121267,0.111647,-0.211562,2.996827,6.024710,28.032482,28.828772,97.6513
1403636614.313555,2.862862,6.132806,27.857086,-0.121270,0.111577,-0.211533,2.984132,6.021229,28.068619,28.861872,97.7724
1403636614.363556,2.848617,6.138962,27.901074,-0.121383,0.111624,-0.211517,2.970000,6.027338,28.112591,28.904454,97.8101
1403636614.413556,2.831454,6.138522,27.944383,-0.121433,0.111554,-0.211537,2.952887,6.026968,28.155920,28.944770,97.8649
1403636614.463556,2.809831,6.136437,27.988559,-0.121450,0.111666,-0.211509,2.931281,6.024771,28.200068,28.985067,174.9837
1403636614.513556,2.788746,6.135609,28.008686,-0.121478,0.111622,-0.211537,2.910224,6.023987,28.220223,29.002393,117.8292
1403636614.563556,2.769439,6.139271,28.017426,-0.121423,0.111725,-0.211486,2.890862,6.027546,28.228912,29.009651,109.6954
1403636614.613555,2.755276,6.148719,28.026540,-0.121430,0.111686,-0.211557,2.876706,6.037033,28.238097,29.019155,109.6420
1403636614.663556,2.746037,6.156566,28.037214,-0.121471,0.111704,-0.211582,2.867508,6.044862,28.248796,29.030284,178.6420
1403636614.713556,2.739106,6.166982,28.047562,-0.121523,0.111623,-0.211580,2.860629,6.055359,28.259142,29.041861,144.9801
1403636614.763556,2.725872,6.180562,28.061178,-0.121477,0.111636,-0.211553,2.847349,6.068926,28.272731,29.056610,142.5388
1403636614.813555,2.710362,6.187776,28.075624,-0.121441,0.111680,-0.211448,2.831803,6.076096,28.287072,29.070543,142.4076
1403636614.863556,2.702543,6.186770,28.086169,-0.121399,0.111665,-0.211528,2.823942,6.075105,28.297697,29.079911,142.3329
1403636614.913556,2.691977,6.180828,28.097908,-0.121389,0.111677,-0.211553,2.813366,6.069151,28.309461,29.089091,161.9715
1403636614.963556,2.686298,6.173304,28.109510,-0.121370,0.111703,-0.211548,2.807668,6.061601,28.321058,29.098253,161.9066
1403636615.013556,2.684981,6.164385,28.120971,-0.121404,0.111674,-0.211539,2.806385,6.052711,28.332510,29.107426,161.8079
1403636615.063556,2.690048,6.158541,28.131061,-0.121396,0.111691,-0.211535,2.811444,6.046850,28.342596,29.116513,107.0770
1403636615.113555,2.689384,6.145173,28.147980,-0.121367,0.111672,-0.211631,2.810751,6.033501,28.359611,29.130242,68.0876
1403636615.163556,2.674960,6.137592,28.166173,-0.121354,0.111660,-0.211631,2.796314,6.025932,28.377804,29.144999,68.0040
1403636615.213556,2.652942,6.130723,28.196614,-0.121376,0.111666,-0.211599,2.774318,6.019057,28.408213,29.171090,67.9260
1403636615.263556,2.624782,6.135396,28.233413,-0.121438,0.111651,-0.211571,2.746220,6.023745,28.444984,29.205211,140.0516
1403636615.313555,2.592854,6.146375,28.279361,-0.121474,0.111657,-0.211582,2.714328,6.034718,28.490943,29.249260,140.0295
1403636615.363556,2.557537,6.163010,28.333569,-0.121502,0.111641,-0.211569,2.679039,6.051369,28.545138,29.302240,139.9997
1403636615.413556,2.547157,6.183294,28.382014,-0.121450,0.111670,-0.211551,2.668607,6.071624,28.593565,29.352649,79.0438
1403636615.463556,2.552435,6.187771,28.424345,-0.121417,0.111708,-0.211546,2.673852,6.076063,28.635891,29.395276,98.8513
1403636615.513556,2.554267,6.183898,28.448979,-0.121407,0.111756,-0.211503,2.675674,6.072142,28.660482,29.418589,33.4518
1403636615.563556,2.560229,6.181752,28.489872,-0.121458,0.111723,-0.211584,2.681687,6.070029,28.701456,29.458619,33.4919
1403636615.613555,2.570786,6.169240,28.537993,-0.121465,0.111721,-0.211580,2.692251,6.057519,28.749573,29.503893,93.4916
1403636615.663556,2.582409,6.165255,28.567974,-0.121452,0.111662,-0.211578,2.703861,6.053593,28.779552,29.533362,93.5175
1403636615.713556,2.600205,6.156303,28.608738,-0.121393,0.111618,-0.211621,2.721598,6.044685,28.820359,29.572933,93.5763
1403636615.763556,2.617759,6.134964,28.637783,-0.121341,0.111586,-0.211658,2.739100,6.023378,28.849441,29.598548,93.6276
1403636615.813555,2.640960,6.110387,28.677742,-0.121316,0.111669,-0.211572,2.762276,5.998718,28.889314,29.634561,145.2180
1403636615.863556,2.668140,6.088770,28.715998,-0.121332,0.111644,-0.211600,2.789472,5.977126,28.927598,29.670072,158.0112
1403636615.913556,2.678429,6.081484,28.734313,-0.121375,0.111652,-0.211573,2.799804,5.969832,28.945886,29.687407,154.3245
1403636615.963556,2.686480,6.082953,28.766359,-0.121409,0.111599,-0.211565,2.807889,5.971354,28.977924,29.719713,175.2867
1403636616.013556,2.693555,6.081494,28.789705,-0.121423,0.111584,-0.211565,2.814978,5.969910,29.001270,29.742858,175.3363
1403636616.063556,2.707095,6.081921,28.823500,-0.121413,0.111591,-0.211550,2.828508,5.970330,29.035050,29.777163,175.4036
1403636616.113555,2.721061,6.077071,28.872066,-0.121451,0.111621,-0.211515,2.842512,5.965450,29.083581,29.824841,175.4447
1403636616.163556,2.730093,6.069979,28.902508,-0.121518,0.111623,-0.211533,2.851611,5.958356,29.114041,29.853996,168.7482
1403636616.213556,2.733340,6.055343,28.937287,-0.121541,0.111656,-0.211540,2.854881,5.943687,29.148827,29.885312,157.1082
1403636616.263556,2.741009,6.035881,28.972590,-0.121545,0.111707,-0.211551,2.862554,5.924174,29.184141,29.916620,157.1728
1403636616.313555,2.749937,6.026485,28.992160,-0.121535,0.111780,-0.211486,2.871472,5.914705,29.203646,29.934629,177.2920
1403636616.363556,2.755141,6.022675,29.011439,-0.121527,0.111777,-0.211567,2.876668,5.910898,29.223006,29.953263,96.4162
1403636616.413556,2.750272,6.021772,29.038500,-0.121498,0.111811,-0.211611,2.871770,5.909961,29.250111,29.979054,96.3751
1403636616.463556,2.736320,6.023460,29.072525,-0.121491,0.111813,-0.211647,2.857811,5.911647,29.284172,30.011288,96.3418
1403636616.513556,2.730899,6.028691,29.104750,-0.121489,0.111809,-0.211657,2.852388,5.916882,29.316407,30.043258,96.3516
1403636616.563556,2.716430,6.035928,29.143464,-0.121481,0.111803,-0.211578,2.837911,5.924125,29.355042,30.081016,126.7185
1403636616.613555,2.715938,6.049440,29.167270,-0.121453,0.111759,-0.211617,2.837391,5.937681,29.378887,30.106907,126.7793
1403636616.663556,2.716607,6.071126,29.196269,-0.121422,0.111751,-0.211607,2.838029,5.959375,29.407876,30.139538,126.8480
1403636616.713556,2.718370,6.100194,29.229925,-0.121392,0.111739,-0.211601,2.839762,5.988455,29.441526,30.178292,126.9084
1403636616.763556,2.721119,6.135903,29.267785,-0.121379,0.111725,-0.211559,2.842498,6.024178,29.479344,30.222545,126.9663
1403636616.813555,2.729198,6.154017,29.294942,-0.121353,0.111684,-0.211489,2.850551,6.042333,29.506431,30.253345,127.0409
1403636616.863556,2.737680,6.179849,29.326964,-0.121326,0.111617,-0.211540,2.859006,6.068232,29.538504,30.290602,149.4478
1403636616.913556,2.749751,6.207219,29.357855,-0.121272,0.111596,-0.211524,2.871023,6.095623,29.569379,30.327341,149.5807
1403636616.963556,2.760699,6.224318,29.370182,-0.121208,0.111593,-0.211523,2.881907,6.112725,29.581705,30.343831,149.6263
1403636617.013556,2.774969,6.243823,29.383367,-0.121183,0.111574,-0.211529,2.896152,6.132249,29.594896,30.361983,141.5453
1403636617.063556,2.791981,6.256238,29.397771,-0.121182,0.111561,-0.211544,2.913163,6.144677,29.609315,30.380176,141.4462
1403636617.113555,2.811493,6.262297,29.413312,-0.121183,0.111567,-0.211574,2.932676,6.150730,29.624886,30.398453,52.4482
1403636617.163556,2.821181,6.257507,29.442713,-0.121205,0.111571,-0.211606,2.942386,6.145936,29.654319,30.427106,52.3964
1403636617.213556,2.822383,6.256099,29.469254,-0.121225,0.111598,-0.211571,2.943608,6.144501,29.680825,30.452769,83.3739
1403636617.263556,2.824900,6.265666,29.495056,-0.121258,0.111626,-0.211642,2.946158,6.154040,29.706698,30.480157,83.4047
1403636617.313555,2.836129,6.277885,29.530326,-0.121281,0.111659,-0.211654,2.957410,6.166226,29.741980,30.518093,72.1615
1403636617.363556,2.842830,6.296460,29.577396,-0.121308,0.111708,-0.211692,2.964138,6.184752,29.789088,30.568400,72.2142
1403636617.413556,2.835677,6.309409,29.632243,-0.121342,0.111768,-0.211614,2.957019,6.197641,29.843857,30.623692,72.3589
1403636617.463556,2.828963,6.331896,29.665703,-0.121370,0.111762,-0.211686,2.950333,6.220134,29.877389,30.660282,72.4167
1403636617.513556,2.818087,6.351387,29.712642,-0.121374,0.111777,-0.211681,2.939461,6.239610,29.924323,30.708929,55.1136
1403636617.563556,2.812539,6.372544,29.773024,-0.121379,0.111790,-0.211595,2.933918,6.260754,29.984619,30.771452,130.6004
1403636617.613555,2.809302,6.385755,29.845115,-0.121357,0.111742,-0.211628,2.930659,6.274013,30.056743,30.844121,130.6380
1403636617.663556,2.808870,6.389496,29.886396,-0.121359,0.111697,-0.211600,2.930229,6.277799,30.097996,30.885051,175.6974
1403636617.713556,2.812889,6.389510,29.908910,-0.121358,0.111668,-0.211592,2.934247,6.277842,30.120502,30.907373,163.6564
1403636617.763556,2.811086,6.392093,29.921209,-0.121321,0.111614,-0.211595,2.932407,6.280479,30.132804,30.919723,163.5669
1403636617.813555,2.806258,6.393330,29.932878,-0.121275,0.111611,-0.211596,2.927533,6.281719,30.144474,30.930887,112.1220
1403636617.863556,2.790970,6.393574,29.946374,-0.121244,0.111597,-0.211615,2.912214,6.281977,30.157989,30.942665,158.0688
1403636617.913556,2.782064,6.390385,29.962826,-0.121184,0.111591,-0.211633,2.903248,6.278794,30.174459,30.957230,158.0780
1403636617.963556,2.777817,6.388887,29.981413,-0.121131,0.111590,-0.211665,2.898948,6.277297,30.193078,30.974672,158.0763
1403636618.013556,2.777593,6.387101,30.002605,-0.121119,0.111595,-0.211621,2.898712,6.275506,30.214226,30.994902,141.1470
1403636618.063556,2.783161,6.381747,30.025373,-0.121137,0.111519,-0.211686,2.904298,6.270228,30.237059,31.016615,136.5978
1403636618.113555,2.795048,6.377385,30.048690,-0.121127,0.111532,-0.211684,2.916175,6.265853,30.260374,31.039575,136.6176
1403636618.163556,2.813085,6.376590,30.071907,-0.121146,0.111540,-0.211662,2.934231,6.265050,30.283569,31.063726,161.0703
1403636618.213556,2.824837,6.376332,30.089289,-0.121184,0.111561,-0.211666,2.946021,6.264771,30.300955,31.081735,130.6805
1403636618.263556,2.823710,6.382351,30.104103,-0.121241,0.111569,-0.211666,2.944951,6.270782,30.315769,31.097287,130.7798
1403636618.313555,2.814837,6.393300,30.129610,-0.121306,0.111618,-0.211605,2.936143,6.281682,30.341215,31.123461,128.4763
1403636618.363556,2.799355,6.397102,30.164752,-0.121346,0.111608,-0.211654,2.920701,6.285494,30.376406,31.157085,128.4490
1403636618.413556,2.777885,6.394455,30.208530,-0.121347,0.111692,-0.211574,2.899232,6.282763,30.420104,31.197137,98.1587
1403636618.463556,2.752751,6.399666,30.260379,-0.121326,0.111738,-0.211560,2.874077,6.287928,30.471939,31.246399,98.2119
1403636618.513556,2.724342,6.411976,30.319559,-0.121303,0.111743,-0.211486,2.845645,6.300233,30.531045,31.303919,154.9611
1403636618.563556,2.690760,6.417298,30.382102,-0.121279,0.111770,-0.211442,2.812039,6.305528,30.593544,31.362911,154.9571
1403636618.613555,2.658618,6.398067,30.433699,-0.121288,0.111762,-0.211491,2.779906,6.286305,30.645190,31.406578,65.0152
1403636618.663556,2.640175,6.388801,30.464821,-0.121286,0.111741,-0.211541,2.761461,6.277060,30.676362,31.433522,128.4156
1403636618.713556,2.618506,6.386394,30.496588,-0.121267,0.111815,-0.211597,2.739773,6.274579,30.708185,31.462189,130.3607
1403636618.763556,2.606281,6.390474,30.533090,-0.121263,0.111770,-0.211591,2.727544,6.278704,30.744681,31.497572,130.4308
1403636618.813555,2.602659,6.400389,30.573808,-0.121270,0.111722,-0.211687,2.723929,6.288667,30.785495,31.539085,130.7416
1403636618.863556,2.600678,6.413344,30.629324,-0.121234,0.111677,-0.211701,2.721912,6.301667,30.841025,31.595706,130.7833
1403636618.913556,2.613204,6.419969,30.670082,-0.121256,0.111561,-0.211675,2.734460,6.308408,30.881757,31.637892,98.9079
1403636618.963556,2.626285,6.418078,30.722537,-0.121238,0.111653,-0.211621,2.747523,6.306425,30.934158,31.689777,98.9315
1403636619.013556,2.651402,6.411644,30.764023,-0.121212,0.111653,-0.211629,2.772614,6.299991,30.975652,31.731188,99.0893
1403636619.063556,2.668465,6.395911,30.789984,-0.121151,0.111679,-0.211611,2.789616,6.284232,31.001595,31.754881,99.1026
1403636619.113555,2.677518,6.381758,30.830619,-0.121158,0.111616,-0.211667,2.798676,6.270142,31.042286,31.792622,46.8938
1403636619.163556,2.694723,6.359497,30.874489,-0.121151,0.111580,-0.211704,2.815874,6.247917,31.086193,31.832641,46.9628
1403636619.213556,2.717330,6.339530,30.930861,-0.121166,0.111588,-0.211731,2.838496,6.227942,31.142592,31.885817,64.9114
1403636619.263556,2.732405,6.328119,30.996732,-0.121188,0.111619,-0.211736,2.853593,6.216500,31.208468,31.949277,64.9610
1403636619.313555,2.740717,6.324481,31.071120,-0.121248,0.111576,-0.211693,2.861965,6.212905,31.282813,32.021952,53.1883
1403636619.363556,2.751624,6.344356,31.134486,-0.121346,0.111397,-0.211608,2.872970,6.232959,31.346094,32.088648,112.5552
1403636619.413556,2.765232,6.371343,31.201244,-0.121422,0.111359,-0.211516,2.886654,6.259984,31.412760,32.160249,125.8942
1403636619.463556,2.763677,6.375037,31.269464,-0.121436,0.111450,-0.211461,2.885113,6.263587,31.480925,32.227395,125.9038
1403636619.513556,2.774373,6.368572,31.328522,-0.121493,0.111564,-0.211467,2.895866,6.257008,31.539989,32.284781,176.9351
1403636619.563556,2.768157,6.350022,31.365863,-0.121431,0.111663,-0.211496,2.889588,6.238359,31.577359,32.317123,176.9116
1403636619.613555,2.758318,6.324454,31.409758,-0.121375,0.111752,-0.211505,2.879693,6.212702,31.621263,32.354205,176.9069
1403636619.663556,2.750087,6.287715,31.454905,-0.121325,0.111753,-0.211477,2.871412,6.175962,31.666382,32.390543,96.4872
1403636619.713556,2.754103,6.272226,31.490068,-0.121218,0.111746,-0.211528,2.875321,6.160480,31.701596,32.422371,96.5384
1403636619.763556,2.765436,6.267507,31.523404,-0.121198,0.111708,-0.211557,2.886634,6.155799,31.734961,32.455112,128.0396
1403636619.813555,2.773820,6.267886,31.540965,-0.121228,0.111716,-0.211573,2.895048,6.156170,31.752538,32.473118,128.0572
1403636619.863556,2.788626,6.272273,31.561485,-0.121279,0.111691,-0.211605,2.909905,6.160582,31.773090,32.495378,128.1110
1403636619.913556,2.809275,6.280382,31.584697,-0.121324,0.111716,-0.211579,2.930599,6.168666,31.796276,32.521439,83.2649
1403636619.963556,2.834806,6.283659,31.618560,-0.121338,0.111705,-0.211563,2.956144,6.171954,31.830123,32.557465,83.1579
1403636620.013556,2.852239,6.276025,31.651584,-0.121383,0.111691,-0.211594,2.973622,6.164334,31.863178,32.589930,83.1407
1403636620.063556,2.871164,6.273767,31.699333,-0.121384,0.111701,-0.211618,2.992548,6.162066,31.910951,32.637941,83.1584
1403636620.113555,2.891417,6.276356,31.760402,-0.121434,0.111687,-0.211657,3.012851,6.164669,31.972059,32.700046,118.5786
1403636620.163556,2.916055,6.284835,31.820774,-0.121427,0.111711,-0.211701,3.037482,6.173124,32.032475,32.762986,118.6507
1403636620.213556,2.952156,6.303338,31.863933,-0.121403,0.111736,-0.211691,3.073559,6.191602,32.075624,32.812015,118.6934
1403636620.263556,2.969832,6.325310,31.906826,-0.121383,0.111741,-0.211680,3.091215,6.213569,32.118506,32.859739,118.7687
1403636620.313555,2.979008,6.349249,31.950705,-0.121378,0.111740,-0.211641,3.100386,6.237509,32.162346,32.907984,177.9994
1403636620.363556,2.979996,6.375345,31.995243,-0.121434,0.111768,-0.211598,3.101430,6.263577,32.206841,32.956515,169.6189
1403636620.413556,2.973201,6.397458,32.039191,-0.121482,0.111745,-0.211606,3.094683,6.285713,32.250797,33.003048,169.6046
1403636620.463556,2.962538,6.408802,32.059786,-0.121506,0.111771,-0.211555,3.084044,6.297031,32.271341,33.024284,169.6489
1403636620.513556,2.953847,6.410669,32.072957,-0.121498,0.111683,-0.211595,3.075345,6.298986,32.284552,33.036756,169.7055
1403636620.563556,2.938297,6.411008,32.088746,-0.121430,0.111640,-0.211603,3.059727,6.299368,32.300349,33.050817,107.4132
1403636620.613555,2.927237,6.399795,32.103466,-0.121401,0.111587,-0.211654,3.048638,6.288208,32.315120,33.062104,107.3624
1403636620.663556,2.919847,6.392987,32.127160,-0.121352,0.111591,-0.211692,3.041199,6.281396,32.338852,33.083321,107.3154
1403636620.713556,2.915577,6.384882,32.144607,-0.121351,0.111563,-0.211694,3.036928,6.273319,32.356301,33.098455,107.2817
1403636620.763556,2.911475,6.376871,32.158838,-0.121348,0.111578,-0.211684,3.032823,6.265293,32.370522,33.110461,107.2440
1403636620.813555,2.905212,6.371590,32.173325,-0.121372,0.111656,-0.211628,3.026584,6.259934,32.384953,33.122986,107.2080
1403636620.863556,2.898157,6.369521,32.194018,-0.121301,0.111717,-0.211628,3.019458,6.257804,32.405646,33.142165,107.1863
1403636620.913556,2.895014,6.365295,32.223796,-0.121257,0.111770,-0.211590,3.016271,6.253525,32.435386,33.170148,88.2311
1403636620.963556,2.895525,6.367390,32.252272,-0.121247,0.111843,-0.211558,3.016772,6.255547,32.463830,33.198389,88.1985
1403636621.013556,2.901348,6.366971,32.270255,-0.121228,0.111910,-0.211559,3.022576,6.255061,32.481814,33.216411,88.1817
1403636621.063556,2.904332,6.361504,32.292294,-0.121223,0.112107,-0.211500,3.025555,6.249397,32.503794,33.237111,88.1448
1403636621.113555,2.905177,6.353853,32.318884,-0.121175,0.111841,-0.211492,3.026352,6.242012,32.530376,33.261793,88.1279
1403636621.163556,2.904066,6.340629,32.347507,-0.121195,0.111846,-0.211496,3.025261,6.228783,32.559003,33.287214,88.1037
1403636621.213556,2.910776,6.322506,32.366082,-0.121274,0.111675,-0.211522,3.032050,6.210831,32.577604,33.302673,71.8204
1403636621.263556,2.918546,6.298647,32.383277,-0.121342,0.111709,-0.211543,3.039888,6.186938,32.594820,33.315784,71.7158
1403636621.313555,2.927546,6.270414,32.415486,-0.121502,0.111602,-0.211559,3.049048,6.158812,32.627045,33.342941,71.6205
1403636621.363556,2.937572,6.238153,32.461352,-0.121607,0.111672,-0.211543,3.059179,6.126481,32.672895,33.382786,71.5437
1403636621.413556,2.950186,6.200284,32.492239,-0.121639,0.111556,-0.211614,3.071825,6.088728,32.703853,33.407345,71.4634
1403636621.463556,2.965642,6.157530,32.517710,-0.121613,0.111601,-0.211611,3.087255,6.045929,32.729321,33.425931,80.7863
1403636621.513556,2.987959,6.113947,32.552219,-0.121558,0.111554,-0.211624,3.109517,6.002393,32.763843,33.453957,41.8639
1403636621.563556,3.007226,6.072093,32.602790,-0.121464,0.111701,-0.211644,3.128690,5.960392,32.814434,33.497792,78.8318
1403636621.613555,3.033244,6.030140,32.660264,-0.121436,0.111613,-0.211618,3.154680,5.918527,32.871882,33.549092,37.8582
1403636621.663556,3.055460,5.990331,32.731513,-0.121433,0.111679,-0.211526,3.176893,5.878652,32.943039,33.613911,83.0286
1403636621.713556,3.085025,5.952418,32.806988,-0.121455,0.111658,-0.211491,3.206480,5.840760,33.018479,33.684061,45.6980
1403636621.763556,3.110888,5.917623,32.894640,-0.121476,0.111705,-0.211463,3.232364,5.805918,33.106103,33.766417,45.6453
1403636621.813555,3.108659,5.878900,32.957607,-0.121444,0.111744,-0.211445,3.230103,5.767156,33.169052,33.821290,45.6052
1403636621.863556,3.105442,5.861051,32.995792,-0.121459,0.111709,-0.211493,3.226901,5.749342,33.207285,33.855452,95.5697
1403636621.913556,3.101421,5.854772,33.040795,-0.121487,0.111716,-0.211536,3.222908,5.743056,33.252331,33.898191,177.9159
1403636621.963556,3.096137,5.850142,33.081626,-0.121503,0.111755,-0.211553,3.217640,5.738387,33.293179,33.936972,177.9523
1403636622.013556,3.089781,5.846984,33.118547,-0.121496,0.111818,-0.211573,3.211277,5.735166,33.330120,33.972067,117.9275
1403636622.063556,3.080670,5.847977,33.150401,-0.121480,0.111763,-0.211588,3.202150,5.736214,33.361989,34.002651,154.4700
1403636622.113555,3.070086,5.856258,33.172645,-0.121467,0.111785,-0.211634,3.191553,5.744473,33.384279,34.024918,140.8957
1403636622.163556,3.063325,5.867538,33.193119,-0.121504,0.111750,-0.211671,3.184829,5.755788,33.404790,34.046325,140.9197
1403636622.213556,3.065996,5.875599,33.204027,-0.121514,0.111761,-0.211709,3.187510,5.763838,33.415736,34.058676,89.0967
1403636622.263556,3.071428,5.886814,33.216987,-0.121463,0.111776,-0.211720,3.192891,5.775038,33.428707,34.073804,169.9326
1403636622.313555,3.079107,5.895194,33.226750,-0.121429,0.111878,-0.211678,3.200536,5.783316,33.438428,34.085460,170.0118
1403636622.363556,3.080765,5.904978,33.231496,-0.121273,0.111882,-0.211657,3.202038,5.793096,33.443153,34.091898,170.0644
1403636622.413556,3.084417,5.915206,33.237915,-0.121193,0.111824,-0.211618,3.205610,5.803382,33.449533,34.100241,170.1428
1403636622.463556,3.087672,5.928806,33.245103,-0.121230,0.111806,-0.211643,3.208902,5.817000,33.456746,34.109945,124.5027
1403636622.513556,3.083844,5.939353,33.264033,-0.121283,0.111808,-0.211695,3.205127,5.827545,33.475728,34.130009,63.9917
1403636622.563556,3.079261,5.940564,33.296207,-0.121328,0.111816,-0.211716,3.200589,5.828748,33.507923,34.161366,80.3574
1403636622.613555,3.080533,5.941375,33.319759,-0.121365,0.111717,-0.211722,3.201898,5.829658,33.531481,34.184752,80.3991
1403636622.663556,3.085821,5.937793,33.358510,-0.121419,0.111638,-0.211716,3.207240,5.826155,33.570226,34.222661,80.4647
1403636622.713556,3.096106,5.933764,33.411455,-0.121434,0.111547,-0.211723,3.217540,5.822217,33.623178,34.274902,80.5237
1403636622.763556,3.111080,5.929296,33.477128,-0.121381,0.111489,-0.211720,3.232461,5.817807,33.688848,34.339979,137.1357
1403636622.813555,3.132887,5.926681,33.541189,-0.121277,0.111412,-0.211688,3.254164,5.815269,33.752877,34.404413,149.6469
1403636622.863556,3.147806,5.921744,33.600500,-0.121191,0.111496,-0.211590,3.268997,5.810248,33.812090,34.463064,149.5557
1403636622.913556,3.156476,5.914738,33.655452,-0.121178,0.111692,-0.211493,3.277654,5.803046,33.866945,34.516494,149.3347
1403636622.963556,3.159686,5.905848,33.706712,-0.121202,0.111773,-0.211395,3.280888,5.794075,33.918107,34.565496,83.4601
1403636623.013556,3.154708,5.894947,33.768108,-0.121255,0.111920,-0.211306,3.275963,5.783027,33.979414,34.623343,83.4021
1403636623.063556,3.147049,5.888672,33.803150,-0.121340,0.112067,-0.211296,3.268389,5.776605,34.014446,34.655938,83.4878
1403636623.113555,3.132460,5.880211,33.849760,-0.121424,0.112090,-0.211289,3.253884,5.768121,34.061049,34.698906,83.4373
1403636623.163556,3.111599,5.869716,33.906649,-0.121551,0.112110,-0.211323,3.233150,5.757606,34.117972,34.751105,132.0936
1403636623.213556,3.110833,5.851551,33.949818,-0.121693,0.112141,-0.211329,3.232526,5.739410,34.161147,34.790430,103.6792
1403636623.263556,3.108595,5.845455,33.988263,-0.121955,0.112131,-0.211345,3.230550,5.733324,34.199608,34.827010,108.1772
1403636623.313555,3.117240,5.835698,34.028785,-0.122322,0.112296,-0.211272,3.239562,5.723402,34.240057,34.865937,108.2087
1403636623.363556,3.132339,5.825186,34.050010,-0.122401,0.112106,-0.211298,3.254740,5.713080,34.261308,34.886528,108.2272
1403636623.413556,3.152222,5.813727,34.061605,-0.122472,0.112123,-0.211336,3.274694,5.701604,34.272941,34.897942,108.2955
1403636623.463556,3.179387,5.801841,34.078596,-0.122279,0.111757,-0.211254,3.301666,5.690084,34.289850,34.915210,130.5305
1403636623.513556,3.209801,5.795348,34.097404,-0.121508,0.111667,-0.211339,3.331309,5.683681,34.308743,34.935536,130.6416
1403636623.563556,3.226090,5.797016,34.109414,-0.120660,0.111625,-0.211501,3.346750,5.685391,34.320915,34.949243,171.1716
1403636623.613555,3.228143,5.798652,34.117875,-0.120061,0.111601,-0.211586,3.348204,5.687051,34.329461,34.958045,94.6721
1403636623.663556,3.230252,5.789703,34.133317,-0.120239,0.111583,-0.211510,3.350491,5.678120,34.344827,34.971903,94.5889
1403636623.713556,3.233713,5.780409,34.155673,-0.120536,0.111688,-0.211398,3.354249,5.668721,34.367071,34.992584,101.7586
1403636623.763556,3.225442,5.774305,34.187422,-0.120816,0.111770,-0.211357,3.346258,5.662535,34.398779,35.021961,163.1601
1403636623.813555,3.214293,5.773492,34.231102,-0.121122,0.111912,-0.211431,3.335415,5.661580,34.442533,35.063750,163.1622
1403636623.863556,3.210978,5.790870,34.267286,-0.121450,0.112112,-0.211457,3.332428,5.678758,34.478743,35.101811,124.6096
1403636623.913556,3.211313,5.817504,34.312596,-0.121672,0.112179,-0.211572,3.332985,5.705325,34.524168,35.150785,154.0989
1403636623.963556,3.207868,5.844736,34.372107,-0.121660,0.112114,-0.211649,3.329528,5.732622,34.583756,35.213419,176.6796
1403636624.013556,3.195532,5.871170,34.432266,-0.121463,0.112155,-0.211664,3.316995,5.759015,34.643930,35.275637,161.8892
1403636624.063556,3.178469,5.894754,34.488577,-0.121553,0.112318,-0.211492,3.300022,5.782436,34.700069,35.333008,102.6842
1403636624.113555,3.158768,5.924510,34.547849,-0.121476,0.112220,-0.211643,3.280244,5.812290,34.759492,35.394420,173.1217
1403636624.163556,3.159763,5.937792,34.582531,-0.120871,0.112132,-0.211702,3.280634,5.825660,34.794233,35.430771,173.1947
1403636624.213556,3.169238,5.954385,34.621704,-0.120339,0.112093,-0.211812,3.289577,5.842292,34.833516,35.472913,173.2645
1403636624.263556,3.179172,5.961693,34.644428,-0.120067,0.112204,-0.211485,3.299239,5.849489,34.855913,35.496988,173.4331
1403636624.313555,3.200049,5.967415,34.668713,-0.120310,0.112784,-0.211360,3.320359,5.854631,34.880073,35.523527,101.5716
1403636624.363556,3.224174,5.960482,34.685986,-0.119740,0.113620,-0.211572,3.343914,5.846862,34.897558,35.541625,101.5388
1403636624.413556,3.253896,5.947688,34.711684,-0.117905,0.115052,-0.211452,3.371801,5.832636,34.923136,35.567036,101.4919
1403636624.463556,3.277565,5.945593,34.731313,-0.115249,0.116794,-0.211603,3.392814,5.828799,34.942916,35.587828,101.3986
1403636624.513556,3.306989,5.936805,34.759258,-0.111835,0.118813,-0.211633,3.418824,5.817992,34.970891,35.616016,101.3430
1403636624.563556,3.340689,5.922299,34.794557,-0.108064,0.121065,-0.211390,3.448753,5.801234,35.005947,35.650590,101.2678
1403636624.613555,3.378281,5.903290,34.837026,-0.103927,0.124000,-0.211211,3.482208,5.779290,35.048237,35.691804,101.1802
1403636624.663556,3.419749,5.879125,34.885805,-0.099812,0.127780,-0.211206,3.519561,5.751345,35.097011,35.738851,101.0522
1403636624.713556,3.464552,5.851354,34.940345,-0.095008,0.132180,-0.212266,3.559560,5.719174,35.152611,35.792254,100.9920
1403636624.763556,3.512754,5.819608,35.000179,-0.089238,0.137061,-0.212678,3.601992,5.682547,35.212857,35.849840,100.7896
1403636624.813555,3.563783,5.784879,35.064013,-0.082261,0.142491,-0.212851,3.646044,5.642388,35.276864,35.910824,100.7313
1403636624.863556,3.617708,5.746714,35.131928,-0.074499,0.147952,-0.211317,3.692207,5.598762,35.343245,35.973928,100.7738
1403636624.913556,3.675044,5.705400,35.203378,-0.066014,0.153563,-0.207914,3.741058,5.551837,35.411292,36.038562,100.8194
1403636624.963556,3.734641,5.661202,35.277732,-0.056955,0.158610,-0.202038,3.791596,5.502592,35.479770,36.103584,100.7434
1403636625.013556,3.796412,5.613930,35.354715,-0.047995,0.163016,-0.193907,3.844407,5.450914,35.548622,36.168999,100.7021
1403636625.063556,3.859842,5.564244,35.433941,-0.039584,0.166551,-0.183912,3.899426,5.397693,35.617853,36.234956,100.3702
1403636625.113555,3.924615,5.512092,35.515321,-0.032268,0.168791,-0.172084,3.956883,5.343301,35.687405,36.301497,100.5596
1403636625.163556,3.989855,5.458166,35.598388,-0.026248,0.170123,-0.158905,4.016103,5.288043,35.757293,36.368620,99.6895
1403636625.213556,4.055844,5.402052,35.683534,-0.021647,0.170967,-0.144431,4.077491,5.231085,35.827965,36.436702,99.1329
1403636625.263556,4.121576,5.344295,35.770261,-0.018235,0.171549,-0.129761,4.139811,5.172746,35.900022,36.506259,98.8449
1403636625.313555,4.186075,5.285967,35.858648,-0.016415,0.171976,-0.118132,4.202490,5.113991,35.976780,36.580631,98.8656
1403636625.363556,4.217277,5.216682,35.920691,-0.015193,0.172154,-0.111725,4.232470,5.044528,36.032416,36.629170,98.7655
1403636625.413556,4.251039,5.148337,35.987057,-0.014482,0.172503,-0.110628,4.265521,4.975834,36.097685,36.687824,98.7041
1403636625.463556,4.293272,5.082171,36.024754,-0.014475,0.172889,-0.113019,4.307747,4.909282,36.137773,36.723240,98.7213
1403636625.513556,4.338791,5.017061,36.046385,-0.015856,0.173356,-0.117392,4.354647,4.843705,36.163777,36.745656,108.2543
1403636625.563556,4.386018,4.952497,36.056666,-0.018319,0.173477,-0.121566,4.404337,4.779020,36.178232,36.757335,157.5547
1403636625.613555,4.434842,4.885209,36.074292,-0.022030,0.173581,-0.123129,4.456872,4.711628,36.197421,36.773856,135.1578
1403636625.663556,4.452859,4.846367,36.098868,-0.026690,0.173474,-0.120833,4.479549,4.672893,36.219701,36.793600,135.0679
1403636625.713556,4.459314,4.826463,36.117085,-0.033058,0.173108,-0.113687,4.492372,4.653355,36.230772,36.803586,135.2123
1403636625.763556,4.460351,4.814843,36.127437,-0.040263,0.172604,-0.102734,4.500614,4.642239,36.230171,36.802598,135.8668
1403636625.813555,4.459230,4.806371,36.135084,-0.048239,0.171885,-0.087552,4.507469,4.634486,36.222636,36.795042,135.9191
1403636625.863556,4.454144,4.791048,36.145224,-0.056932,0.170942,-0.068293,4.511076,4.620106,36.213517,36.784698,136.8865
1403636625.913556,4.445328,4.769662,36.156705,-0.065518,0.169580,-0.046194,4.510846,4.600082,36.202899,36.771707,137.0969
1403636625.963556,4.436451,4.752956,36.159096,-0.074089,0.168157,-0.022086,4.510540,4.584799,36.181182,36.748378,136.0969
1403636626.013556,4.424696,4.731649,36.165006,-0.082465,0.166647,0.002256,4.507161,4.565002,36.162750,36.727350,136.1157
1403636626.063556,4.410416,4.706054,36.174282,-0.089561,0.164755,0.025845,4.499977,4.541299,36.148437,36.709436,136.2026
1403636626.113555,4.393636,4.676508,36.186229,-0.096615,0.162960,0.048635,4.490251,4.513548,36.137594,36.694143,136.2314
1403636626.163556,4.374742,4.643824,36.200924,-0.103330,0.161546,0.070519,4.478072,4.482278,36.130405,36.681741,136.4222
1403636626.213556,4.354010,4.608746,36.218728,-0.109676,0.160757,0.090351,4.463686,4.447989,36.128377,36.673815,136.4357
1403636626.263556,4.331579,4.571274,36.239315,-0.115285,0.160791,0.107269,4.446864,4.410483,36.132046,36.670857,136.3595
1403636626.313555,4.317916,4.546584,36.245338,-0.120663,0.161585,0.120633,4.438579,4.384999,36.124705,36.659562,136.1882
1403636626.363556,4.306967,4.526869,36.244488,-0.125270,0.163158,0.130251,4.432237,4.363711,36.114237,36.645939,136.0414
1403636626.413556,4.293232,4.503138,36.248058,-0.129338,0.165564,0.136527,4.422570,4.337574,36.111531,36.639000,136.0354
1403636626.463556,4.276912,4.475905,36.255488,-0.133138,0.168845,0.140617,4.410050,4.307060,36.114871,36.637184,84.1848
1403636626.513556,4.253440,4.454762,36.274148,-0.136309,0.172796,0.143959,4.389749,4.281966,36.130189,36.646906,84.2165
1403636626.563556,4.223471,4.439021,36.303029,-0.138636,0.177256,0.146383,4.362107,4.261765,36.156646,36.667338,101.3819
1403636626.613555,4.199969,4.433456,36.341616,-0.140021,0.181986,0.147810,4.339990,4.251470,36.193806,36.700165,101.4669
1403636626.663556,4.182104,4.436821,36.388853,-0.140276,0.186805,0.148161,4.322380,4.250016,36.240692,36.744160,129.3898
1403636626.713556,4.164687,4.441306,36.450331,-0.139324,0.191468,0.146886,4.304011,4.249838,36.303445,36.803882,129.5530
1403636626.763556,4.154516,4.442323,36.487543,-0.137258,0.195896,0.144281,4.291774,4.246427,36.343262,36.841337,129.6326
1403636626.813555,4.147523,4.457570,36.525972,-0.134381,0.200155,0.140790,4.281904,4.257415,36.385182,36.882811,129.6367
1403636626.863556,4.149027,4.475008,36.576998,-0.130423,0.204305,0.135926,4.279450,4.270703,36.441072,36.939198,51.0141
1403636626.913556,4.147384,4.486733,36.609837,-0.125945,0.208245,0.130461,4.273329,4.278488,36.479376,36.977178,50.9352
1403636626.963556,4.142266,4.498934,36.655727,-0.120926,0.212083,0.124166,4.263192,4.286851,36.531561,37.028460,51.0330
1403636627.013556,4.142531,4.511163,36.715615,-0.115542,0.215759,0.117220,4.258073,4.295404,36.598395,37.094800,51.1744
1403636627.063556,4.133308,4.528597,36.781400,-0.110174,0.219370,0.110805,4.243482,4.309227,36.670595,37.165967,72.5461
1403636627.113555,4.124405,4.566875,36.841642,-0.104767,0.222823,0.105871,4.229172,4.344052,36.735771,37.232695,72.6928
1403636627.163556,4.110965,4.583558,36.885195,-0.100129,0.226274,0.104988,4.211094,4.357284,36.780207,37.276036,72.7811
1403636627.213556,4.104607,4.611857,36.914177,-0.095207,0.229481,0.106902,4.199814,4.382376,36.807275,37.304412,82.7780
1403636627.263556,4.096242,4.648497,36.933861,-0.091315,0.232811,0.111822,4.187557,4.415686,36.822039,37.321528,142.4802
1403636627.313555,4.085881,4.690208,36.945765,-0.086922,0.235859,0.119016,4.172803,4.454349,36.826749,37.329117,142.7093
1403636627.363556,4.072384,4.737744,36.964949,-0.083008,0.239087,0.128386,4.155392,4.498657,36.836563,37.342169,147.0274
1403636627.413556,4.064638,4.790663,36.996480,-0.078608,0.242145,0.139881,4.143246,4.548518,36.856599,37.366622,146.9985
1403636627.463556,4.057878,4.846267,37.041190,-0.073671,0.245440,0.153565,4.131549,4.600827,36.887625,37.402328,146.9153
1403636627.513556,4.051954,4.903217,37.096610,-0.069050,0.249173,0.166760,4.121004,4.654044,36.929850,37.449387,146.9511
1403636627.563556,4.037568,4.965557,37.142778,-0.064162,0.253478,0.176725,4.101730,4.712079,36.966053,37.490224,147.0322
1403636627.613555,4.025034,5.028128,37.199362,-0.058597,0.258112,0.182418,4.083631,4.770016,37.016944,37.545749,147.0994
1403636627.663556,4.013857,5.090792,37.264911,-0.052669,0.262650,0.183662,4.066526,4.828142,37.081249,37.614713,147.2090
1403636627.713556,4.026735,5.144506,37.308735,-0.046256,0.267363,0.180951,4.072991,4.877143,37.127784,37.667600,117.2632
1403636627.763556,4.048987,5.200546,37.349750,-0.040110,0.272583,0.175981,4.089097,4.927963,37.173769,37.721276,117.4345
1403636627.813555,4.077489,5.259168,37.378209,-0.034747,0.278099,0.170171,4.112236,4.981069,37.208038,37.764528,117.8491
1403636627.863556,4.110863,5.319104,37.404691,-0.029987,0.284149,0.163831,4.140850,5.034955,37.240860,37.807130,118.6559
1403636627.913556,4.156274,5.372883,37.425576,-0.026218,0.290245,0.158379,4.182492,5.082638,37.267197,37.844028,118.7536
1403636627.963556,4.206285,5.426216,37.452311,-0.023687,0.296309,0.154927,4.229972,5.129907,37.297384,37.885399,118.9114
1403636628.013556,4.261170,5.479617,37.484523,-0.023170,0.302752,0.153739,4.284340,5.176865,37.330784,37.930765,178.2704
1403636628.063556,4.287212,5.499294,37.523341,-0.025402,0.309663,0.155918,4.312614,5.189631,37.367423,37.971769,178.2330
1403636628.113555,4.315894,5.508909,37.572813,-0.028286,0.316326,0.161813,4.344180,5.192583,37.411000,38.018650,178.6099
1403636628.163556,4.347127,5.509437,37.631948,-0.032506,0.323055,0.170001,4.379633,5.186382,37.461947,38.072000,178.4815
1403636628.213556,4.371356,5.498126,37.664567,-0.037285,0.329845,0.179646,4.408641,5.168281,37.484921,38.095492,178.4228
1403636628.263556,4.397879,5.480418,37.708186,-0.042211,0.336535,0.190468,4.440090,5.143883,37.517718,38.128115,178.3690
1403636628.313555,4.422724,5.446844,37.745271,-0.046634,0.343268,0.202268,4.469358,5.103576,37.543003,38.150999,178.4842
1403636628.363556,4.451663,5.417519,37.766472,-0.050711,0.350500,0.214557,4.502374,5.067019,37.551915,38.158778,148.2723
1403636628.413556,4.472676,5.385666,37.773828,-0.054309,0.358160,0.226399,4.526985,5.027506,37.547429,38.152049,148.7465
1403636628.463556,4.494828,5.367404,37.784582,-0.057357,0.366259,0.237004,4.552185,5.001145,37.547578,38.151729,158.7095
1403636628.513556,4.504544,5.342983,37.809619,-0.059881,0.374970,0.246057,4.564425,4.968013,37.563562,38.164595,94.5917
1403636628.563556,4.508303,5.308859,37.839352,-0.061745,0.384154,0.253422,4.570048,4.924705,37.585930,38.181673,94.8760
1403636628.613555,4.513566,5.292920,37.869025,-0.063158,0.393963,0.259207,4.576724,4.898957,37.609818,38.202678,94.8673
1403636628.663556,4.526987,5.272950,37.900351,-0.064052,0.404674,0.263490,4.591039,4.868276,37.636861,38.227098,119.7317
1403636628.713556,4.547259,5.252346,37.935859,-0.064527,0.416643,0.266201,4.611786,4.835703,37.669658,38.257754,170.8137
1403636628.763556,4.555281,5.237316,37.974396,-0.064364,0.429632,0.266820,4.619645,4.807684,37.707576,38.292509,170.3920
1403636628.813555,4.557343,5.224725,38.014969,-0.063871,0.443299,0.265886,4.621214,4.781426,37.749083,38.330287,170.6600
1403636628.863556,4.560449,5.224916,38.040405,-0.064104,0.457746,0.263751,4.624553,4.767170,37.776654,38.356069,170.6893
1403636628.913556,4.563609,5.232999,38.059339,-0.065265,0.472676,0.263086,4.628874,4.760323,37.796253,38.375043,170.7379
1403636628.963556,4.573850,5.247451,38.088702,-0.065355,0.487223,0.264465,4.639205,4.760228,37.824237,38.403840,170.7246
1403636629.013556,4.588028,5.266025,38.106604,-0.065117,0.501565,0.268257,4.653145,4.764460,37.838347,38.419947,171.1545
1403636629.063556,4.603192,5.273866,38.124488,-0.064445,0.515796,0.274517,4.667637,4.758070,37.849971,38.432361,151.4284
1403636629.113555,4.614257,5.273512,38.144934,-0.064199,0.530424,0.282135,4.678456,4.743088,37.862799,38.444459,151.2811
1403636629.163556,4.613790,5.276791,38.166193,-0.064820,0.545697,0.289080,4.678610,4.731094,37.877113,38.457097,150.9905
1403636629.213556,4.618161,5.276422,38.188896,-0.066503,0.561554,0.294908,4.684664,4.714868,37.893988,38.472463,150.8984
1403636629.263556,4.619624,5.277185,38.228440,-0.068870,0.577543,0.299616,4.688494,4.699642,37.928824,38.505380,150.8769
1403636629.313555,4.619806,5.265126,38.269889,-0.072576,0.593862,0.302748,4.692382,4.671264,37.967141,38.540147,150.6759
1403636629.363556,4.617411,5.255576,38.326103,-0.076709,0.610241,0.304630,4.694120,4.645335,38.021473,38.590754,166.3142
1403636629.413556,4.612658,5.238369,38.387027,-0.081217,0.626796,0.305201,4.693875,4.611573,38.081826,38.646146,124.3730
1403636629.463556,4.609040,5.216946,38.442789,-0.085603,0.643986,0.304324,4.694643,4.572960,38.138465,38.697470,124.5841
1403636629.513556,4.591741,5.198120,38.496144,-0.089677,0.661706,0.301615,4.681418,4.536414,38.194529,38.746829,124.7388
1403636629.563556,4.568240,5.182684,38.549844,-0.093421,0.680236,0.296902,4.661661,4.502448,38.252942,38.798076,124.6532
1403636629.613555,4.538822,5.170067,38.603889,-0.096752,0.699819,0.290207,4.635574,4.470248,38.313682,38.851125,76.0866
1403636629.663556,4.510202,5.166567,38.666339,-0.099700,0.720231,0.281871,4.609902,4.446336,38.384468,38.915145,93.5093
1403636629.713556,4.487374,5.160851,38.741105,-0.102995,0.741595,0.272160,4.590369,4.419256,38.468945,38.993089,93.6198
1403636629.763556,4.469984,5.153501,38.826932,-0.106191,0.763839,0.261361,4.576175,4.389662,38.565571,39.083421,166.4429
1403636629.813555,4.450727,5.138221,38.915589,-0.109950,0.787166,0.249619,4.560677,4.351055,38.665970,39.176380,127.4549
1403636629.863556,4.425034,5.126894,39.001291,-0.115057,0.811577,0.237078,4.540091,4.315317,38.764213,39.267017,110.4096
1403636629.913556,4.404745,5.126443,39.087056,-0.121160,0.836685,0.224874,4.525905,4.289758,38.862182,39.359307,110.3379
1403636629.963556,4.378045,5.147920,39.144087,-0.127619,0.861993,0.214371,4.505664,4.285927,38.929716,39.423254,110.2103
1403636630.013556,4.370163,5.161968,39.175971,-0.134322,0.887155,0.206007,4.504485,4.274813,38.969964,39.461659,46.0022
1403636630.063556,4.365086,5.171988,39.199590,-0.141768,0.912642,0.199729,4.506854,4.259346,38.999861,39.489783,72.4474
1403636630.113555,4.369002,5.177603,39.236665,-0.150926,0.939260,0.195740,4.519928,4.238343,39.040925,39.529573,72.3445
1403636630.163556,4.378637,5.187745,39.264863,-0.160861,0.966415,0.194274,4.539498,4.221330,39.070589,39.559292,141.0763
1403636630.213556,4.393949,5.199573,39.292483,-0.171149,0.993964,0.194465,4.565098,4.205609,39.098018,39.587653,141.1559
1403636630.263556,4.414327,5.212763,39.319114,-0.181796,1.021860,0.196645,4.596123,4.190903,39.122469,39.613831,141.2526
1403636630.313555,4.438831,5.226835,39.345318,-0.192252,1.049656,0.199768,4.631083,4.177179,39.145550,39.639246,141.3392
1403636630.363556,4.467044,5.241741,39.370688,-0.202392,1.077242,0.203946,4.669436,4.164499,39.166742,39.663338,141.4621
1403636630.413556,4.498763,5.257461,39.395226,-0.212460,1.104826,0.209454,4.711223,4.152635,39.185772,39.685825,141.1780
1403636630.463556,4.533435,5.273593,39.419118,-0.222271,1.132244,0.216203,4.755706,4.141349,39.202915,39.706877,141.3134
1403636630.513556,4.558239,5.296753,39.440332,-0.232559,1.159513,0.225137,4.790798,4.137240,39.215195,39.722789,141.4742
1403636630.563556,4.586449,5.319657,39.461601,-0.243137,1.186667,0.235283,4.829586,4.132990,39.226318,39.738024,141.5820
1403636630.613555,4.617745,5.342244,39.483162,-0.254032,1.213630,0.245555,4.871777,4.128614,39.237607,39.753862,141.7083
1403636630.663556,4.651789,5.364594,39.505119,-0.265346,1.240242,0.254441,4.917135,4.124352,39.250678,39.771902,141.8322
1403636630.713556,4.688182,5.386635,39.527620,-0.277128,1.266543,0.261988,4.965310,4.120092,39.265632,39.792201,141.9908
1403636630.763556,4.726569,5.408419,39.550763,-0.289486,1.292475,0.268180,5.016055,4.115944,39.282583,39.814861,142.1343
1403636630.813555,4.766607,5.430059,39.574335,-0.302403,1.318035,0.272718,5.069010,4.112024,39.301617,39.839938,142.2215
1403636630.863556,4.786762,5.445642,39.585285,-0.315649,1.343295,0.275845,5.102411,4.102347,39.309440,39.850921,142.3297
1403636630.913556,4.803728,5.463191,39.600241,-0.328887,1.368300,0.277466,5.132615,4.094891,39.322775,39.867185,153.5787
1403636630.963556,4.811989,5.484631,39.619925,-0.342308,1.393283,0.277709,5.154297,4.091348,39.342216,39.888794,153.5301
1403636631.013556,4.812647,5.509555,39.643912,-0.355868,1.418576,0.276945,5.168515,4.090979,39.366967,39.915007,153.4883
1403636631.063556,4.806115,5.537626,39.671645,-0.369539,1.443892,0.275398,5.175654,4.093734,39.396247,39.945091,153.4644
1403636631.113555,4.797869,5.565058,39.705506,-0.383315,1.469206,0.273290,5.181184,4.095852,39.432216,39.981500,153.4217
1403636631.163556,4.793992,5.593924,39.741476,-0.397221,1.494366,0.270604,5.191213,4.099558,39.470872,40.021304,87.4584
1403636631.213556,4.789899,5.601690,39.766817,-0.411211,1.519312,0.267712,5.201110,4.082378,39.499105,40.048679,121.7493
1403636631.263556,4.781456,5.598571,39.784887,-0.424911,1.544316,0.264615,5.206367,4.054255,39.520272,40.067382,121.6836
1403636631.313555,4.780168,5.588247,39.796795,-0.438586,1.569110,0.260947,5.218754,4.019137,39.535848,40.080820,121.7135
1403636631.363556,4.784499,5.572475,39.806334,-0.452049,1.593940,0.256281,5.236548,3.978535,39.550053,40.093103,69.5213
1403636631.413556,4.793102,5.551644,39.822916,-0.465758,1.618555,0.250008,5.258860,3.933089,39.572908,40.114085,69.8233
1403636631.463556,4.799822,5.525021,39.852851,-0.479137,1.642876,0.242333,5.278959,3.882145,39.610518,40.148867,69.8139
1403636631.513556,4.803664,5.500733,39.871013,-0.492364,1.666914,0.233575,5.296028,3.833819,39.637438,40.173032,69.9028
1403636631.563556,4.805664,5.470651,39.902767,-0.505657,1.690549,0.224306,5.311321,3.780102,39.678461,40.210441,69.8790
1403636631.613555,4.806424,5.434939,39.946392,-0.518778,1.713618,0.215375,5.325202,3.721321,39.731017,40.258660,121.0841
1403636631.663556,4.812578,5.419251,39.971991,-0.532212,1.736565,0.206974,5.344790,3.682686,39.765017,40.291259,173.9490
1403636631.713556,4.815866,5.416668,39.985143,-0.545599,1.759314,0.199395,5.361465,3.657354,39.785748,40.311627,173.9041
1403636631.763556,4.818999,5.420317,39.992706,-0.557639,1.780727,0.193603,5.376638,3.639590,39.799103,40.325221,107.6305
1403636631.813555,4.809638,5.424046,40.006481,-0.570828,1.802289,0.190236,5.380466,3.621757,39.816245,40.341045,107.6219
1403636631.863556,4.801741,5.428926,40.019781,-0.585151,1.824413,0.188526,5.386892,3.604513,39.831255,40.355173,93.3423
1403636631.913556,4.791306,5.425390,40.047385,-0.599292,1.846069,0.188151,5.390598,3.579321,39.859234,40.381043,74.2733
1403636631.963556,4.789265,5.425005,40.088650,-0.613604,1.867497,0.188153,5.402869,3.557508,39.900497,40.421486,74.4844
1403636632.013556,4.793450,5.424764,40.115637,-0.628025,1.888274,0.188706,5.421475,3.536490,39.926931,40.448226,74.6810
1403636632.063556,4.804620,5.426542,40.156982,-0.642930,1.908845,0.190001,5.447550,3.517697,39.966981,40.489623,74.8105
1403636632.113555,4.822141,5.430792,40.210575,-0.657243,1.928397,0.191089,5.479384,3.502395,40.019486,40.544416,74.9155
1403636632.163556,4.844568,5.436382,40.275630,-0.671431,1.947199,0.192605,5.515999,3.489183,40.083025,40.610953,150.4378
1403636632.213556,4.864995,5.442472,40.305975,-0.686256,1.965428,0.193459,5.551251,3.477044,40.112516,40.643821,171.9959
1403636632.263556,4.874731,5.459460,40.326916,-0.701472,1.982857,0.193247,5.576203,3.476603,40.133669,40.668074,172.0243
1403636632.313555,4.883083,5.480981,40.349249,-0.716772,1.999588,0.191219,5.599855,3.481393,40.158030,40.695772,172.0652
1403636632.363556,4.889973,5.506433,40.372684,-0.732012,2.015373,0.187643,5.621985,3.491060,40.185041,40.726303,143.0356
1403636632.413556,4.891062,5.536726,40.406248,-0.747133,2.030430,0.182014,5.638195,3.506296,40.224234,40.768522,170.8306
1403636632.463556,4.892136,5.553269,40.421525,-0.762387,2.044610,0.174409,5.654523,3.508659,40.247116,40.793562,170.7585
1403636632.513556,4.887987,5.567492,40.437492,-0.778103,2.058094,0.165567,5.666090,3.509398,40.271925,40.819706,171.0186
1403636632.563556,4.879174,5.579612,40.454018,-0.794220,2.071274,0.155366,5.673394,3.508338,40.298652,40.846998,171.3899
1403636632.613555,4.865949,5.589538,40.471047,-0.810838,2.084519,0.144580,5.676787,3.505019,40.326467,40.874626,172.1437
1403636632.663556,4.856554,5.594329,40.487660,-0.827980,2.098136,0.133462,5.684534,3.496193,40.354198,40.902305,168.8898
1403636632.713556,4.854056,5.591401,40.500889,-0.846234,2.112494,0.122941,5.700290,3.478907,40.377948,40.926456,169.2193
1403636632.763556,4.851281,5.577369,40.519827,-0.864836,2.127537,0.113990,5.716117,3.449832,40.405837,40.953717,169.5919
1403636632.813555,4.853068,5.555147,40.548808,-0.883694,2.143200,0.107475,5.736762,3.411947,40.441333,40.988453,169.9620
1403636632.863556,4.859412,5.525237,40.586902,-0.903571,2.160000,0.103290,5.762983,3.365237,40.483612,41.029984,128.1963
1403636632.913556,4.874105,5.500118,40.624508,-0.923663,2.177467,0.101418,5.797768,3.322651,40.523090,41.070366,128.1213
1403636632.963556,4.895414,5.478638,40.662565,-0.944091,2.195525,0.100616,5.839505,3.283113,40.561949,41.111438,128.0668
1403636633.013556,4.917442,5.475538,40.684417,-0.964977,2.213948,0.101312,5.882419,3.261590,40.583105,41.136714,148.4194
1403636633.063556,4.930069,5.479259,40.713162,-0.985742,2.232231,0.102679,5.915811,3.247028,40.610483,41.167357,148.3147
1403636633.113555,4.945597,5.481702,40.736019,-1.006643,2.250389,0.104227,5.952240,3.231313,40.631792,41.192391,144.5418
1403636633.163556,4.952960,5.486873,40.772436,-1.027696,2.268339,0.104352,5.980656,3.218534,40.668084,41.231302,143.9329
1403636633.213556,4.953375,5.494462,40.821095,-1.049085,2.285856,0.102865,6.002460,3.208606,40.718230,41.283155,143.6231
1403636633.263556,4.949778,5.505091,40.851119,-1.070510,2.303022,0.099556,6.020288,3.202069,40.751563,41.318120,143.4821
1403636633.313555,4.944548,5.510373,40.872815,-1.092208,2.319855,0.095038,6.036756,3.190518,40.777777,41.345482,179.5641
1403636633.363556,4.933621,5.514551,40.895586,-1.113988,2.336517,0.089082,6.047609,3.178034,40.806504,41.374439,179.1368
1403636633.413556,4.923138,5.510198,40.914735,-1.136290,2.353149,0.082066,6.059428,3.157049,40.832669,41.400368,137.6795
1403636633.463556,4.918946,5.498981,40.932470,-1.158620,2.369694,0.073857,6.077566,3.129287,40.858613,41.426507,116.1009
1403636633.513556,4.923162,5.493297,40.961291,-1.181432,2.386569,0.064813,6.104594,3.106728,40.896478,41.466128,116.1832
1403636633.563556,4.926419,5.485491,40.986257,-1.204766,2.403794,0.055279,6.131185,3.081697,40.930978,41.502207,116.2560
1403636633.613555,4.931804,5.475871,41.016682,-1.228564,2.421675,0.046008,6.160368,3.054196,40.970674,41.543645,116.2448
1403636633.663556,4.945541,5.471749,41.057211,-1.253287,2.440175,0.038061,6.198828,3.031574,41.019150,41.595512,116.3312
1403636633.713556,4.966381,5.473066,41.106510,-1.278519,2.459151,0.032145,6.244900,3.013915,41.074365,41.655562,116.0073
1403636633.763556,4.978493,5.465084,41.144027,-1.304240,2.478596,0.027621,6.282733,2.986488,41.116406,41.700728,127.5297
1403636633.813555,4.984072,5.465902,41.192462,-1.330933,2.498811,0.025257,6.315005,2.967091,41.167205,41.754302,127.6183
1403636633.863556,4.983598,5.474394,41.250820,-1.358096,2.519280,0.024595,6.341694,2.955114,41.226225,41.815684,127.5810
1403636633.913556,4.978080,5.490099,41.317527,-1.385701,2.540033,0.025222,6.363781,2.950066,41.292305,41.883828,127.4067
1403636633.963556,4.955869,5.495180,41.379352,-1.413818,2.561153,0.025730,6.369687,2.934027,41.353622,41.944051,150.7240
1403636634.013556,4.939650,5.492600,41.411298,-1.442133,2.582939,0.025135,6.381783,2.909661,41.386163,41.976276,151.1642
1403636634.063556,4.915709,5.487437,41.448729,-1.470639,2.605722,0.023515,6.386348,2.881715,41.425214,42.013546,151.2162
1403636634.113555,4.894597,5.479441,41.493029,-1.499279,2.629167,0.022345,6.393876,2.850274,41.470684,42.057381,151.1897
1403636634.163556,4.865948,5.469061,41.541192,-1.527753,2.653773,0.022662,6.393701,2.815288,41.518530,42.102181,151.3851
1403636634.213556,4.847484,5.459465,41.593759,-1.556537,2.679579,0.024912,6.404021,2.779886,41.568847,42.151018,106.9534
1403636634.263556,4.838780,5.449185,41.649798,-1.586032,2.706544,0.029370,6.424812,2.742641,41.620428,42.202610,108.1875
1403636634.313555,4.841326,5.442694,41.709037,-1.616169,2.734137,0.035383,6.457495,2.708557,41.673654,42.257886,108.1453
1403636634.363556,4.853144,5.439713,41.771103,-1.646529,2.762112,0.041368,6.499673,2.677601,41.729735,42.317680,108.0713
1403636634.413556,4.872516,5.439692,41.835824,-1.677041,2.790396,0.046264,6.549557,2.649296,41.789560,42.382577,107.9776
1403636634.463556,4.883092,5.443122,41.901567,-1.707431,2.818736,0.049218,6.590523,2.624386,41.852349,42.449281,159.4014
1403636634.513556,4.890247,5.454677,41.968176,-1.737691,2.846796,0.050524,6.627938,2.607881,41.917652,42.518468,159.4584
1403636634.563556,4.893978,5.473883,42.035489,-1.767665,2.874718,0.050177,6.661643,2.599165,41.985312,42.589900,159.5029
1403636634.613555,4.891036,5.497953,42.103612,-1.797279,2.901975,0.048152,6.688315,2.595978,42.055460,42.663033,159.4748
1403636634.663556,4.885928,5.528131,42.172167,-1.826687,2.928445,0.044717,6.712615,2.599686,42.127450,42.738035,159.4062
1403636634.713556,4.884439,5.558247,42.242917,-1.855632,2.954480,0.041156,6.740071,2.603767,42.201761,42.815848,159.3090
1403636634.763556,4.880636,5.571326,42.310070,-1.884105,2.979754,0.037966,6.764741,2.591572,42.272104,42.888328,159.3503
1403636634.813555,4.875109,5.576935,42.375001,-1.912255,3.004396,0.035925,6.787364,2.572539,42.339076,42.956764,159.4049
1403636634.863556,4.867725,5.586936,42.441301,-1.940131,3.028626,0.035226,6.807856,2.558310,42.406075,43.025191,139.7326
1403636634.913556,4.855009,5.590517,42.509249,-1.967891,3.052219,0.036255,6.822900,2.538298,42.472994,43.092344,139.7094
1403636634.963556,4.832529,5.592211,42.577605,-1.995659,3.075387,0.038799,6.828188,2.516824,42.538806,43.156790,139.7214
1403636635.013556,4.804781,5.597363,42.645941,-2.023776,3.098182,0.043326,6.828557,2.499181,42.602615,43.218722,76.3769
1403636635.063556,4.798191,5.593399,42.685360,-2.051873,3.120423,0.047281,6.850064,2.472976,42.638079,43.255575,76.8671
1403636635.113555,4.790607,5.591035,42.730943,-2.080121,3.142367,0.049928,6.870728,2.448668,42.681015,43.299792,76.8512
1403636635.163556,4.781793,5.590548,42.781217,-2.108291,3.163910,0.050929,6.890084,2.426638,42.730288,43.350194,85.9661
1403636635.213556,4.774008,5.597180,42.834731,-2.136614,3.185252,0.050282,6.910622,2.411928,42.784449,43.406027,150.5520
1403636635.263556,4.762438,5.611882,42.889705,-2.165505,3.206304,0.048366,6.927943,2.405578,42.841339,43.464509,150.5398
1403636635.313555,4.741427,5.630683,42.942561,-2.194661,3.227015,0.045232,6.936088,2.403668,42.897329,43.520889,150.5835
1403636635.363556,4.723413,5.647499,42.967905,-2.224532,3.247653,0.041837,6.947945,2.399846,42.926068,43.550896,150.4278
1403636635.413556,4.706663,5.664774,43.000498,-2.254467,3.268450,0.039710,6.961130,2.396324,42.960788,43.587028,150.4582
1403636635.463556,4.690646,5.685981,43.040053,-2.285392,3.289692,0.038782,6.976038,2.396289,43.001271,43.629309,150.4722
1403636635.513556,4.672993,5.711480,43.083689,-2.317509,3.311301,0.039970,6.990502,2.400179,43.043719,43.673673,150.4803
1403636635.563556,4.663017,5.728000,43.106036,-2.348837,3.332931,0.043323,7.011854,2.395069,43.062713,43.695534,150.3623
1403636635.613555,4.650495,5.748005,43.134698,-2.379190,3.354718,0.047366,7.029685,2.393287,43.087332,43.722563,125.6638
1403636635.663556,4.630893,5.766330,43.170224,-2.409895,3.377236,0.052671,7.040788,2.389094,43.117553,43.753900,125.6230
1403636635.713556,4.603216,5.780821,43.212570,-2.441303,3.400365,0.059343,7.044519,2.380456,43.153227,43.789186,125.5749
1403636635.763556,4.567422,5.792060,43.261125,-2.474020,3.424397,0.068479,7.041442,2.367663,43.192646,43.826846,125.4983
1403636635.813555,4.525116,5.799869,43.314923,-2.506430,3.448821,0.079642,7.031546,2.351048,43.235281,43.866383,125.5402
1403636635.863556,4.476581,5.804854,43.373753,-2.539160,3.474422,0.092913,7.015741,2.330432,43.280840,43.907661,125.5187
1403636635.913556,4.428969,5.816555,43.437702,-2.570617,3.500744,0.107005,6.999586,2.315811,43.330697,43.953458,45.1028
1403636635.963556,4.385098,5.820653,43.513432,-2.602144,3.528483,0.121789,6.987242,2.292170,43.391643,44.010342,45.0208
1403636636.013556,4.345163,5.818169,43.599027,-2.633155,3.557014,0.136353,6.978318,2.261155,43.462674,44.077361,44.6904
1403636636.063556,4.308281,5.810269,43.692954,-2.664296,3.586618,0.149807,6.972577,2.223651,43.543147,44.153902,44.3705
1403636636.113555,4.274557,5.796978,43.794845,-2.695689,3.616883,0.162258,6.970246,2.180095,43.632587,44.239572,44.1717
1403636636.163556,4.243291,5.778387,43.904457,-2.727704,3.647793,0.175555,6.970995,2.130594,43.728902,44.332280,44.0370
1403636636.213556,4.214585,5.754969,44.020727,-2.759931,3.679134,0.190644,6.974516,2.075835,43.830083,44.430048,43.8544
1403636636.263556,4.188240,5.726708,44.143406,-2.792377,3.710667,0.207750,6.980617,2.016041,43.935656,44.532407,43.6312
1403636636.313555,4.163578,5.694428,44.271814,-2.824773,3.741995,0.226278,6.988351,1.952433,44.045536,44.639201,43.4887
1403636636.363556,4.140930,5.658794,44.404810,-2.857089,3.773145,0.245742,6.998019,1.885649,44.159068,44.749874,43.3464
1403636636.413556,4.120190,5.620484,44.541429,-2.888932,3.803792,0.264585,7.009122,1.816692,44.276844,44.864987,43.2169
1403636636.463556,4.101487,5.580158,44.680946,-2.919907,3.833871,0.281580,7.021394,1.746287,44.399366,44.985033,43.1597
1403636636.513556,4.084203,5.537798,44.822964,-2.949813,3.863328,0.295987,7.034016,1.674470,44.526977,45.110230,43.0304
1403636636.563556,4.068376,5.493409,44.967069,-2.978439,3.891901,0.308210,7.046815,1.601508,44.658859,45.239763,42.8833
1403636636.613555,4.054008,5.447310,45.113383,-3.006159,3.919645,0.318830,7.060167,1.527665,44.794553,45.373249,42.7828
1403636636.663556,4.040681,5.399891,45.261272,-3.032633,3.946237,0.327167,7.073314,1.453654,44.934105,45.510643,42.6348
1403636636.713556,4.028322,5.350794,45.410789,-3.058105,3.971337,0.333470,7.086427,1.379457,45.077319,45.651780,42.5412
1403636636.763556,4.016770,5.300161,45.561724,-3.082777,3.994742,0.337575,7.099547,1.305419,45.224149,45.796630,79.2666
1403636636.813555,4.040434,5.245488,45.660915,-3.106588,4.016281,0.339536,7.147022,1.229207,45.321379,45.897911,79.4549
1403636636.863556,4.043950,5.187171,45.754589,-3.129626,4.035751,0.339337,7.173576,1.151420,45.415252,45.992729,79.5053
1403636636.913556,4.049582,5.136620,45.857487,-3.152130,4.052941,0.336919,7.201712,1.083679,45.520568,46.099470,79.6028
1403636636.963556,4.057368,5.093153,45.968506,-3.174190,4.068104,0.333058,7.231558,1.025049,45.635448,46.216234,79.6783
1403636637.013556,4.051301,5.047736,46.035516,-3.195652,4.081541,0.327778,7.246953,0.966195,45.707738,46.288759,79.7620
1403636637.063556,4.049003,5.008957,46.114419,-3.216490,4.093803,0.321595,7.265493,0.915154,45.792824,46.374644,112.0959
1403636637.113555,4.042520,4.982401,46.195421,-3.236432,4.104983,0.314107,7.278952,0.877418,45.881314,46.463405,112.1237
1403636637.163556,4.014169,4.974230,46.254746,-3.255837,4.115698,0.305731,7.270006,0.858532,45.949015,46.528507,112.1055
1403636637.213556,3.996116,4.985072,46.288335,-3.274451,4.125721,0.296743,7.270567,0.859351,45.991592,46.570658,111.8829
1403636637.263556,3.975383,5.004203,46.328453,-3.292568,4.135306,0.288623,7.267951,0.868897,46.039830,46.618066,145.8153
1403636637.313555,3.973489,5.007928,46.372651,-3.312045,4.145191,0.282165,7.285534,0.862737,46.090486,46.670721,146.0049
1403636637.363556,3.975265,4.999229,46.413499,-3.332414,4.154971,0.278207,7.307679,0.844258,46.135292,46.718092,160.0609
1403636637.413556,3.985920,4.985586,46.458131,-3.354336,4.164721,0.276601,7.340256,0.820865,46.181530,46.768439,159.8900
1403636637.463556,4.002419,4.984199,46.499797,-3.376755,4.174371,0.278027,7.379174,0.809828,46.221770,46.814101,159.8117
1403636637.513556,4.025660,4.977774,46.546032,-3.398113,4.183426,0.280861,7.423773,0.794348,46.265171,46.863733,110.9849
1403636637.563556,4.042005,4.963510,46.601611,-3.418651,4.192029,0.284489,7.460656,0.771481,46.317122,46.920490,110.8933
1403636637.613555,4.045192,4.951313,46.633231,-3.438579,4.200190,0.289483,7.483771,0.751123,46.343748,46.950122,110.5124
1403636637.663556,4.043182,4.931394,46.675140,-3.458178,4.208219,0.296326,7.501360,0.723175,46.378814,46.987103,110.4214
1403636637.713556,4.036644,4.904140,46.725482,-3.479667,4.216855,0.305805,7.516311,0.687285,46.419677,47.029285,134.8682
1403636637.763556,4.026697,4.890793,46.749601,-3.502604,4.226005,0.316433,7.529301,0.664788,46.433168,47.044356,134.3708
1403636637.813555,4.008084,4.878410,46.775862,-3.525253,4.234940,0.328967,7.533337,0.643470,46.446895,47.058254,134.4424
1403636637.863556,3.982068,4.866515,46.804096,-3.547770,4.243559,0.343434,7.529838,0.622956,46.460662,47.071007,179.0531
1403636637.913556,3.958333,4.855420,46.829083,-3.571250,4.252206,0.359365,7.529583,0.603214,46.469718,47.079647,179.3636
1403636637.963556,3.946140,4.847408,46.839407,-3.594313,4.260682,0.373266,7.540453,0.586726,46.466141,47.077648,127.0835
1403636638.013556,3.940625,4.836525,46.847088,-3.617305,4.269149,0.382803,7.557930,0.567376,46.464285,47.078382,104.2787
1403636638.063556,3.937432,4.830036,46.859412,-3.640152,4.277414,0.388002,7.577584,0.552622,46.471410,47.088397,104.1851
1403636638.113555,3.934269,4.823156,46.872721,-3.662982,4.285668,0.388992,7.597251,0.537488,46.483729,47.103548,104.1539
1403636638.163556,3.931819,4.817345,46.887290,-3.685449,4.293575,0.387183,7.617268,0.523770,46.500107,47.122787,104.1016
1403636638.213556,3.927467,4.807275,46.917880,-3.707434,4.301331,0.383563,7.634901,0.505944,46.534317,47.159202,104.0436
1403636638.263556,3.918943,4.788507,46.959483,-3.728982,4.308983,0.378762,7.647925,0.479524,46.580721,47.206824,37.9147
1403636638.313555,3.908909,4.766753,47.014249,-3.749977,4.316316,0.372217,7.658886,0.450437,46.642032,47.268812,37.8253
1403636638.363556,3.891856,4.747951,47.080448,-3.770528,4.323585,0.363319,7.662384,0.424366,46.717129,47.343240,96.3961
1403636638.413556,3.885796,4.743320,47.121758,-3.790529,4.331002,0.352443,7.676325,0.412318,46.769315,47.396886,96.3833
1403636638.463556,3.875871,4.735073,47.176910,-3.811148,4.339066,0.340591,7.687019,0.396007,46.836319,47.464596,96.2089
1403636638.513556,3.861875,4.729207,47.244838,-3.832697,4.348013,0.328518,7.694572,0.381194,46.916320,47.544640,32.2860
1403636638.563556,3.854226,4.720223,47.325137,-3.853639,4.357883,0.318042,7.707865,0.362340,47.007095,47.636220,84.8566
1403636638.613555,3.834183,4.698115,47.392037,-3.875902,4.369427,0.309848,7.710085,0.328688,47.082189,47.710439,84.8691
1403636638.663556,3.820062,4.704258,47.463205,-3.899994,4.382523,0.305135,7.720056,0.321735,47.158070,47.786884,84.7702
1403636638.713556,3.809364,4.701255,47.507140,-3.925607,4.397089,0.303489,7.734971,0.304166,47.203651,47.834161,84.7982
1403636638.763556,3.798178,4.691915,47.540626,-3.952044,4.412406,0.304077,7.750222,0.279509,47.236549,47.868942,84.8047
1403636638.813555,3.788936,4.681091,47.567287,-3.979935,4.428486,0.307240,7.768871,0.252605,47.260047,47.895002,84.8468
1403636638.863556,3.778066,4.674161,47.610530,-4.008547,4.444960,0.312414,7.786613,0.229201,47.298116,47.935328,84.9116
1403636638.913556,3.766076,4.670706,47.669230,-4.036617,4.461350,0.317868,7.802693,0.209356,47.351362,47.990388,84.9875
1403636638.963556,3.753216,4.671022,47.742261,-4.065387,4.478433,0.325201,7.818603,0.192589,47.417060,48.057728,85.0639
1403636639.013556,3.739545,4.674486,47.827132,-4.094984,4.496036,0.332886,7.834529,0.178450,47.494246,48.136422,85.1104
1403636639.063556,3.725299,4.680162,47.922169,-4.125253,4.514253,0.340382,7.850552,0.165909,47.581787,48.225358,85.1797
1403636639.113555,3.710792,4.687679,48.026094,-4.155550,4.533326,0.345477,7.866342,0.154353,47.680617,48.325402,85.2285
1403636639.163556,3.696292,4.696840,48.137559,-4.185560,4.553389,0.347058,7.881852,0.143451,47.790501,48.436311,85.2732
1403636639.213556,3.681952,4.707401,48.255636,-4.215384,4.574541,0.344818,7.897336,0.132860,47.910818,48.557513,85.3297
1403636639.263556,3.666078,4.700257,48.322234,-4.245380,4.597104,0.338465,7.911458,0.103153,47.983769,48.631716,85.3790
1403636639.313555,3.647506,4.681345,48.370952,-4.274934,4.621356,0.329829,7.922440,0.059989,48.041123,48.690021,85.3922
1403636639.363556,3.625127,4.656378,48.419638,-4.304125,4.646858,0.319854,7.929252,0.009520,48.099784,48.748972,85.4100
1403636639.413556,3.593775,4.633080,48.464326,-4.333568,4.673502,0.308794,7.927343,-0.040422,48.155532,48.803685,85.3668
1403636639.463556,3.556388,4.625582,48.513774,-4.363064,4.700921,0.296786,7.919452,-0.075339,48.216988,48.863088,85.2745
1403636639.513556,3.520794,4.621528,48.577203,-4.392656,4.728818,0.284083,7.913450,-0.107290,48.293120,48.937303,85.1847
1403636639.563556,3.477666,4.626531,48.624489,-4.422268,4.756796,0.270628,7.899934,-0.130265,48.353861,48.995120,84.9196
1403636639.613555,3.436470,4.633741,48.686021,-4.452271,4.784309,0.256276,7.888741,-0.150568,48.429745,49.068269,128.6288
1403636639.663556,3.421881,4.648442,48.750619,-4.482659,4.811076,0.242361,7.904540,-0.162634,48.508258,49.148340,128.7073
1403636639.713556,3.415159,4.660027,48.819674,-4.512825,4.836983,0.229582,7.927984,-0.176956,48.590092,49.232929,128.7803
1403636639.763556,3.428429,4.671876,48.888054,-4.542778,4.862300,0.217887,7.971207,-0.190424,48.670167,49.318977,128.9220
1403636639.813555,3.440898,4.679448,48.959302,-4.571921,4.887041,0.207713,8.012819,-0.207593,48.751589,49.406131,128.9258
1403636639.863556,3.448042,4.693321,49.032729,-4.600916,4.911359,0.199422,8.048958,-0.218038,48.833307,49.492678,128.9784
1403636639.913556,3.452725,4.715438,49.107706,-4.628539,4.934900,0.193022,8.081264,-0.219462,48.914684,49.578234,129.0862
1403636639.963556,3.458707,4.733851,49.186191,-4.655700,4.958233,0.188143,8.114407,-0.224382,48.998048,49.665911,129.1470
1403636640.013556,3.462469,4.749351,49.266565,-4.682418,4.981191,0.184864,8.144887,-0.231840,49.081701,49.753455,129.2460
1403636640.063556,3.474194,4.770763,49.348495,-4.709372,5.003905,0.183696,8.183566,-0.233142,49.164799,49.841775,129.3639
1403636640.113555,3.493055,4.797056,49.431829,-4.736301,5.026455,0.185059,8.229356,-0.229399,49.246770,49.930144,129.4804
1403636640.163556,3.517840,4.827740,49.516933,-4.762530,5.048486,0.188040,8.280370,-0.220746,49.328893,50.019526,161.4316
1403636640.213556,3.531160,4.828310,49.602048,-4.787656,5.070142,0.193073,8.318816,-0.241832,49.408975,50.104970,161.2010
1403636640.263556,3.536334,4.839448,49.683783,-4.811561,5.091466,0.198782,8.347895,-0.252018,49.485001,50.184821,161.0584
1403636640.313555,3.538416,4.825715,49.736066,-4.834686,5.112283,0.203687,8.373102,-0.286568,49.532379,50.235919,160.6230
1403636640.363556,3.537626,4.797578,49.780346,-4.857248,5.132760,0.207466,8.394874,-0.335182,49.572880,50.279784,160.2579
1403636640.413556,3.543398,4.765775,49.833598,-4.879198,5.152849,0.209478,8.422596,-0.387074,49.624120,50.335308,143.7624
1403636640.463556,3.542671,4.748777,49.864603,-4.900626,5.172603,0.210049,8.443297,-0.423826,49.654554,50.369075,143.6896
1403636640.513556,3.535567,4.728240,49.906260,-4.921154,5.191953,0.208458,8.456721,-0.463713,49.697802,50.414310,133.1133
1403636640.563556,3.522584,4.712716,49.947612,-4.941415,5.211097,0.206097,8.463999,-0.498381,49.741515,50.458954,133.1104
1403636640.613555,3.510395,4.714833,49.973825,-4.961405,5.229888,0.202641,8.471800,-0.515055,49.771184,50.489676,133.1247
1403636640.663556,3.492989,4.719596,50.001537,-4.980653,5.248271,0.198044,8.473642,-0.528675,49.803493,50.521976,168.6254
1403636640.713556,3.483067,4.731138,50.032895,-4.999454,5.266279,0.192106,8.482521,-0.535141,49.840789,50.560298,168.6720
1403636640.763556,3.486218,4.738001,50.053429,-5.017733,5.283819,0.185872,8.503951,-0.545818,49.867557,50.590398,168.6466
1403636640.813555,3.495003,4.751615,50.078248,-5.036268,5.301022,0.181080,8.531271,-0.549407,49.897168,50.624221,168.6419
1403636640.863556,3.509182,4.771265,50.106757,-5.053960,5.317582,0.176970,8.563142,-0.546317,49.929787,50.661717,168.6818
1403636640.913556,3.528231,4.796786,50.138350,-5.071917,5.333939,0.175113,8.600148,-0.537153,49.963237,50.700850,168.7834
1403636640.963556,3.551267,4.827542,50.173123,-5.089701,5.349990,0.175549,8.640968,-0.522448,49.997574,50.741469,170.6715
1403636641.013556,3.557265,4.846034,50.203695,-5.106161,5.365458,0.176631,8.663426,-0.519424,50.027064,50.774323,170.7477
1403636641.063556,3.564062,4.847304,50.232204,-5.122598,5.380470,0.176947,8.686660,-0.533166,50.055257,50.806211,170.9920
1403636641.113555,3.575559,4.847956,50.274974,-5.138851,5.395037,0.175902,8.714410,-0.547081,50.099072,50.854274,171.0198
1403636641.163556,3.576905,4.853519,50.308666,-5.155294,5.409197,0.173243,8.732199,-0.555678,50.135423,50.893229,171.0939
1403636641.213556,3.575594,4.866790,50.347261,-5.171459,5.422923,0.169477,8.747053,-0.556133,50.177784,50.937513,171.1854
1403636641.263556,3.579895,4.878148,50.399209,-5.187471,5.436028,0.164353,8.767366,-0.557880,50.234856,50.997242,141.4702
1403636641.313555,3.583882,4.881183,50.431955,-5.203071,5.448748,0.157572,8.786953,-0.567565,50.274383,51.039654,141.3077
1403636641.363556,3.576550,4.890677,50.463789,-5.218297,5.461270,0.149809,8.794847,-0.570593,50.313980,51.080049,141.2484
1403636641.413556,3.570044,4.887252,50.488699,-5.233405,5.473906,0.141227,8.803449,-0.586654,50.347472,51.114702,156.7933
1403636641.463556,3.569030,4.881141,50.505932,-5.248277,5.486977,0.132131,8.817307,-0.605836,50.373801,51.143247,156.7717
1403636641.513556,3.568890,4.872702,50.517037,-5.262283,5.500159,0.123538,8.831173,-0.627457,50.393499,51.165301,172.5515
1403636641.563556,3.570756,4.867609,50.522934,-5.274594,5.513103,0.115549,8.845350,-0.645494,50.407385,51.181651,172.4687
1403636641.613555,3.573683,4.865522,50.525685,-5.286655,5.525992,0.109299,8.860338,-0.660470,50.416386,51.193298,172.4071
1403636641.663556,3.579155,4.867490,50.529213,-5.298348,5.538885,0.104456,8.877503,-0.671395,50.424757,51.204657,89.8645
1403636641.713556,3.589997,4.860149,50.543048,-5.308966,5.551516,0.102169,8.898963,-0.691367,50.440879,51.224524,89.7656
1403636641.763556,3.594538,4.850730,50.557510,-5.319136,5.563995,0.102342,8.913674,-0.713265,50.455168,51.241451,74.5234
1403636641.813555,3.593916,4.846905,50.578416,-5.329241,5.576145,0.104882,8.923157,-0.729240,50.473534,51.261410,74.5245
1403636641.863556,3.588376,4.844573,50.605957,-5.340362,5.588338,0.108630,8.928738,-0.743765,50.497327,51.286017,74.5266
1403636641.913556,3.591328,4.856338,50.637186,-5.351874,5.600622,0.113487,8.943202,-0.744284,50.523699,51.314510,74.5318
1403636641.963556,3.602501,4.878462,50.672899,-5.361858,5.612711,0.121238,8.964359,-0.734249,50.551661,51.345587,74.5931
1403636642.013556,3.603660,4.894810,50.720304,-5.371482,5.624791,0.129920,8.975142,-0.729981,50.590384,51.385532,74.6518
1403636642.063556,3.600242,4.914948,50.777624,-5.380544,5.636795,0.139621,8.980786,-0.721847,50.638003,51.433286,27.4232
1403636642.113555,3.596174,4.929300,50.847753,-5.389556,5.648609,0.148755,8.985730,-0.719309,50.698998,51.494166,27.3947
1403636642.163556,3.591901,4.938426,50.929160,-5.398024,5.660022,0.156734,8.989925,-0.721596,50.772426,51.567225,78.7903
1403636642.213556,3.592579,4.952097,51.018178,-5.405640,5.670922,0.163056,8.998219,-0.718825,50.855122,51.650054,125.2896
1403636642.263556,3.591005,4.972491,51.104051,-5.412719,5.681384,0.167872,9.003724,-0.708893,50.936179,51.730687,125.2804
1403636642.313555,3.587879,4.998738,51.187672,-5.419108,5.691648,0.170848,9.006987,-0.692910,51.016824,51.810446,174.4115
1403636642.363556,3.593062,4.999706,51.261993,-5.424591,5.701877,0.171695,9.017653,-0.702171,51.090298,51.884773,174.5597
1403636642.413556,3.602909,4.992111,51.336767,-5.429614,5.711871,0.170958,9.032523,-0.719760,51.165809,51.961953,174.6962
1403636642.463556,3.619136,4.979076,51.411406,-5.434095,5.721583,0.168464,9.053231,-0.742507,51.242942,52.041824,174.8310
1403636642.513556,3.640020,4.973766,51.490945,-5.437927,5.730834,0.164334,9.077947,-0.757068,51.326611,52.128718,111.4263
1403636642.563556,3.646176,4.984191,51.576545,-5.440971,5.739642,0.158477,9.087147,-0.755451,51.418068,52.220347,23.6236
1403636642.613555,3.651405,4.994641,51.672837,-5.443763,5.747967,0.151101,9.095168,-0.753326,51.521736,52.323789,94.7727
1403636642.663556,3.659111,5.012967,51.768463,-5.446499,5.756160,0.142256,9.105610,-0.743193,51.626207,52.428330,94.8850
1403636642.713556,3.668731,5.055209,51.831006,-5.449372,5.764331,0.132724,9.118103,-0.709122,51.698282,52.501000,95.0328
1403636642.763556,3.680173,5.103122,51.895953,-5.452755,5.772606,0.123666,9.132928,-0.669484,51.772287,52.575929,105.4627
1403636642.813555,3.711434,5.128378,51.964228,-5.456666,5.780925,0.117036,9.168100,-0.652547,51.847192,52.655591,171.6366
1403636642.863556,3.745758,5.148579,52.044739,-5.460397,5.789024,0.112627,9.206155,-0.640445,51.932112,52.745689,171.5745
1403636642.913556,3.759475,5.170881,52.130473,-5.465227,5.797438,0.109990,9.224702,-0.626557,52.020483,52.835768,171.4800
1403636642.963556,3.777349,5.188691,52.226774,-5.469639,5.805826,0.109338,9.246988,-0.617135,52.117436,52.935006,171.3736
1403636643.013556,3.804287,5.181371,52.287342,-5.474542,5.814424,0.110985,9.278829,-0.633053,52.176357,52.998770,136.3275
1403636643.063556,3.835300,5.157903,52.329700,-5.480832,5.823904,0.113992,9.316132,-0.666001,52.215708,53.044454,109.2171
1403636643.113555,3.867010,5.123725,52.359483,-5.487536,5.833693,0.116734,9.354546,-0.709968,52.242749,53.078398,108.9418
1403636643.163556,3.901045,5.085830,52.393733,-5.494263,5.843668,0.118016,9.395308,-0.757838,52.275717,53.118704,108.9228
1403636643.213556,3.941695,5.048443,52.429239,-5.500819,5.853892,0.117712,9.442514,-0.805449,52.311527,53.163010,108.7825
1403636643.263556,3.983856,5.007494,52.468653,-5.507033,5.864048,0.115689,9.490889,-0.856554,52.352964,53.213189,108.7872
1403636643.313555,4.008500,4.990173,52.507469,-5.512886,5.874417,0.112436,9.521386,-0.884244,52.395033,53.260475,108.7930
1403636643.363556,4.020053,4.982028,52.543611,-5.517975,5.884641,0.108903,9.538028,-0.902613,52.434708,53.302789,108.8337
1403636643.413556,4.026902,4.979692,52.576319,-5.523493,5.895199,0.107128,9.550395,-0.915507,52.469191,53.339143,108.8880
1403636643.463556,4.039066,4.969590,52.613275,-5.529495,5.906132,0.107505,9.568561,-0.936542,52.505770,53.378744,108.9782
1403636643.513556,4.052316,4.959246,52.632506,-5.536534,5.917878,0.109047,9.588850,-0.958632,52.523459,53.400176,109.3380
1403636643.563556,4.072146,4.946251,52.658048,-5.545124,5.930461,0.113133,9.617270,-0.984210,52.544915,53.426853,137.1834
1403636643.613555,4.096969,4.934208,52.687461,-5.554131,5.943667,0.118116,9.651100,-1.009459,52.569345,53.457449,137.2236
1403636643.663556,4.126909,4.925634,52.722823,-5.563158,5.956735,0.125176,9.690067,-1.031101,52.597647,53.492738,175.0330
1403636643.713556,4.153098,4.924991,52.772848,-5.572949,5.970471,0.133859,9.726047,-1.045480,52.638989,53.540192,109.1694
1403636643.763556,4.180509,4.921250,52.832232,-5.582778,5.983880,0.144202,9.763287,-1.062630,52.688030,53.595517,80.9885
1403636643.813555,4.201399,4.921343,52.898395,-5.593465,5.997802,0.153901,9.794864,-1.076459,52.744494,53.657057,81.0710
1403636643.863556,4.233873,4.922172,52.965158,-5.605393,6.012274,0.162474,9.839266,-1.090102,52.802684,53.722648,81.1324
1403636643.913556,4.270694,4.928127,53.034128,-5.618596,6.026889,0.169981,9.889290,-1.098762,52.864147,53.792410,81.1709
1403636643.963556,4.304885,4.938407,53.108028,-5.633268,6.042185,0.175794,9.938153,-1.103778,52.932234,53.868420,128.7115
1403636644.013556,4.342609,4.953884,53.183183,-5.649439,6.057928,0.180163,9.992048,-1.104044,53.003020,53.947938,128.7557
1403636644.063556,4.372936,4.965322,53.262708,-5.667000,6.073925,0.183133,10.039936,-1.108603,53.079575,54.032125,128.7767
1403636644.113555,4.406936,4.981639,53.342987,-5.685977,6.090344,0.184637,10.092913,-1.108705,53.158350,54.119371,128.8313
1403636644.163556,4.438672,4.975740,53.397144,-5.706653,6.107328,0.185226,10.145325,-1.131588,53.211918,54.182251,125.1603
1403636644.213556,4.464424,4.960528,53.440746,-5.729008,6.124694,0.184992,10.193432,-1.164166,53.255754,54.235014,148.4467
1403636644.263556,4.472025,4.951134,53.465084,-5.752757,6.142611,0.183698,10.224782,-1.191477,53.281386,54.266673,148.5150
1403636644.313555,4.477573,4.940902,53.483375,-5.777505,6.161053,0.181273,10.255078,-1.220151,53.302102,54.293365,148.3615
1403636644.363556,4.481006,4.931575,53.498276,-5.802517,6.180569,0.177111,10.283523,-1.248994,53.321165,54.318114,148.2380
1403636644.413556,4.475835,4.919176,53.520900,-5.827384,6.201005,0.171098,10.303219,-1.281829,53.349802,54.350720,148.4522
1403636644.463556,4.462950,4.904235,53.550369,-5.851812,6.222578,0.163129,10.314762,-1.318343,53.387240,54.390530,148.3453
1403636644.513556,4.442834,4.886888,53.586146,-5.875520,6.245071,0.153150,10.318354,-1.358183,53.432996,54.437103,140.9321
1403636644.563556,4.422217,4.876604,53.621242,-5.898362,6.268759,0.140915,10.320579,-1.392155,53.480327,54.484841,159.3766
1403636644.613555,4.409831,4.868865,53.638829,-5.920037,6.293827,0.127078,10.329868,-1.424962,53.511751,54.518292,159.3687
1403636644.663556,4.401296,4.861906,53.648345,-5.940454,6.320171,0.111724,10.341750,-1.458265,53.536621,54.545835,159.3372
1403636644.713556,4.388487,4.850310,53.655926,-5.959618,6.347479,0.094854,10.348105,-1.497169,53.561072,54.572093,159.2949
1403636644.763556,4.374031,4.832816,53.667433,-5.977586,6.375360,0.076002,10.351617,-1.542544,53.591431,54.603818,159.3625
1403636644.813555,4.355323,4.810731,53.679108,-5.994591,6.403689,0.055993,10.349914,-1.592958,53.623115,54.636039,159.3241
1403636644.863556,4.333231,4.786158,53.686405,-6.010883,6.431594,0.033975,10.344114,-1.645436,53.652430,54.665267,159.3574
1403636644.913556,4.309678,4.767202,53.687473,-6.026765,6.459219,0.012140,10.336443,-1.692017,53.675333,54.687717,147.8521
1403636644.963556,4.284088,4.755204,53.682611,-6.042352,6.486348,-0.008247,10.326440,-1.731144,53.690858,54.702289,110.9809
1403636645.013556,4.250986,4.747437,53.687727,-6.057212,6.512757,-0.027023,10.308198,-1.765320,53.714750,54.723393,110.7602
1403636645.063556,4.216568,4.751487,53.691622,-6.071903,6.538768,-0.044299,10.288471,-1.787281,53.735921,54.741175,110.2196
1403636645.113555,4.175860,4.752825,53.696408,-6.086109,6.564509,-0.059263,10.261969,-1.811684,53.755671,54.756391,120.1891
1403636645.163556,4.145020,4.751734,53.714321,-6.100169,6.590346,-0.072398,10.245189,-1.838612,53.786719,54.784629,120.0850
1403636645.213556,4.110664,4.749581,53.720552,-6.117130,6.617142,-0.083002,10.227794,-1.867561,53.803554,54.798886,110.7365
1403636645.263556,4.089983,4.749856,53.727350,-6.136952,6.645090,-0.090401,10.226935,-1.895234,53.817751,54.813615,110.8631
1403636645.313555,4.075543,4.750453,53.734436,-6.158725,6.673700,-0.095816,10.234268,-1.923247,53.830252,54.828234,110.7950
1403636645.363556,4.057650,4.746799,53.741683,-6.182780,6.703288,-0.099744,10.240430,-1.956489,53.841427,54.841531,110.7385
1403636645.413556,4.043792,4.742863,53.748845,-6.208810,6.733602,-0.103344,10.252602,-1.990739,53.852189,54.855602,110.6848
1403636645.463556,4.033029,4.740619,53.756223,-6.236469,6.764238,-0.107732,10.269498,-2.023619,53.863955,54.871516,110.7018
1403636645.513556,4.014394,4.740541,53.771446,-6.265462,6.795240,-0.113480,10.279856,-2.054699,53.884926,54.895195,110.6087
1403636645.563556,3.988567,4.742345,53.794020,-6.295940,6.826615,-0.121103,10.284507,-2.084270,53.915123,54.926822,110.5152
1403636645.613555,3.956162,4.745692,53.822808,-6.327776,6.858509,-0.129736,10.283938,-2.112817,53.952544,54.964537,110.4038
1403636645.663556,3.936583,4.747451,53.840237,-6.360743,6.890643,-0.138805,10.297326,-2.143192,53.979042,54.994228,110.4268
1403636645.713556,3.922508,4.749058,53.852388,-6.394890,6.923571,-0.147248,10.317398,-2.174513,53.999636,55.019432,110.3960
1403636645.763556,3.899528,4.753037,53.871412,-6.430680,6.956631,-0.154186,10.330208,-2.203594,54.025598,55.048472,110.3594
1403636645.813555,3.868028,4.758626,53.897497,-6.467726,6.989925,-0.158710,10.335754,-2.231299,54.056207,55.080669,110.3036
1403636645.863556,3.847522,4.759849,53.913511,-6.505760,7.023563,-0.160050,10.353282,-2.263714,54.073561,55.102312,110.2401
1403636645.913556,3.818116,4.762992,53.936600,-6.543841,7.056910,-0.158040,10.361957,-2.293918,54.094640,55.125876,110.1734
1403636645.963556,3.795503,4.774099,53.951113,-6.583495,7.091049,-0.152613,10.378998,-2.316950,54.103726,55.138961,44.8048
1403636646.013556,3.783661,4.778359,53.969722,-6.623147,7.125589,-0.145375,10.406808,-2.347230,54.115097,55.156640,44.7973
1403636646.063556,3.776989,4.782685,53.987431,-6.661115,7.157703,-0.136863,10.438104,-2.375018,54.124294,55.172764,44.7714
1403636646.113555,3.767977,4.791912,54.021086,-6.699136,7.191648,-0.127554,10.467113,-2.399736,54.148640,55.203210,44.8356
1403636646.163556,3.756917,4.805156,54.068860,-6.736866,7.224318,-0.118127,10.493783,-2.419162,54.186987,55.246732,45.0906
1403636646.213556,3.744251,4.822261,54.129448,-6.775240,7.258345,-0.109615,10.519491,-2.436084,54.239063,55.303437,45.2287
1403636646.263556,3.730526,4.842386,54.201532,-6.812297,7.293037,-0.102546,10.542823,-2.450651,54.304078,55.372283,45.5760
1403636646.313555,3.715384,4.865700,54.284142,-6.848643,7.327971,-0.096038,10.564027,-2.462271,54.380180,55.451469,46.1803
1403636646.363556,3.703960,4.871638,54.332921,-6.883725,7.364023,-0.091388,10.587685,-2.492385,54.424309,55.500598,45.9980
1403636646.413556,3.691633,4.881591,54.394287,-6.916954,7.400837,-0.088488,10.608587,-2.519246,54.482775,55.563131,46.3945
1403636646.463556,3.679676,4.879419,54.435228,-6.949117,7.437984,-0.085977,10.628793,-2.558565,54.521205,55.606468,46.1840
1403636646.513556,3.663100,4.872229,54.468643,-6.980155,7.475585,-0.082682,10.643255,-2.603356,54.551325,55.640843,45.8023
1403636646.563556,3.658678,4.863174,54.500067,-7.009334,7.513016,-0.079071,10.668012,-2.649842,54.579138,55.675043,45.7959
1403636646.613555,3.657651,4.851358,54.529829,-7.037404,7.550533,-0.075024,10.695055,-2.699175,54.604853,55.707806,45.7434
1403636646.663556,3.658581,4.839072,54.558071,-7.064418,7.588083,-0.068766,10.722999,-2.749011,54.626837,55.737161,45.7651
1403636646.713556,3.658003,4.833476,54.579876,-7.090395,7.625087,-0.060126,10.748398,-2.791611,54.640002,55.757071,45.9228
1403636646.763556,3.657175,4.827103,54.601763,-7.115361,7.661497,-0.049054,10.772536,-2.834394,54.650817,55.774484,45.8630
1403636646.813555,3.653685,4.827016,54.640352,-7.139452,7.697211,-0.035725,10.793137,-2.870195,54.676077,55.805047,45.9932
1403636646.863556,3.651733,4.827137,54.667769,-7.162180,7.732464,-0.020594,10.813913,-2.905327,54.688363,55.822923,46.0701
1403636646.913556,3.647305,4.832412,54.709947,-7.183917,7.766761,-0.005310,10.831222,-2.934349,54.715257,55.854142,46.2105
1403636646.963556,3.641106,4.842421,54.765478,-7.204732,7.800547,0.009181,10.845838,-2.958126,54.756297,55.898433,46.3701
1403636647.013556,3.632570,4.856543,54.832866,-7.224743,7.833735,0.022317,10.857313,-2.977192,54.810549,55.954814,46.4494
1403636647.063556,3.622721,4.874300,54.910779,-7.244145,7.866318,0.033785,10.866866,-2.992018,54.876994,56.022544,46.4620
1403636647.113555,3.617471,4.880317,54.956021,-7.262463,7.898404,0.043359,10.879934,-3.018087,54.912662,56.061415,46.4755
1403636647.163556,3.609888,4.891323,55.014064,-7.280673,7.930313,0.051654,10.890561,-3.038990,54.962410,56.113334,46.5358
1403636647.213556,3.600577,4.906769,55.083796,-7.298078,7.961656,0.058919,10.898655,-3.054887,55.024877,56.176954,46.5310
1403636647.263556,3.596218,4.910611,55.126240,-7.315411,7.993029,0.065165,10.911629,-3.082418,55.061075,56.216430,46.5737
1403636647.313555,3.593873,4.906615,55.158921,-7.332549,8.024316,0.070108,10.926422,-3.117701,55.088813,56.248414,46.5889
1403636647.363556,3.590550,4.911555,55.182784,-7.349387,8.055694,0.073968,10.939937,-3.144139,55.108816,56.272102,46.7779
1403636647.413556,3.585144,4.921217,55.221348,-7.365622,8.086873,0.076395,10.950766,-3.165656,55.144953,56.310802,46.7397
1403636647.463556,3.577961,4.935313,55.273394,-7.381045,8.117520,0.077581,10.959006,-3.182207,55.195813,56.363144,46.7482
1403636647.513556,3.569148,4.953491,55.337902,-7.395700,8.148000,0.077924,10.964848,-3.194509,55.259978,56.427811,46.7657
1403636647.563556,3.558748,4.975589,55.413778,-7.408787,8.177686,0.078488,10.967535,-3.202097,55.335290,56.502518,46.8373
1403636647.613555,3.547139,5.001385,55.500291,-7.420528,8.207354,0.080048,10.967667,-3.205969,55.420243,56.585963,123.7731
1403636647.663556,3.545912,5.029136,55.590102,-7.431079,8.237556,0.082374,10.976991,-3.208420,55.507728,56.673593,158.6033
1403636647.713556,3.546704,5.048136,55.689171,-7.440502,8.267903,0.085924,10.987206,-3.219767,55.603247,56.769769,158.6212
1403636647.763556,3.548909,5.059492,55.796485,-7.449097,8.298679,0.090774,10.998006,-3.239187,55.705711,56.873322,175.1658
1403636647.813555,3.525867,5.077686,55.875418,-7.456635,8.329491,0.096359,10.982502,-3.251805,55.779059,56.942892,175.0231
1403636647.863556,3.497010,5.095753,55.948597,-7.462413,8.359799,0.100534,10.959423,-3.264046,55.848063,57.006746,174.8217
1403636647.913556,3.465410,5.105303,56.020686,-7.466883,8.390039,0.103073,10.932293,-3.284736,55.917613,57.070868,174.6854
1403636647.963556,3.433650,5.119999,56.087707,-7.470302,8.420157,0.103424,10.903952,-3.300158,55.984283,57.131665,174.3828
1403636648.013556,3.400052,5.126765,56.154441,-7.472374,8.450087,0.101203,10.872426,-3.323322,56.053238,57.194577,123.8542
1403636648.063556,3.365656,5.138963,56.220090,-7.472865,8.479805,0.096668,10.838521,-3.340842,56.123422,57.257953,123.8871
1403636648.113555,3.330023,5.156543,56.284081,-7.472365,8.509399,0.090034,10.802388,-3.352856,56.194047,57.321062,123.9563
1403636648.163556,3.293234,5.178843,56.346745,-7.471031,8.538847,0.082102,10.764265,-3.360004,56.264643,57.383526,124.0983
1403636648.213556,3.255412,5.205814,56.408194,-7.469125,8.568142,0.073451,10.724537,-3.362328,56.334743,57.444967,124.1607
1403636648.263556,3.214152,5.243873,56.451018,-7.466042,8.597124,0.063421,10.680194,-3.353251,56.387597,57.488015,124.1492
1403636648.313555,3.170559,5.285693,56.491230,-7.461870,8.625348,0.052199,10.632429,-3.339655,56.439031,57.528828,124.1357
1403636648.363556,3.127383,5.304126,56.516858,-7.456933,8.653156,0.040091,10.584316,-3.349030,56.476767,57.557528,124.1357
1403636648.413556,3.090821,5.335295,56.538371,-7.450833,8.680294,0.026865,10.541654,-3.344999,56.511506,57.583555,124.0937
1403636648.463556,3.053448,5.369959,56.562779,-7.443746,8.706880,0.012575,10.497194,-3.336921,56.550204,57.612948,124.1661
1403636648.513556,3.015119,5.408008,56.589454,-7.436266,8.733372,-0.001762,10.451385,-3.325364,56.591216,57.644213,124.1721
1403636648.563556,2.975401,5.449860,56.618331,-7.428360,8.759492,-0.014345,10.403761,-3.309632,56.632676,57.675401,124.1447
1403636648.613555,2.934534,5.495157,56.648986,-7.419632,8.784723,-0.025628,10.354166,-3.289566,56.674614,57.706515,84.3844
1403636648.663556,2.895331,5.543635,56.692946,-7.410045,8.808679,-0.035002,10.305376,-3.265044,56.727948,57.748778,84.0570
1403636648.713556,2.858189,5.595738,56.748520,-7.400030,8.831984,-0.043028,10.258219,-3.236246,56.791548,57.801248,83.8314
1403636648.763556,2.822666,5.651199,56.814561,-7.390259,8.855298,-0.049237,10.212925,-3.204099,56.863798,57.862437,83.4170
1403636648.813555,2.774878,5.683203,56.873391,-7.380518,8.878390,-0.054035,10.155396,-3.195187,56.927426,57.914360,83.2790
1403636648.863556,2.729666,5.721201,56.942995,-7.370901,8.901618,-0.055966,10.100567,-3.180417,56.998961,57.974288,83.1991
1403636648.913556,2.674927,5.743933,57.000903,-7.361590,8.925198,-0.055715,10.036517,-3.181265,57.056618,58.019908,83.0934
1403636648.963556,2.623954,5.773085,57.069315,-7.352497,8.948849,-0.052311,9.976451,-3.175764,57.121626,58.073188,114.0122
1403636649.013556,2.570791,5.778068,57.136595,-7.343974,8.973796,-0.046474,9.914765,-3.195728,57.183069,58.124166,114.1295
1403636649.063556,2.524469,5.778196,57.216606,-7.335606,8.998432,-0.037747,9.860075,-3.220236,57.254353,58.186355,113.9694
1403636649.113555,2.483765,5.773813,57.308342,-7.328323,9.024309,-0.026905,9.812088,-3.250496,57.335247,58.259534,114.0141
1403636649.163556,2.447550,5.765898,57.409793,-7.321565,9.050488,-0.014371,9.769115,-3.284590,57.424164,58.341741,114.1072
1403636649.213556,2.416140,5.754184,57.520964,-7.313811,9.074126,-0.000036,9.729951,-3.319942,57.521000,58.432520,114.1361
1403636649.263556,2.389058,5.739058,57.640673,-7.306665,9.098890,0.015204,9.695723,-3.359832,57.625469,58.531959,114.3479
1403636649.313555,2.357355,5.729382,57.706418,-7.299172,9.122800,0.031477,9.656527,-3.393418,57.674941,58.576127,114.5215
1403636649.363556,2.350424,5.712635,57.751059,-7.291576,9.146139,0.048816,9.642000,-3.433504,57.702243,58.602952,92.5735
1403636649.413556,2.352508,5.680859,57.789055,-7.283806,9.168850,0.067611,9.636314,-3.487991,57.721444,58.624139,107.8099
1403636649.463556,2.358473,5.638954,57.827521,-7.276041,9.191136,0.087704,9.634514,-3.552182,57.739817,58.645787,152.5848
1403636649.513556,2.367918,5.598606,57.881346,-7.268229,9.212788,0.110000,9.636147,-3.614182,57.771346,58.680883,152.6467
1403636649.563556,2.380380,5.560281,57.948928,-7.260416,9.234120,0.134599,9.640796,-3.673839,57.814329,58.727665,152.6100
1403636649.613555,2.380647,5.522179,58.025140,-7.252440,9.255291,0.160240,9.633087,-3.733112,57.864900,58.779921,84.4286
1403636649.663556,2.381831,5.479605,58.108596,-7.243722,9.275738,0.185333,9.625553,-3.796133,57.923263,58.840176,84.1270
1403636649.713556,2.383755,5.433602,58.198350,-7.233842,9.295271,0.208520,9.617597,-3.861669,57.989830,58.908667,84.0353
1403636649.763556,2.386212,5.384224,58.293726,-7.223262,9.314346,0.230016,9.609474,-3.930122,58.063710,58.984594,83.8744
1403636649.813555,2.388928,5.331892,58.394054,-7.212304,9.332866,0.249704,9.601232,-4.000974,58.144350,59.067393,83.6421
1403636649.863556,2.394314,5.312576,58.492420,-7.200815,9.350489,0.267677,9.595129,-4.037913,58.224743,59.148051,68.0432
1403636649.913556,2.378972,5.320463,58.560510,-7.189242,9.367638,0.283823,9.568214,-4.047175,58.276687,59.195461,52.7644
1403636649.963556,2.363961,5.328639,58.640473,-7.177355,9.384314,0.297484,9.541316,-4.055675,58.342989,59.256979,52.6984
1403636650.013556,2.359065,5.341397,58.687146,-7.165072,9.400312,0.308566,9.524137,-4.058915,58.378580,59.289482,101.2799
1403636650.063556,2.357202,5.360439,58.716261,-7.152340,9.415373,0.316914,9.509542,-4.054934,58.399347,59.307315,178.4004
1403636650.113555,2.363902,5.381510,58.736547,-7.138619,9.429037,0.322811,9.502521,-4.047527,58.413736,59.319853,178.2935
1403636650.163556,2.372230,5.404030,58.756659,-7.123908,9.441846,0.326693,9.496138,-4.037816,58.429966,59.334152,178.1965
1403636650.213556,2.377225,5.415692,58.766762,-7.107824,9.453146,0.328361,9.485049,-4.037454,58.438401,59.340659,159.2200
1403636650.263556,2.382980,5.434809,58.788434,-7.091059,9.463328,0.328533,9.474039,-4.028519,58.459901,59.359468,159.0187
1403636650.313555,2.384476,5.451851,58.803200,-7.073946,9.473111,0.326923,9.458422,-4.021260,58.476277,59.372614,158.8039
1403636650.363556,2.384755,5.462951,58.817822,-7.056255,9.482565,0.324140,9.441010,-4.019614,58.493682,59.386874,155.3902
1403636650.413556,2.380498,5.469828,58.825842,-7.038058,9.491036,0.320367,9.418556,-4.021208,58.505475,59.395033,177.9145
1403636650.463556,2.370023,5.482132,58.846746,-7.019317,9.498194,0.315509,9.389340,-4.016062,58.531237,59.415437,177.3717
1403636650.513556,2.354379,5.499020,58.879368,-7.000362,9.504178,0.309448,9.354741,-4.005158,58.569920,59.447355,176.9644
1403636650.563556,2.345987,5.525784,58.910819,-6.981573,9.509262,0.302093,9.327560,-3.983478,58.608726,59.479864,176.5501
1403636650.613555,2.332063,5.555735,58.952938,-6.963192,9.514065,0.293863,9.295255,-3.958330,58.659075,59.522746,176.9872
1403636650.663556,2.317802,5.576719,59.007850,-6.945102,9.518668,0.284893,9.262904,-3.941949,58.722957,59.579577,141.9225
1403636650.713556,2.303002,5.602923,59.074029,-6.927115,9.523112,0.275755,9.230117,-3.920189,58.798274,59.647296,121.1030
1403636650.763556,2.296681,5.633317,59.139538,-6.909444,9.527067,0.267855,9.206125,-3.893750,58.871683,59.714229,141.8273
1403636650.813555,2.296652,5.652450,59.203343,-6.892062,9.530998,0.262017,9.188714,-3.878548,58.941326,59.779223,178.9719
1403636650.863556,2.278646,5.673095,59.259616,-6.875003,9.535142,0.259178,9.153649,-3.862047,59.000438,59.831065,178.9149
1403636650.913556,2.255660,5.684592,59.325166,-6.858000,9.538879,0.258459,9.113660,-3.854287,59.066707,59.889817,120.9889
1403636650.963556,2.230096,5.714788,59.373852,-6.841206,9.542101,0.259006,9.071302,-3.827313,59.114846,59.929140,120.9642
1403636651.013556,2.198218,5.747251,59.425814,-6.824551,9.544831,0.260923,9.022769,-3.797580,59.164891,59.969294,52.3305
1403636651.063556,2.186807,5.770018,59.456718,-6.808176,9.547022,0.264524,8.994983,-3.777004,59.192194,59.990760,52.3239
1403636651.113555,2.178268,5.798307,59.500700,-6.791926,9.548306,0.269471,8.970194,-3.749999,59.231229,60.023873,52.3132
1403636651.163556,2.180464,5.818258,59.528647,-6.775669,9.548953,0.275725,8.956133,-3.730695,59.252922,60.041978,52.4164
1403636651.213556,2.184050,5.844087,59.570220,-6.759517,9.548287,0.283202,8.943567,-3.704200,59.287018,60.072115,62.4713
1403636651.263556,2.191045,5.860750,59.624622,-6.743312,9.546308,0.292244,8.934357,-3.685558,59.332378,60.114367,62.6590
1403636651.313555,2.202485,5.880635,59.664688,-6.727258,9.543770,0.302251,8.929743,-3.663135,59.362437,60.141980,62.8031
1403636651.363556,2.212021,5.883134,59.691779,-6.711495,9.540855,0.312095,8.923516,-3.657721,59.379684,60.157750,90.2455
1403636651.413556,2.221575,5.876106,59.726486,-6.695780,9.537675,0.320946,8.917355,-3.661569,59.405540,60.182593,90.3386
1403636651.463556,2.218775,5.868667,59.754340,-6.680076,9.534122,0.327913,8.898851,-3.665455,59.426427,60.200709,90.3654
1403636651.513556,2.208194,5.859109,59.781142,-6.664365,9.530405,0.333097,8.872559,-3.671296,59.448045,60.218525,75.8216
1403636651.563556,2.202305,5.857309,59.802875,-6.648830,9.526462,0.336816,8.851135,-3.669153,59.466059,60.233027,124.5181
1403636651.613555,2.199684,5.866106,59.819611,-6.633367,9.522325,0.339354,8.833051,-3.656219,59.480257,60.243603,147.0510
1403636651.663556,2.190661,5.876420,59.838655,-6.617902,9.517671,0.340533,8.808563,-3.641251,59.498122,60.256751,87.7992
1403636651.713556,2.176861,5.890276,59.871565,-6.602266,9.512192,0.340322,8.779127,-3.621916,59.531243,60.283997,93.2776
1403636651.763556,2.161422,5.895286,59.915511,-6.586076,9.506190,0.339011,8.747498,-3.610904,59.576500,60.323434,169.9103
1403636651.813555,2.142248,5.892588,59.962394,-6.569172,9.499445,0.336767,8.711420,-3.606857,59.625627,60.366494,109.1823
1403636651.863556,2.115369,5.889257,60.014302,-6.551299,9.491717,0.333595,8.666668,-3.602460,59.680707,60.414201,35.3590
1403636651.913556,2.097094,5.889994,60.045323,-6.532007,9.482727,0.328980,8.629101,-3.592733,59.716343,60.443451,60.2207
1403636651.963556,2.080004,5.882513,60.087358,-6.511250,9.472479,0.323313,8.591254,-3.589966,59.764045,60.485028,148.4040
1403636652.013556,2.066907,5.870662,60.127186,-6.489236,9.462169,0.316900,8.556143,-3.591507,59.810286,60.525836,148.4556
1403636652.063556,2.062251,5.863117,60.146436,-6.465692,9.451027,0.308730,8.527943,-3.587910,59.837706,60.548741,125.1606
1403636652.113555,2.056873,5.864653,60.168542,-6.440826,9.438909,0.300024,8.497699,-3.574256,59.868518,60.574134,125.0955
1403636652.163556,2.051092,5.874237,60.192948,-6.414984,9.425597,0.290792,8.466076,-3.551360,59.902156,60.601608,124.8340
1403636652.213556,2.044422,5.890669,60.220030,-6.388484,9.411695,0.280882,8.432906,-3.521026,59.939148,60.631782,49.9021
1403636652.263556,2.037002,5.900703,60.239936,-6.361717,9.395499,0.269227,8.398719,-3.494796,59.970709,60.656722,49.2965
1403636652.313555,2.025607,5.913577,60.274412,-6.334876,9.377029,0.255766,8.360483,-3.463452,60.018646,60.697043,90.7351
1403636652.363556,2.022302,5.916657,60.309120,-6.308045,9.358607,0.241171,8.330347,-3.441950,60.067949,60.740433,116.8607
1403636652.413556,2.016279,5.914780,60.339723,-6.281371,9.341290,0.227118,8.297650,-3.426510,60.112605,60.779250,144.9254
1403636652.463556,2.004624,5.912634,60.368800,-6.255199,9.324864,0.213691,8.259823,-3.412230,60.155109,60.815336,144.7148
1403636652.513556,1.988057,5.909961,60.396881,-6.229225,9.308974,0.201327,8.217282,-3.399013,60.195554,60.848844,144.5996
1403636652.563556,1.973840,5.899643,60.418651,-6.203343,9.294307,0.191223,8.177183,-3.394664,60.227428,60.874733,163.4314
1403636652.613555,1.966281,5.886924,60.440793,-6.177389,9.280727,0.183300,8.143670,-3.393803,60.257493,60.899940,163.2392
1403636652.663556,1.966334,5.871231,60.464142,-6.151005,9.268888,0.177505,8.117339,-3.397657,60.286637,60.925478,163.1060
1403636652.713556,1.977805,5.855824,60.487151,-6.124307,9.258231,0.174707,8.102112,-3.402407,60.312444,60.949254,163.1054
1403636652.763556,1.995210,5.837599,60.511140,-6.097799,9.249170,0.174454,8.093009,-3.411571,60.336686,60.972545,146.3945
1403636652.813555,2.015615,5.813986,60.549580,-6.070857,9.241669,0.176398,8.086472,-3.427683,60.373182,61.008697,146.3514
1403636652.863556,2.031754,5.801650,60.574973,-6.043734,9.236258,0.180234,8.075488,-3.434608,60.394739,61.028965,146.2989
1403636652.913556,2.050699,5.783593,60.614321,-6.016464,9.232296,0.186260,8.067163,-3.448703,60.428061,61.061635,146.1558
1403636652.963556,2.061146,5.771720,60.640012,-5.989052,9.229515,0.193778,8.050198,-3.457795,60.446234,61.077895,146.0095
1403636653.013556,2.067528,5.763188,60.659341,-5.961550,9.227961,0.200762,8.029078,-3.464773,60.458579,61.087728,145.9659
1403636653.063556,2.071419,5.755889,60.675513,-5.934167,9.227231,0.205411,8.005586,-3.471342,60.470102,61.096422,145.7993
1403636653.113555,2.069647,5.749658,60.701059,-5.906613,9.228052,0.205456,7.976260,-3.478394,60.495603,61.118229,154.3449
1403636653.163556,2.063858,5.749450,60.735805,-5.878935,9.230306,0.202492,7.942793,-3.480856,60.533313,61.151340,102.1198
1403636653.213556,2.050962,5.755327,60.777939,-5.851677,9.232854,0.198972,7.902639,-3.477527,60.578967,61.191144,101.8428
1403636653.263556,2.045713,5.770392,60.807669,-5.824602,9.235804,0.195720,7.870315,-3.465412,60.611949,61.218946,28.4296
1403636653.313555,2.039973,5.782018,60.854834,-5.797947,9.238562,0.193456,7.837920,-3.456544,60.661378,61.263231,28.5097
1403636653.363556,2.042074,5.783848,60.888247,-5.771898,9.241354,0.192569,7.813972,-3.457506,60.695678,61.294191,97.6229
1403636653.413556,2.051233,5.779896,60.922121,-5.746559,9.243503,0.193643,7.797792,-3.463607,60.728478,61.324956,162.3859
1403636653.463556,2.068181,5.771739,60.953159,-5.721881,9.245305,0.196667,7.790062,-3.473566,60.756492,61.352278,141.4138
1403636653.513556,2.073831,5.768578,60.989301,-5.697791,9.246738,0.202175,7.771622,-3.478160,60.787126,61.380537,141.5511
1403636653.563556,2.076242,5.771334,61.011739,-5.674334,9.247410,0.209010,7.750576,-3.476076,60.802729,61.393212,116.7611
1403636653.613555,2.079072,5.769475,61.033026,-5.651230,9.248121,0.217655,7.730302,-3.478646,60.815371,61.403322,116.7821
1403636653.663556,2.085779,5.765479,61.065670,-5.628531,9.248553,0.226684,7.714310,-3.483074,60.838986,61.424951,116.8874
1403636653.713556,2.099565,5.764042,61.109090,-5.606264,9.248340,0.234503,7.705829,-3.484298,60.874587,61.459218,117.0808
1403636653.763556,2.107633,5.752696,61.151199,-5.584597,9.247467,0.240634,7.692230,-3.494771,60.910565,61.493746,117.1399
1403636653.813555,2.112941,5.734427,61.188273,-5.563634,9.245769,0.244775,7.676575,-3.511342,60.943498,61.525354,117.1067
1403636653.863556,2.118859,5.721115,61.212050,-5.543152,9.243294,0.247113,7.662011,-3.522179,60.964937,61.545395,117.2777
1403636653.913556,2.131777,5.711549,61.247549,-5.523286,9.239887,0.247458,7.655063,-3.528338,61.000091,61.579707,117.3781
1403636653.963556,2.141535,5.707719,61.270698,-5.504202,9.235517,0.245769,7.645737,-3.527798,61.024929,61.603122,117.5127
1403636654.013556,2.150134,5.703851,61.288511,-5.485587,9.230397,0.242278,7.635721,-3.526546,61.046233,61.622913,106.9575
1403636654.063556,2.152911,5.701481,61.322755,-5.467399,9.224422,0.237245,7.620310,-3.522941,61.085510,61.659709,107.1237
1403636654.113555,2.150519,5.700386,61.371721,-5.449317,9.217693,0.231172,7.599836,-3.517307,61.140549,61.711390,107.3342
1403636654.163556,2.152982,5.702398,61.432713,-5.431219,9.210118,0.225830,7.584201,-3.507720,61.206883,61.774644,107.3532
1403636654.213556,2.149841,5.705222,61.506545,-5.413019,9.201959,0.221981,7.562860,-3.496737,61.284564,61.848377,107.2598
1403636654.263556,2.141486,5.708929,61.591859,-5.394736,9.192404,0.219276,7.536222,-3.483475,61.372583,61.931601,107.0895
1403636654.313555,2.139536,5.697308,61.646502,-5.376328,9.181950,0.218749,7.515864,-3.484642,61.427753,61.983867,107.1331
1403636654.363556,2.140806,5.676167,61.689927,-5.358209,9.170386,0.219835,7.499015,-3.494219,61.470092,62.024326,107.2538
1403636654.413556,2.136571,5.658402,61.747785,-5.340093,9.158383,0.223006,7.476664,-3.499981,61.524779,62.076154,92.3878
1403636654.463556,2.139203,5.635510,61.815009,-5.322392,9.145474,0.228157,7.461595,-3.509964,61.586852,62.136427,132.4211
1403636654.513556,2.149203,5.616857,61.878247,-5.304867,9.131888,0.235443,7.454070,-3.515031,61.642804,62.191269,132.5522
1403636654.563556,2.166148,5.601908,61.938216,-5.287723,9.117711,0.244153,7.453871,-3.515803,61.694063,62.242096,132.5922
1403636654.613555,2.188306,5.590404,61.995577,-5.271328,9.103304,0.253015,7.459634,-3.512900,61.742562,62.290694,132.5881
1403636654.663556,2.214915,5.582012,62.050574,-5.255518,9.088956,0.260976,7.470433,-3.506944,61.789598,62.338274,143.2714
1403636654.713556,2.232174,5.575765,62.103431,-5.240135,9.074593,0.267833,7.472309,-3.498828,61.835598,62.383639,90.7294
1403636654.763556,2.244220,5.573888,62.136136,-5.225032,9.060266,0.273147,7.469252,-3.486378,61.862989,62.409726,90.6970
1403636654.813555,2.247880,5.569794,62.181057,-5.209983,9.046274,0.276851,7.457863,-3.476480,61.904206,62.448669,90.6329
1403636654.863556,2.252396,5.566682,62.211085,-5.195285,9.032428,0.278981,7.447681,-3.465746,61.932104,62.474513,90.6269
1403636654.913556,2.249642,5.561580,62.253418,-5.180652,9.019122,0.279457,7.430294,-3.457542,61.973961,62.513484,150.7148
1403636654.963556,2.240666,5.558417,62.294414,-5.166137,9.006345,0.278798,7.406803,-3.447928,62.015616,62.551464,150.5956
1403636655.013556,2.221830,5.563919,62.323071,-5.152072,8.993763,0.276855,7.373902,-3.429844,62.046216,62.576922,150.5030
1403636655.063556,2.198841,5.570321,62.351655,-5.138420,8.981262,0.273762,7.337261,-3.410941,62.077893,62.602993,160.5990
1403636655.113555,2.190252,5.571252,62.366029,-5.125327,8.968524,0.269739,7.315579,-3.397272,62.096290,62.617956,121.5242
1403636655.163556,2.179340,5.563021,62.390920,-5.112761,8.955328,0.265110,7.292101,-3.392307,62.125810,62.644224,121.5150
1403636655.213556,2.166563,5.546651,62.425359,-5.100824,8.941623,0.260053,7.267387,-3.394972,62.165306,62.680667,121.4079
1403636655.263556,2.165619,5.531993,62.450255,-5.089081,8.926762,0.254290,7.254700,-3.394769,62.195965,62.709594,121.3401
1403636655.313555,2.165892,5.525219,62.476785,-5.077596,8.910620,0.248056,7.243488,-3.385401,62.228729,62.740288,167.1064
1403636655.363556,2.174064,5.525384,62.503457,-5.066482,8.893255,0.241636,7.240546,-3.367871,62.261821,62.771829,167.1849
1403636655.413556,2.189645,5.529080,62.531670,-5.056225,8.874583,0.235914,7.245870,-3.345503,62.295756,62.804906,167.3901
1403636655.463556,2.203703,5.537057,62.558268,-5.046034,8.855132,0.232009,7.249737,-3.318075,62.326259,62.834154,167.5793
1403636655.513556,2.225676,5.539967,62.589077,-5.036315,8.833943,0.230116,7.261991,-3.293976,62.358961,62.866738,167.6890
1403636655.563556,2.243975,5.546997,62.622730,-5.027675,8.810684,0.228951,7.271650,-3.263687,62.393779,62.900813,139.8464
1403636655.613555,2.262152,5.560835,62.656839,-5.019409,8.785657,0.227451,7.281561,-3.224822,62.429388,62.935277,139.7630
1403636655.663556,2.266032,5.573100,62.678427,-5.011153,8.760210,0.224916,7.277185,-3.187110,62.453511,62.956780,139.5946
1403636655.713556,2.274751,5.582558,62.700775,-5.002995,8.734474,0.220099,7.277746,-3.151916,62.480676,62.982022,139.3788
1403636655.763556,2.279018,5.592024,62.726262,-4.994247,8.708803,0.212433,7.273265,-3.116779,62.513829,63.012646,139.0651
1403636655.813555,2.282432,5.602450,62.754864,-4.984935,8.683135,0.201363,7.267367,-3.080685,62.553501,63.049550,126.4015
1403636655.863556,2.277825,5.613082,62.786680,-4.974916,8.657101,0.187124,7.252741,-3.044019,62.599556,63.091780,126.2933
1403636655.913556,2.262562,5.616272,62.817560,-4.964134,8.630877,0.171078,7.226696,-3.014605,62.646482,63.133943,126.0448
1403636655.963556,2.240052,5.620981,62.850125,-4.952476,8.604700,0.155240,7.192528,-2.983719,62.694885,63.176606,126.0273
1403636656.013556,2.228081,5.628282,62.880915,-4.940191,8.578476,0.140762,7.168272,-2.950194,62.740153,63.217201,133.8584
1403636656.063556,2.213411,5.625128,62.915928,-4.927108,8.551925,0.128828,7.140519,-2.926797,62.787100,63.259570,134.1913
1403636656.113555,2.195668,5.613142,62.954848,-4.913393,8.525092,0.118730,7.109061,-2.911950,62.836118,63.303996,133.9304
1403636656.163556,2.191126,5.600374,62.993819,-4.898875,8.498435,0.111815,7.090001,-2.898061,62.882004,63.346770,162.2993
1403636656.213556,2.196231,5.586197,63.032899,-4.884209,8.471216,0.107527,7.080440,-2.885019,62.925372,63.388157,161.9820
1403636656.263556,2.208407,5.574973,63.073266,-4.869173,8.444148,0.106308,7.077580,-2.869175,62.966958,63.428401,106.6217
1403636656.313555,2.226783,5.574315,63.114945,-4.853459,8.417517,0.107207,7.080242,-2.843202,63.007738,63.468013,106.5478
1403636656.363556,2.246183,5.583977,63.159974,-4.837172,8.391748,0.110911,7.083355,-2.807771,63.049063,63.507809,106.4687
1403636656.413556,2.269730,5.596377,63.207471,-4.819943,8.366981,0.116793,7.089673,-2.770604,63.090678,63.548197,106.2732
1403636656.463556,2.289489,5.625322,63.252170,-4.801581,8.342957,0.124588,7.091070,-2.717635,63.127582,63.582706,162.3811
1403636656.513556,2.313558,5.661671,63.294096,-4.782562,8.319376,0.133625,7.096120,-2.657705,63.160471,63.613391,143.1999
1403636656.563556,2.335263,5.695458,63.351703,-4.762836,8.296432,0.142855,7.098099,-2.600974,63.208848,63.659301,143.5111
1403636656.613555,2.341595,5.715851,63.387057,-4.743600,8.275293,0.152026,7.085195,-2.559442,63.235031,63.682179,155.6474
1403636656.663556,2.342001,5.728297,63.423368,-4.723477,8.254246,0.160201,7.065478,-2.525949,63.263167,63.706591,159.3734
1403636656.713556,2.337966,5.745752,63.460546,-4.703002,8.233543,0.167598,7.040968,-2.487791,63.292948,63.731951,159.4111
1403636656.763556,2.325261,5.756353,63.496232,-4.682566,8.212620,0.173238,7.007827,-2.456267,63.322994,63.756917,127.6676
1403636656.813555,2.317119,5.758550,63.514496,-4.662217,8.191414,0.176821,6.979336,-2.432864,63.337675,63.767477,127.6465
1403636656.863556,2.305738,5.754279,63.535398,-4.642151,8.169841,0.178465,6.947889,-2.415562,63.356933,63.782514,127.5862
1403636656.913556,2.291441,5.744454,63.558567,-4.622799,8.147674,0.178396,6.914240,-2.403220,63.380171,63.801476,127.6543
1403636656.963556,2.283685,5.736705,63.571430,-4.604528,8.124830,0.176379,6.888213,-2.388125,63.395051,63.812876,144.4643
1403636657.013556,2.280941,5.733475,63.585889,-4.587139,8.101031,0.172477,6.868080,-2.367556,63.413412,63.828181,67.1098
1403636657.063556,2.276628,5.738611,63.602319,-4.570496,8.076409,0.166753,6.847124,-2.337798,63.435566,63.846843,67.1042
1403636657.113555,2.276157,5.750180,63.632309,-4.554838,8.050554,0.159782,6.830995,-2.300374,63.472527,63.880481,67.0268
1403636657.163556,2.269778,5.764581,63.657083,-4.539990,8.023919,0.152897,6.809768,-2.259338,63.504186,63.908209,67.0250
1403636657.213556,2.268126,5.785543,63.694987,-4.525971,7.995521,0.147173,6.794097,-2.209978,63.547814,63.948170,66.7854
1403636657.263556,2.270584,5.811730,63.744849,-4.512317,7.966186,0.142561,6.782901,-2.154456,63.602288,63.999223,24.4162
1403636657.313555,2.269410,5.833598,63.809288,-4.499189,7.935649,0.139240,6.768599,-2.102051,63.670048,64.063309,105.7587
1403636657.363556,2.269982,5.836009,63.843713,-4.486359,7.903711,0.137225,6.756341,-2.067702,63.706488,64.097115,105.9525
1403636657.413556,2.271917,5.829878,63.864535,-4.473561,7.871306,0.135064,6.745478,-2.041428,63.729471,64.117973,106.1578
1403636657.463556,2.275372,5.819091,63.888435,-4.460676,7.838108,0.132083,6.736048,-2.019017,63.756352,64.142990,106.2865
1403636657.513556,2.267757,5.810054,63.906503,-4.447339,7.804462,0.128104,6.715096,-1.994408,63.778399,64.161938,106.5864
1403636657.563556,2.263440,5.795987,63.930277,-4.433328,7.770380,0.123084,6.696768,-1.974393,63.807193,64.188027,106.6933
1403636657.613555,2.254828,5.775578,63.959005,-4.418705,7.736138,0.117109,6.673533,-1.960560,63.841896,64.219682,177.8493
1403636657.663556,2.239794,5.761916,63.990748,-4.403436,7.701927,0.110243,6.643230,-1.940011,63.880505,64.254300,177.8380
1403636657.713556,2.218900,5.754274,64.025257,-4.387454,7.667722,0.102601,6.606354,-1.913448,63.922656,64.291610,114.3456
1403636657.763556,2.201608,5.746965,64.069739,-4.370538,7.633380,0.093847,6.572146,-1.886415,63.975892,64.340239,114.5218
1403636657.813555,2.182198,5.737026,64.117392,-4.353001,7.598726,0.083844,6.535199,-1.861700,64.033548,64.393090,114.7408
1403636657.863556,2.165977,5.735490,64.176615,-4.334785,7.563837,0.072796,6.500762,-1.828347,64.103819,64.458532,59.0773
1403636657.913556,2.158110,5.729847,64.246460,-4.315617,7.528465,0.062106,6.473727,-1.798618,64.184354,64.535071,59.2105
1403636657.963556,2.157881,5.720390,64.325509,-4.295306,7.492166,0.053004,6.453187,-1.771776,64.272505,64.619948,59.1612
1403636658.013556,2.158822,5.729686,64.380912,-4.272758,7.456094,0.046341,6.431580,-1.726408,64.334571,64.678302,59.1484
1403636658.063556,2.158756,5.748229,64.432076,-4.249197,7.418914,0.042049,6.407953,-1.670685,64.390027,64.729658,59.2034
1403636658.113555,2.165671,5.760735,64.494565,-4.224557,7.380996,0.040375,6.390228,-1.620261,64.454190,64.790454,59.2763
1403636658.163556,2.179013,5.767668,64.567565,-4.198703,7.343020,0.040058,6.377716,-1.575352,64.527507,64.861053,122.3564
1403636658.213556,2.184428,5.784749,64.639321,-4.171830,7.305080,0.040521,6.356258,-1.520331,64.598800,64.928564,122.5458
1403636658.263556,2.184609,5.807916,64.710826,-4.144207,7.267278,0.040276,6.328816,-1.459362,64.670550,64.995875,122.7251
1403636658.313555,2.187789,5.827088,64.785083,-4.116233,7.229918,0.038584,6.304022,-1.402830,64.746499,65.067793,123.0259
1403636658.363556,2.197183,5.857385,64.857392,-4.087921,7.193095,0.035617,6.285104,-1.335710,64.821775,65.139460,123.1642
1403636658.413556,2.202575,5.887727,64.932189,-4.059278,7.157107,0.031723,6.261853,-1.269380,64.900466,65.214205,123.3067
1403636658.463556,2.213339,5.922505,65.008197,-4.030358,7.121867,0.027005,6.243697,-1.199362,64.981192,65.291481,70.1525
1403636658.513556,2.208934,5.940597,65.083602,-4.001087,7.087710,0.021945,6.210021,-1.147113,65.061657,65.367418,70.3792
1403636658.563556,2.212324,5.951815,65.165382,-3.971696,7.054485,0.016458,6.184020,-1.102670,65.148924,65.451053,136.5631
1403636658.613555,2.221670,5.968889,65.246783,-3.942430,7.022552,0.010291,6.164100,-1.053663,65.236492,65.535534,76.6337
1403636658.663556,2.222900,5.967282,65.293941,-3.913541,6.991823,0.003425,6.136441,-1.024541,65.290516,65.586257,76.6927
1403636658.713556,2.231220,5.967759,65.347874,-3.885039,6.962617,-0.004111,6.116259,-0.994858,65.351985,65.645109,76.8139
1403636658.763556,2.239865,5.966358,65.408798,-3.856969,6.934720,-0.012289,6.096834,-0.968362,65.421087,65.711701,76.9121
1403636658.813555,2.262639,5.966454,65.471210,-3.829370,6.908066,-0.020976,6.092009,-0.941612,65.492186,65.781651,77.0665
1403636658.863556,2.290560,5.960948,65.539987,-3.802643,6.883004,-0.030283,6.093203,-0.922056,65.570270,65.859226,113.2566
1403636658.913556,2.317256,5.937696,65.589653,-3.777005,6.859178,-0.040388,6.094261,-0.921482,65.630041,65.918825,113.4105
1403636658.963556,2.329959,5.915710,65.648231,-3.752523,6.836377,-0.051545,6.082482,-0.920667,65.699776,65.987157,113.4981
1403636659.013556,2.335510,5.888738,65.712545,-3.729107,6.814417,-0.063735,6.064617,-0.925679,65.776280,66.061755,177.5530
1403636659.063556,2.333576,5.869538,65.784482,-3.706400,6.792871,-0.076551,6.039976,-0.923333,65.861033,66.143855,111.4044
1403636659.113555,2.336388,5.860607,65.860706,-3.684902,6.771413,-0.090636,6.021290,-0.910806,65.951342,66.231903,111.4730
1403636659.163556,2.343714,5.860819,65.940725,-3.664315,6.750078,-0.105805,6.008029,-0.889259,66.046530,66.325193,111.5132
1403636659.213556,2.355187,5.869529,66.024179,-3.644942,6.728713,-0.121464,6.000129,-0.859184,66.145643,66.422781,111.5554
1403636659.263556,2.370638,5.885970,66.110858,-3.627004,6.707257,-0.136497,5.997642,-0.821287,66.247355,66.523367,111.5751
1403636659.313555,2.390572,5.910620,66.200030,-3.610251,6.685600,-0.150488,6.000823,-0.774980,66.350518,66.625834,70.0062
1403636659.363556,2.407875,5.913068,66.292492,-3.594345,6.664071,-0.163061,6.002220,-0.751003,66.455553,66.730286,70.1369
1403636659.413556,2.432376,5.911737,66.390001,-3.579381,6.642545,-0.174325,6.011757,-0.730808,66.564326,66.839246,70.6392
1403636659.463556,2.463596,5.907278,66.491684,-3.564817,6.621699,-0.183972,6.028413,-0.714421,66.675656,66.951440,138.1172
1403636659.513556,2.499925,5.908279,66.587984,-3.550622,6.601217,-0.190757,6.050547,-0.692938,66.778741,67.055869,138.1353
1403636659.563556,2.539870,5.913471,66.680269,-3.536963,6.581295,-0.197107,6.076833,-0.667824,66.877376,67.156216,138.1710
1403636659.613555,2.582774,5.922677,66.768832,-3.524050,6.561602,-0.203303,6.106824,-0.638925,66.972135,67.253018,138.3276
1403636659.663556,2.602368,5.947183,66.820407,-3.511575,6.542463,-0.210565,6.113943,-0.595280,67.030972,67.311855,138.3913
1403636659.713556,2.626947,5.973611,66.872386,-3.499746,6.523833,-0.219243,6.126693,-0.550222,67.091629,67.373035,138.4289
1403636659.763556,2.656062,6.001848,66.924754,-3.488733,6.505767,-0.229497,6.144795,-0.503919,67.154251,67.436680,138.4686
1403636659.813555,2.689304,6.031633,66.977549,-3.478467,6.488260,-0.241220,6.167771,-0.456627,67.218769,67.502687,138.5494
1403636659.863556,2.732041,6.064855,67.014078,-3.469327,6.471097,-0.253967,6.201368,-0.406242,67.268045,67.554511,138.6124
1403636659.913556,2.781384,6.085679,67.036400,-3.461001,6.454053,-0.268659,6.242385,-0.368374,67.305059,67.594926,138.6574
1403636659.963556,2.829333,6.115150,67.054077,-3.453499,6.437172,-0.284502,6.282832,-0.322022,67.338579,67.631812,138.7450
1403636660.013556,2.861065,6.152208,67.065582,-3.446622,6.420983,-0.301316,6.307687,-0.268775,67.366898,67.662087,138.8306
1403636660.063556,2.901304,6.181673,67.078592,-3.440261,6.405346,-0.319020,6.341565,-0.223673,67.397612,67.695669,93.8406
1403636660.113555,2.947344,6.201679,67.088381,-3.434196,6.390323,-0.337395,6.381540,-0.188644,67.425776,67.727358,104.6371
1403636660.163556,2.997543,6.212408,67.104956,-3.428452,6.376208,-0.356373,6.425995,-0.163800,67.461329,67.766888,66.7867
1403636660.213556,3.043451,6.217460,67.141029,-3.422438,6.363197,-0.375816,6.465889,-0.145737,67.516845,67.825904,66.8960
1403636660.263556,3.094402,6.216502,67.186157,-3.416497,6.351313,-0.395508,6.510899,-0.134811,67.581665,67.894708,119.4421
1403636660.313555,3.150788,6.207553,67.226424,-3.410365,6.340868,-0.414072,6.561153,-0.133315,67.640496,67.958098,177.9356
1403636660.363556,3.212636,6.212608,67.257987,-3.404090,6.331574,-0.431779,6.616726,-0.118966,67.689766,68.012496,177.8253
1403636660.413556,3.274542,6.224896,67.275569,-3.397198,6.324290,-0.447299,6.671740,-0.099394,67.722868,68.050782,177.7783
1403636660.463556,3.341233,6.237956,67.291464,-3.389697,6.318912,-0.459924,6.730930,-0.080956,67.751388,68.084965,177.7215
1403636660.513556,3.411209,6.248154,67.307782,-3.381690,6.315579,-0.471509,6.792899,-0.067425,67.779291,68.118869,127.6705
1403636660.563556,3.458439,6.274498,67.320471,-3.372880,6.314474,-0.482816,6.831319,-0.039976,67.803287,68.146565,127.7879
1403636660.613555,3.492848,6.307683,67.329786,-3.363185,6.315338,-0.494675,6.856033,-0.007655,67.824461,68.170101,127.9044
1403636660.663556,3.531324,6.339302,67.335132,-3.353212,6.317814,-0.507632,6.884536,0.021488,67.842764,68.191187,70.8861
1403636660.713556,3.563209,6.368297,67.335270,-3.343321,6.321706,-0.522154,6.906530,0.046591,67.857424,68.208008,71.1854
1403636660.763556,3.596877,6.398009,67.337207,-3.333989,6.326699,-0.537958,6.930866,0.071310,67.875165,68.228146,85.0786
1403636660.813555,3.625966,6.430833,67.337182,-3.325439,6.332491,-0.555221,6.951405,0.098342,67.892403,68.247418,85.1199
1403636660.863556,3.654327,6.469350,67.348346,-3.318208,6.338981,-0.573882,6.972535,0.130369,67.922228,68.279297,101.9310
1403636660.913556,3.678389,6.511078,67.374702,-3.312340,6.346376,-0.593874,6.990729,0.164702,67.968576,68.327335,164.2942
1403636660.963556,3.693637,6.555167,67.410907,-3.307966,6.354686,-0.615194,7.001603,0.200481,68.026101,68.385766,142.9262
1403636661.013556,3.696535,6.582684,67.426899,-3.305123,6.363969,-0.637693,7.001658,0.218715,68.064592,68.424117,166.1772
1403636661.063556,3.694466,6.600940,67.436777,-3.303579,6.373936,-0.660909,6.998045,0.227004,68.097686,68.456694,157.2455
1403636661.113555,3.687994,6.612945,67.448305,-3.303353,6.384480,-0.685062,6.991347,0.228465,68.133367,68.491510,157.0324
1403636661.163556,3.678644,6.623838,67.459649,-3.304425,6.395415,-0.709864,6.983069,0.228423,68.169513,68.526622,156.7791
1403636661.213556,3.670168,6.632888,67.471721,-3.306609,6.406692,-0.733360,6.976777,0.226196,68.205081,68.561357,156.5579
1403636661.263556,3.663300,6.640170,67.483784,-3.310365,6.417471,-0.755703,6.973665,0.222699,68.239487,68.595256,156.3554
1403636661.313555,3.653003,6.646201,67.494318,-3.315639,6.427756,-0.775802,6.968642,0.218445,68.270120,68.625207,122.1808
1403636661.363556,3.643670,6.648443,67.507558,-3.321862,6.437847,-0.794181,6.965532,0.210596,68.301739,68.656322,107.3572
1403636661.413556,3.641986,6.641921,67.529104,-3.328911,6.447974,-0.810637,6.970897,0.193947,68.339741,68.694623,107.3903
1403636661.463556,3.648078,6.633417,67.543287,-3.336652,6.458207,-0.825162,6.984730,0.175210,68.368449,68.724537,107.4333
1403636661.513556,3.659710,6.617566,67.565025,-3.345415,6.468091,-0.837787,7.005125,0.149475,68.402812,68.760736,107.6446
1403636661.563556,3.677439,6.606085,67.579822,-3.355243,6.477830,-0.848415,7.032682,0.128255,68.428237,68.788798,168.1712
1403636661.613555,3.700053,6.601967,67.587472,-3.366206,6.487073,-0.857544,7.066259,0.114894,68.445016,68.808905,88.3669
1403636661.663556,3.727953,6.604081,67.598588,-3.377885,6.496057,-0.864371,7.105838,0.108024,68.462959,68.830817,88.1483
1403636661.713556,3.759884,6.605784,67.613101,-3.389847,6.505075,-0.869662,7.149731,0.100709,68.482763,68.855048,88.0486
1403636661.763556,3.786078,6.603891,67.636277,-3.402668,6.513737,-0.873223,7.188746,0.090154,68.509500,68.885686,53.1253
1403636661.813555,3.809924,6.605018,67.666377,-3.416023,6.521751,-0.875220,7.225947,0.083267,68.541597,68.921490,52.9401
1403636661.863556,3.824494,6.600663,67.691718,-3.429693,6.528857,-0.875246,7.254187,0.071806,68.566964,68.949669,52.8271
1403636661.913556,3.831918,6.598148,67.712408,-3.443252,6.535017,-0.873162,7.275170,0.063131,68.585570,68.970374,91.2333
1403636661.963556,3.828749,6.592181,67.740580,-3.457103,6.540122,-0.869379,7.285852,0.052059,68.609959,68.995745,163.7432
1403636662.013556,3.820160,6.588553,67.766604,-3.470963,6.544250,-0.863564,7.291123,0.044303,68.630168,69.016393,113.9704
1403636662.063556,3.817915,6.593468,67.796168,-3.485086,6.547187,-0.856082,7.303001,0.046281,68.652250,69.039607,113.9637
1403636662.113555,3.821136,6.605525,67.829142,-3.499327,6.549202,-0.847991,7.320463,0.056323,68.677133,69.066207,66.5664
1403636662.163556,3.829528,6.616437,67.876159,-3.513848,6.550075,-0.840641,7.343376,0.066362,68.716800,69.108090,100.9004
1403636662.213556,3.830476,6.623912,67.934139,-3.528969,6.549964,-0.834672,7.359445,0.073948,68.768811,69.161523,100.9075
1403636662.263556,3.824658,6.627885,68.002162,-3.544586,6.549133,-0.830296,7.369244,0.078752,68.832458,69.225857,100.8916
1403636662.313555,3.821314,6.628008,68.041426,-3.560806,6.547837,-0.827441,7.382120,0.080171,68.868867,69.263431,148.3731
1403636662.363556,3.820596,6.624648,68.062987,-3.577602,6.546443,-0.825987,7.398198,0.078205,68.888974,69.285137,148.3853
1403636662.413556,3.815654,6.615075,68.088158,-3.594905,6.545259,-0.826049,7.410559,0.069816,68.914207,69.311537,148.5131
1403636662.463556,3.806642,6.599741,68.116340,-3.612964,6.544244,-0.828110,7.419606,0.055497,68.944450,69.342561,148.6701
1403636662.513556,3.801053,6.588828,68.131816,-3.631745,6.543552,-0.831331,7.432798,0.045276,68.963147,69.362556,148.5668
1403636662.563556,3.791475,6.572152,68.151267,-3.650801,6.543631,-0.835558,7.442276,0.028521,68.986825,69.387105,148.7332
1403636662.613555,3.778186,6.550386,68.173993,-3.670347,6.544201,-0.840766,7.448533,0.006185,69.014759,69.415543,148.9196
1403636662.663556,3.761739,6.523660,68.199363,-3.689670,6.545363,-0.846784,7.451409,-0.021703,69.046147,69.447062,149.1270
1403636662.713556,3.742317,6.492755,68.227065,-3.708273,6.547032,-0.853376,7.450590,-0.054277,69.080441,69.481088,149.3172
1403636662.763556,3.720367,6.458589,68.256846,-3.725872,6.548749,-0.860775,7.446239,-0.090160,69.117621,69.517625,149.2366
1403636662.813555,3.695928,6.421117,68.288547,-3.742533,6.550038,-0.869334,7.438461,-0.128921,69.157881,69.556882,149.2764
1403636662.863556,3.669264,6.381191,68.322009,-3.758318,6.550951,-0.879470,7.427582,-0.169760,69.201479,69.599155,146.7688
1403636662.913556,3.640737,6.351295,68.356733,-3.773048,6.551085,-0.890795,7.413785,-0.199790,69.247528,69.643551,146.5227
1403636662.963556,3.610192,6.330427,68.392297,-3.786708,6.550868,-0.902916,7.396900,-0.220441,69.295213,69.689234,146.3079
1403636663.013556,3.577631,6.318284,68.427968,-3.799112,6.550497,-0.914742,7.376743,-0.232213,69.342710,69.734365,83.0838
1403636663.063556,3.554085,6.316126,68.471992,-3.809975,6.549902,-0.925026,7.364060,-0.233776,69.397018,69.787034,83.0178
1403636663.113555,3.538574,6.322657,68.523655,-3.819082,6.548910,-0.933796,7.357656,-0.226253,69.457451,69.846430,82.8983
1403636663.163556,3.534489,6.329781,68.552957,-3.826007,6.547802,-0.940611,7.360496,-0.218021,69.493568,69.882619,82.7458
1403636663.213556,3.538118,6.338703,68.571988,-3.830412,6.546106,-0.946031,7.368530,-0.207403,69.518019,69.907748,154.3901
1403636663.263556,3.547673,6.347452,68.582787,-3.832594,6.544150,-0.951511,7.380267,-0.196698,69.534298,69.925143,128.0997
1403636663.313555,3.563748,6.353168,68.597650,-3.833505,6.542511,-0.958541,7.397253,-0.189343,69.556191,69.948687,128.4941
1403636663.363556,3.583850,6.355807,68.605554,-3.833334,6.541344,-0.967390,7.417184,-0.185537,69.572944,69.967447,128.7633
1403636663.413556,3.606828,6.361730,68.614395,-3.832527,6.541212,-0.978411,7.439355,-0.179482,69.592806,69.989534,142.9699
1403636663.463556,3.629726,6.375128,68.627702,-3.830940,6.542760,-0.990830,7.460666,-0.167632,69.618532,70.017353,142.5522
1403636663.513556,3.652071,6.396580,68.637711,-3.828434,6.545968,-1.004581,7.480505,-0.149388,69.642292,70.043052,132.4933
1403636663.563556,3.683059,6.413150,68.646453,-3.825466,6.551205,-1.019050,7.508525,-0.138055,69.665503,70.069104,132.5410
1403636663.613555,3.719661,6.429809,68.661227,-3.821624,6.558846,-1.034709,7.541285,-0.129037,69.695936,70.102861,132.5816
1403636663.663556,3.761634,6.446392,68.681492,-3.816737,6.568867,-1.050839,7.578371,-0.122475,69.732331,70.143030,176.7150
1403636663.713556,3.799502,6.460530,68.699037,-3.810760,6.581410,-1.066319,7.610262,-0.120880,69.765356,70.179310,176.8264
1403636663.763556,3.818623,6.463715,68.705664,-3.804239,6.596428,-1.080657,7.622862,-0.132713,69.786321,70.201540,176.8951
1403636663.813555,3.836190,6.465766,68.710819,-3.797349,6.614350,-1.093325,7.633539,-0.148584,69.804144,70.220450,176.4482
1403636663.863556,3.852636,6.466283,68.714708,-3.790379,6.635734,-1.104281,7.643015,-0.169451,69.818989,70.236284,176.6033
1403636663.913556,3.863838,6.461843,68.716419,-3.783716,6.660588,-1.113630,7.647554,-0.198745,69.830049,70.247849,176.7340
1403636663.963556,3.871321,6.455054,68.717394,-3.777686,6.688542,-1.120803,7.649007,-0.233488,69.838197,70.256214,176.9573
1403636664.013556,3.878407,6.446567,68.717452,-3.772913,6.719099,-1.125911,7.651320,-0.272532,69.843363,70.261741,177.1584
1403636664.063556,3.886208,6.437620,68.717800,-3.770147,6.751694,-1.130161,7.656355,-0.314074,69.847961,70.267034,96.2641
1403636664.113555,3.882811,6.430069,68.726924,-3.769106,6.787039,-1.132651,7.651917,-0.356970,69.859575,70.278300,96.1400
1403636664.163556,3.876488,6.421979,68.737758,-3.769410,6.823267,-1.133186,7.645898,-0.401288,69.870944,70.289185,96.0298
1403636664.213556,3.868505,6.412441,68.749885,-3.771513,6.861638,-1.132648,7.640018,-0.449197,69.882533,70.300356,95.9346
1403636664.263556,3.860151,6.401070,68.762422,-3.775009,6.899178,-1.131991,7.635160,-0.498108,69.894413,70.311967,95.8133
1403636664.313555,3.851512,6.387492,68.779856,-3.780097,6.937365,-1.134714,7.631609,-0.549873,69.914570,70.332005,95.7260
1403636664.363556,3.846929,6.375018,68.799397,-3.786629,6.975251,-1.141627,7.633558,-0.600233,69.941024,70.358925,95.4607
1403636664.413556,3.837800,6.360549,68.824834,-3.794215,7.013213,-1.152876,7.632015,-0.652664,69.977710,70.395693,95.3591
1403636664.463556,3.820679,6.348065,68.857211,-3.803253,7.050948,-1.166908,7.623932,-0.702883,70.024119,70.441434,95.2801
1403636664.513556,3.802972,6.328471,68.889925,-3.813357,7.088764,-1.182204,7.616329,-0.760293,70.072129,70.488933,95.2015
1403636664.563556,3.778213,6.309538,68.928954,-3.824478,7.126889,-1.197930,7.602691,-0.817351,70.126884,70.542532,95.1317
1403636664.613555,3.768123,6.293899,68.961881,-3.837139,7.165140,-1.212881,7.605262,-0.871241,70.174762,70.591050,94.5617
1403636664.663556,3.750245,6.273741,68.996821,-3.850758,7.203038,-1.226607,7.601003,-0.929297,70.223428,70.639711,94.4482
1403636664.713556,3.741768,6.255686,69.032186,-3.865007,7.240885,-1.238784,7.606775,-0.985199,70.270970,70.688350,94.1260
1403636664.763556,3.722978,6.236424,69.071641,-3.879832,7.277986,-1.249007,7.602810,-1.041562,70.320648,70.738117,94.1546
1403636664.813555,3.694356,6.217647,69.114636,-3.895711,7.314326,-1.257274,7.590067,-1.096679,70.371910,70.788541,94.2515
1403636664.863556,3.682372,6.203658,69.148749,-3.911910,7.351211,-1.263707,7.594282,-1.147553,70.412456,70.830106,93.7635
1403636664.913556,3.670709,6.187101,69.187160,-3.928692,7.387979,-1.268534,7.599401,-1.200878,70.455694,70.874522,93.6802
1403636664.963556,3.660549,6.170053,69.229874,-3.946057,7.424656,-1.272521,7.606606,-1.254603,70.502395,70.922650,93.6363
1403636665.013556,3.658458,6.154071,69.268131,-3.963846,7.461696,-1.274556,7.622304,-1.307625,70.542687,70.965344,93.3110
1403636665.063556,3.652110,6.140311,69.312728,-3.982542,7.497673,-1.274574,7.634652,-1.357362,70.587302,71.011954,93.3609
1403636665.113555,3.634005,6.125376,69.360542,-4.001813,7.533337,-1.272609,7.635818,-1.407961,70.633151,71.058638,93.5402
1403636665.163556,3.616987,6.109787,69.413779,-4.020858,7.569315,-1.268581,7.637845,-1.459528,70.682360,71.108811,93.6323
1403636665.213556,3.603668,6.084325,69.459842,-4.040176,7.605195,-1.263752,7.643844,-1.520870,70.723594,71.151726,93.5504
1403636665.263556,3.598746,6.058719,69.499620,-4.059190,7.641043,-1.257980,7.657936,-1.582324,70.757600,71.188381,93.3456
1403636665.313555,3.594229,6.033732,69.526012,-4.076742,7.677641,-1.251177,7.670971,-1.643909,70.777189,71.210650,93.1238
1403636665.363556,3.580530,6.008912,69.545177,-4.093902,7.713895,-1.244949,7.674432,-1.704983,70.790126,71.225317,93.0057
1403636665.413556,3.573988,5.991512,69.567697,-4.110142,7.749846,-1.238323,7.684130,-1.758334,70.806020,71.243456,92.8460
1403636665.463556,3.566891,5.984428,69.583705,-4.125884,7.785145,-1.231977,7.692775,-1.800717,70.815682,71.255050,92.8234
1403636665.513556,3.561602,5.977213,69.603631,-4.142013,7.818942,-1.225858,7.703615,-1.841729,70.829489,71.270991,92.7411
1403636665.563556,3.554581,5.965678,69.625072,-4.158581,7.852515,-1.218762,7.713162,-1.886837,70.843834,71.287460,92.6863
1403636665.613555,3.546485,5.950342,69.646122,-4.175677,7.886003,-1.211344,7.722162,-1.935661,70.857466,71.303289,92.6096
1403636665.663556,3.540745,5.935200,69.668102,-4.193307,7.919965,-1.203953,7.734052,-1.984765,70.872055,71.320425,92.4928
1403636665.713556,3.535396,5.918750,69.689661,-4.211269,7.954722,-1.196157,7.746665,-2.035972,70.885818,71.336913,173.2714
1403636665.763556,3.530171,5.900192,69.709882,-4.229583,7.990303,-1.187635,7.759754,-2.090111,70.897517,71.351526,173.1037
1403636665.813555,3.530832,5.880443,69.726432,-4.248818,8.026142,-1.179135,7.779650,-2.145699,70.905567,71.363340,172.9826
1403636665.863556,3.535546,5.868311,69.735654,-4.269021,8.062689,-1.170195,7.804567,-2.194378,70.905849,71.367822,173.0845
1403636665.913556,3.534850,5.855830,69.744774,-4.289635,8.099192,-1.161272,7.824485,-2.243362,70.906046,71.371721,172.9675
1403636665.963556,3.535589,5.840460,69.752240,-4.310683,8.135141,-1.152965,7.846272,-2.294681,70.905205,71.374909,172.8969
1403636666.013556,3.531985,5.825341,69.761414,-4.331802,8.170411,-1.146269,7.863787,-2.345070,70.907683,71.380936,172.8152
1403636666.063556,3.526104,5.808777,69.771306,-4.352683,8.204810,-1.141054,7.878787,-2.396033,70.912360,71.388928,172.7733
1403636666.113555,3.518176,5.790415,69.780930,-4.373247,8.237938,-1.137077,7.891423,-2.447523,70.918007,71.397680,172.7962
1403636666.163556,3.510132,5.770062,69.791019,-4.393462,8.269980,-1.134438,7.903594,-2.499918,70.925457,71.408241,91.9394
1403636666.213556,3.507689,5.751360,69.811952,-4.413751,8.301318,-1.133151,7.921440,-2.549958,70.945103,71.431500,92.0011
1403636666.263556,3.504240,5.742112,69.830348,-4.434132,8.332117,-1.133424,7.938372,-2.590005,70.963772,71.453361,113.2445
1403636666.313555,3.507312,5.726879,69.857088,-4.454491,8.361938,-1.135330,7.961803,-2.635059,70.992418,71.486063,113.1235
1403636666.363556,3.506827,5.717079,69.879160,-4.475010,8.390991,-1.138583,7.981837,-2.673912,71.017743,71.514889,149.9146
1403636666.413556,3.509849,5.708522,69.890487,-4.495718,8.418929,-1.142046,8.005567,-2.710407,71.032533,71.533601,149.9200
1403636666.463556,3.511570,5.701459,69.895681,-4.516362,8.445683,-1.144838,8.027932,-2.744224,71.040519,71.545327,81.7085
1403636666.513556,3.516484,5.685250,69.912514,-4.536757,8.471029,-1.145968,8.053241,-2.785779,71.058482,71.567612,98.6559
1403636666.563556,3.531750,5.668136,69.936208,-4.557240,8.494122,-1.145010,8.088990,-2.825986,71.081218,71.595792,98.7492
1403636666.613555,3.555487,5.650646,69.966464,-4.577272,8.516498,-1.141670,8.132759,-2.865852,71.108134,71.629055,175.5697
1403636666.663556,3.563986,5.640309,69.981281,-4.597154,8.538097,-1.136658,8.161140,-2.897788,71.117939,71.643301,175.6834
1403636666.713556,3.571820,5.635528,69.987216,-4.617270,8.558827,-1.130858,8.189090,-2.923299,71.118074,71.647661,175.9163
1403636666.763556,3.579290,5.632060,69.992162,-4.637085,8.579775,-1.124126,8.216375,-2.947715,71.116288,71.650013,112.5237
1403636666.813555,3.579376,5.626280,69.997254,-4.656894,8.600902,-1.116986,8.236270,-2.974622,71.114240,71.651376,112.5899
1403636666.863556,3.578457,5.617844,70.007542,-4.676106,8.622417,-1.111180,8.254563,-3.004573,71.118722,71.659179,112.6039
1403636666.913556,3.570985,5.604365,70.024274,-4.694871,8.644316,-1.107314,8.265856,-3.039951,71.131588,71.674740,112.5385
1403636666.963556,3.563030,5.585003,70.046534,-4.712677,8.666060,-1.104989,8.275707,-3.081057,71.151523,71.697416,112.7616
1403636667.013556,3.548584,5.575209,70.071781,-4.728339,8.688352,-1.103379,8.276923,-3.113143,71.175160,71.722399,112.8930
1403636667.063556,3.528539,5.559693,70.102564,-4.742015,8.710692,-1.102378,8.270554,-3.150999,71.204942,71.752872,112.8214
1403636667.113555,3.503916,5.539291,70.137994,-4.753720,8.732877,-1.101420,8.257636,-3.193586,71.239414,71.787476,112.6103
1403636667.163556,3.484973,5.527993,70.156321,-4.763682,8.755533,-1.101190,8.248655,-3.227540,71.257511,71.805920,112.1713
1403636667.213556,3.461352,5.511655,70.180497,-4.773256,8.777663,-1.102271,8.234608,-3.266008,71.282768,71.831112,111.9419
1403636667.263556,3.433053,5.490713,70.209790,-4.782402,8.799779,-1.104268,8.215455,-3.309066,71.314058,71.861940,111.6439
1403636667.313555,3.406154,5.483031,70.241658,-4.792023,8.821662,-1.108037,8.198177,-3.338631,71.349695,71.896701,111.4028
1403636667.363556,3.388136,5.480267,70.277219,-4.802360,8.843200,-1.113122,8.190496,-3.362933,71.390341,71.937295,111.3512
1403636667.413556,3.377456,5.464759,70.303789,-4.813240,8.864518,-1.119186,8.190696,-3.399759,71.422975,71.971433,41.6186
1403636667.463556,3.369237,5.443227,70.334841,-4.825098,8.885439,-1.125737,8.194335,-3.442212,71.460578,72.011181,42.0776
1403636667.513556,3.356271,5.424079,70.380903,-4.837672,8.906241,-1.132891,8.193943,-3.482162,71.513794,72.065865,41.8561
1403636667.563556,3.347915,5.395747,70.423647,-4.850327,8.927464,-1.140318,8.198242,-3.531717,71.563965,72.118551,82.7838
1403636667.613555,3.336002,5.383994,70.459609,-4.863321,8.948845,-1.146431,8.199323,-3.564851,71.606040,72.162054,82.7303
1403636667.663556,3.332712,5.372680,70.509772,-4.875976,8.970553,-1.150035,8.208688,-3.597873,71.659807,72.218108,82.6493
1403636667.713556,3.337570,5.361704,70.572199,-4.888217,8.992326,-1.151302,8.225787,-3.630622,71.723501,72.284892,82.6156
1403636667.763556,3.338192,5.341094,70.616195,-4.899774,9.014034,-1.150383,8.237966,-3.672940,71.766578,72.331157,82.7730
1403636667.813555,3.346064,5.321690,70.672840,-4.910366,9.036119,-1.148260,8.256430,-3.714429,71.821100,72.389475,120.4498
1403636667.863556,3.352896,5.293982,70.733255,-4.920700,9.057977,-1.145858,8.273596,-3.763995,71.879113,72.451548,120.5232
1403636667.913556,3.356422,5.269068,70.806409,-4.930659,9.079247,-1.143619,8.287081,-3.810179,71.950028,72.525856,120.7199
1403636667.963556,3.367960,5.233676,70.864166,-4.939762,9.100567,-1.142523,8.307722,-3.866891,72.006689,72.587426,107.3119
1403636668.013556,3.380374,5.206135,70.894229,-4.948049,9.122156,-1.142632,8.328423,-3.916021,72.036861,72.622361,107.2901
1403636668.063556,3.386610,5.173976,70.930984,-4.955477,9.143813,-1.144750,8.342087,-3.969837,72.075734,72.665407,107.2071
1403636668.113555,3.400739,5.147631,70.961504,-4.962130,9.165798,-1.148896,8.362869,-4.018167,72.110400,72.704835,107.2156
1403636668.163556,3.408184,5.116481,70.998621,-4.968353,9.187903,-1.154513,8.376537,-4.071422,72.153134,72.751753,107.2803
1403636668.213556,3.409580,5.080883,71.041810,-4.974203,9.210403,-1.161974,8.383783,-4.129520,72.203784,72.806093,164.1257
1403636668.263556,3.403147,5.052837,71.086761,-4.979706,9.233266,-1.170393,8.382853,-4.180429,72.257154,72.861818,164.0792
1403636668.313555,3.396235,5.029831,71.110995,-4.984951,9.256574,-1.179789,8.381186,-4.226743,72.290784,72.897648,156.4594
1403636668.363556,3.393341,5.012812,71.134662,-4.990312,9.280516,-1.190136,8.383653,-4.267704,72.324798,72.934047,171.1729
1403636668.413556,3.391988,4.999119,71.152324,-4.995735,9.304810,-1.201148,8.387723,-4.305691,72.353472,72.965182,154.9116
1403636668.463556,3.391744,4.992388,71.185940,-5.000968,9.329568,-1.212808,8.392712,-4.337180,72.398748,73.012516,154.9950
1403636668.513556,3.392603,4.992103,71.233905,-5.006151,9.354962,-1.225022,8.398754,-4.362859,72.458927,73.074412,155.0842
1403636668.563556,3.395948,4.997092,71.264482,-5.011715,9.380891,-1.237506,8.407663,-4.383799,72.501988,73.119387,155.1405
1403636668.613555,3.402333,5.006354,71.287449,-5.017466,9.407268,-1.249900,8.419799,-4.400914,72.537349,73.156873,155.2103
1403636668.663556,3.409235,5.020358,71.325742,-5.023122,9.434468,-1.262290,8.432357,-4.414110,72.588032,73.209366,155.2724
1403636668.713556,3.416540,5.038640,71.378343,-5.028798,9.462291,-1.274606,8.445338,-4.423651,72.652949,73.275804,146.9284
1403636668.763556,3.432639,5.056622,71.433160,-5.034483,9.491299,-1.286540,8.467122,-4.434677,72.719700,73.345166,146.7564
1403636668.813555,3.457239,5.073856,71.490240,-5.040752,9.521137,-1.297867,8.497991,-4.447281,72.788107,73.417319,171.7218
1403636668.863556,3.467436,5.085308,71.523875,-5.048237,9.551963,-1.307850,8.515673,-4.466655,72.831725,73.463786,171.8721
1403636668.913556,3.477279,5.105481,71.568538,-5.056794,9.584223,-1.315672,8.534073,-4.478742,72.884210,73.518689,160.8595
1403636668.963556,3.477224,5.129205,71.595786,-5.066833,9.617920,-1.321746,8.544057,-4.488715,72.917532,73.553491,160.9806
1403636669.013556,3.481408,5.153715,71.621806,-5.079286,9.651526,-1.325824,8.560694,-4.497811,72.947630,73.585817,160.9132
1403636669.063556,3.489039,5.179827,71.645987,-5.093179,9.685416,-1.328191,8.582218,-4.505589,72.974178,73.615116,160.9612
1403636669.113555,3.499736,5.206554,71.668843,-5.108391,9.718681,-1.328142,8.608127,-4.512127,72.996985,73.641150,160.9703
1403636669.163556,3.512517,5.234204,71.691058,-5.124569,9.751443,-1.328304,8.637086,-4.517239,73.019362,73.667034,161.0097
1403636669.213556,3.527114,5.262238,71.712661,-5.141657,9.783731,-1.329436,8.668771,-4.521493,73.042097,73.693550,160.9594
1403636669.263556,3.543278,5.290829,71.733714,-5.159498,9.814591,-1.331161,8.702776,-4.523762,73.064875,73.720274,160.9146
1403636669.313555,3.560779,5.319736,71.754642,-5.178326,9.845404,-1.334799,8.739105,-4.525668,73.089441,73.749033,160.8488
1403636669.363556,3.579583,5.349053,71.775197,-5.197897,9.875591,-1.339844,8.777480,-4.526538,73.115041,73.779014,95.6463
1403636669.413556,3.604686,5.370159,71.804405,-5.218247,9.905778,-1.345866,8.822933,-4.535619,73.150271,73.819903,95.6718
1403636669.463556,3.635241,5.384031,71.841494,-5.239561,9.935709,-1.352832,8.874802,-4.551678,73.194326,73.870761,177.6199
1403636669.513556,3.643086,5.389245,71.865625,-5.261775,9.965308,-1.360901,8.904861,-4.576063,73.226526,73.907787,177.4147
1403636669.563556,3.641113,5.389104,71.881747,-5.285015,9.994292,-1.369872,8.926128,-4.605188,73.251619,73.937022,177.2145
1403636669.613555,3.635667,5.386125,71.892609,-5.309459,10.022369,-1.378835,8.945126,-4.636244,73.271444,73.960899,177.1662
1403636669.663556,3.626920,5.381932,71.901968,-5.335481,10.049215,-1.387020,8.962401,-4.667283,73.288988,73.982321,163.0998
1403636669.713556,3.618996,5.374835,71.916032,-5.362717,10.075305,-1.393708,8.981713,-4.700470,73.309740,74.007321,154.2905
1403636669.763556,3.608871,5.375776,71.945041,-5.391313,10.100296,-1.399258,9.000184,-4.724520,73.344299,74.045327,154.8138
1403636669.813555,3.596789,5.384862,71.986864,-5.421848,10.123841,-1.403825,9.018637,-4.738979,73.390689,74.094446,134.1768
1403636669.863556,3.581940,5.385025,72.041955,-5.453957,10.145825,-1.406591,9.035897,-4.760800,73.448546,74.155253,134.6553
1403636669.913556,3.567451,5.392606,72.079796,-5.487395,10.165129,-1.407574,9.054846,-4.772523,73.487370,74.196770,134.7556
1403636669.963556,3.552284,5.402949,72.110671,-5.520225,10.182239,-1.407246,9.072509,-4.779290,73.517917,74.229618,134.8014
1403636670.013556,3.534498,5.405776,72.154924,-5.552370,10.196393,-1.405205,9.086868,-4.790617,73.560129,74.273910,168.8904
1403636670.063556,3.509744,5.407133,72.198160,-5.583820,10.207604,-1.401808,9.093564,-4.800471,73.599968,74.314821,169.1744
1403636670.113555,3.479080,5.407732,72.240731,-5.614202,10.216271,-1.396817,9.093282,-4.808539,73.637548,74.352527,169.3546
1403636670.163556,3.443061,5.407529,72.282790,-5.642999,10.222264,-1.390124,9.086060,-4.814735,73.672914,74.387071,100.5336
1403636670.213556,3.411461,5.397558,72.330059,-5.670025,10.225862,-1.382750,9.081486,-4.828304,73.712809,74.426905,100.7212
1403636670.263556,3.383481,5.379246,72.381836,-5.695305,10.226297,-1.376087,9.078786,-4.847051,73.757923,74.472475,100.8401
1403636670.313555,3.358914,5.353406,72.437666,-5.718793,10.223489,-1.371079,9.077707,-4.870083,73.808745,74.524179,100.9401
1403636670.363556,3.329980,5.328452,72.469910,-5.740216,10.217084,-1.367961,9.070196,-4.888632,73.837871,74.553325,101.0637
1403636670.413556,3.297904,5.304078,72.503338,-5.759533,10.206967,-1.366098,9.057437,-4.902889,73.869436,74.583973,101.1614
1403636670.463556,3.269513,5.271772,72.542273,-5.776505,10.192848,-1.364579,9.046018,-4.921076,73.906852,74.620843,101.3350
1403636670.513556,3.244175,5.231866,72.586239,-5.790628,10.174447,-1.361350,9.034803,-4.942581,73.947589,74.661253,101.4770
1403636670.563556,3.221906,5.184987,72.634465,-5.801682,10.152118,-1.356792,9.023588,-4.967131,73.991257,74.704776,163.4896
1403636670.613555,3.202219,5.141284,72.676634,-5.809360,10.125687,-1.350117,9.011579,-4.984403,74.026751,74.739632,107.6094
1403636670.663556,3.173729,5.103683,72.723156,-5.813161,10.095693,-1.341033,8.986890,-4.992010,74.064189,74.774250,107.4029
1403636670.713556,3.142197,5.069158,72.747945,-5.813638,10.061615,-1.330621,8.955835,-4.992457,74.078566,74.784795,107.2711
1403636670.763556,3.103622,5.039884,72.779076,-5.810348,10.024459,-1.319195,8.913970,-4.984575,74.098271,74.798788,107.2369
1403636670.813555,3.070105,5.006779,72.812403,-5.803975,9.984100,-1.308245,8.874080,-4.977321,74.120648,74.815730,107.2362
1403636670.863556,3.030475,4.978341,72.851297,-5.794615,9.940276,-1.298308,8.825090,-4.961935,74.149605,74.837604,46.3567
1403636670.913556,2.992365,4.953910,72.905743,-5.781738,9.893583,-1.289269,8.774103,-4.939673,74.195012,74.875129,46.5276
1403636670.963556,2.955410,4.933079,72.974747,-5.765089,9.843189,-1.279572,8.720499,-4.910110,74.254319,74.925698,46.8046
1403636671.013556,2.919564,4.915391,73.057584,-5.744281,9.788743,-1.268109,8.663845,-4.873352,74.325693,74.987469,47.2084
1403636671.063556,2.884425,4.900153,73.152901,-5.718544,9.729789,-1.253698,8.602969,-4.829636,74.406599,75.057833,46.6404
1403636671.113555,2.850280,4.887173,73.259367,-5.687726,9.666982,-1.237118,8.538006,-4.779809,74.496485,75.136345,46.3620
1403636671.163556,2.817344,4.876654,73.375715,-5.652421,9.599544,-1.218869,8.469765,-4.722890,74.594584,75.222301,46.1303
1403636671.213556,2.785743,4.868486,73.501228,-5.612244,9.528847,-1.198671,8.397987,-4.660361,74.699899,75.314807,45.8970
1403636671.263556,2.754429,4.861434,73.633680,-5.567936,9.453431,-1.177126,8.322365,-4.591997,74.810806,75.412233,46.0028
1403636671.313555,2.724455,4.856496,73.772536,-5.519688,9.375300,-1.155914,8.244143,-4.518804,74.928450,75.515946,45.9272
1403636671.363556,2.695359,4.853900,73.917134,-5.468209,9.294338,-1.133978,8.163568,-4.440438,75.051112,75.624274,45.2308
1403636671.413556,2.667109,4.854010,74.065885,-5.414964,9.212641,-1.112522,8.082073,-4.358631,75.178407,75.737114,45.1018
1403636671.463556,2.639472,4.856859,74.218228,-5.360921,9.130737,-1.092490,8.000393,-4.273878,75.310718,75.854970,44.8909
1403636671.513556,2.612698,4.862652,74.373600,-5.306582,9.048947,-1.073728,7.919280,-4.186295,75.447328,75.977229,45.1976
1403636671.563556,2.586747,4.870815,74.531158,-5.252203,8.967678,-1.056424,7.838950,-4.096863,75.587582,76.103324,45.3493
1403636671.613555,2.561588,4.881417,74.691427,-5.197758,8.887656,-1.040830,7.759346,-4.006239,75.732257,76.234062,45.6242
1403636671.663556,2.536988,4.894966,74.854096,-5.143488,8.809416,-1.026476,7.680476,-3.914450,75.880572,76.368670,45.3226
1403636671.713556,2.513101,4.910830,75.018948,-5.089263,8.733541,-1.013109,7.602364,-3.822711,76.032057,76.506750,44.3763
1403636671.763556,2.490009,4.928686,75.185572,-5.035219,8.659777,-1.001033,7.525228,-3.731091,76.186605,76.648215,44.4439
1403636671.813555,2.467383,4.949098,75.354429,-4.981422,8.588680,-0.989713,7.448805,-3.639582,76.344142,76.792964,44.4764
1403636671.863556,2.445201,4.971882,75.525604,-4.928124,8.520517,-0.978327,7.373325,-3.548635,76.503931,76.940303,44.5257
1403636671.913556,2.423303,4.997069,75.699446,-4.875060,8.455990,-0.966403,7.298363,-3.458921,76.665849,77.090094,44.1288
1403636671.963556,2.401595,5.024023,75.875137,-4.822417,8.395652,-0.952265,7.224012,-3.371629,76.827402,77.239912,44.1734
1403636672.013556,2.386438,5.027342,75.966721,-4.770496,8.339746,-0.936015,7.156934,-3.312404,76.902736,77.306045,44.1163
1403636672.063556,2.370842,5.035147,76.068521,-4.719293,8.289152,-0.917152,7.090135,-3.254005,76.985673,77.379922,43.8185
1403636672.113555,2.354650,5.047179,76.179879,-4.669376,8.243828,-0.895973,7.024026,-3.196649,77.075852,77.461232,43.5261
1403636672.163556,2.347048,5.032982,76.255243,-4.621333,8.203163,-0.872518,6.968381,-3.170181,77.127761,77.506774,43.4225
1403636672.213556,2.338125,5.025091,76.341942,-4.575429,8.166905,-0.848312,6.913554,-3.141814,77.190254,77.562901,43.5268
1403636672.263556,2.343949,5.003406,76.418361,-4.531642,8.135927,-0.824281,6.875591,-3.132521,77.242642,77.611289,115.3825
1403636672.313555,2.360559,4.970604,76.482891,-4.489911,8.109338,-0.801367,6.850470,-3.138734,77.284258,77.650738,115.4072
1403636672.363556,2.368946,4.963168,76.524100,-4.450424,8.087187,-0.779762,6.819370,-3.124019,77.303862,77.666920,115.4706
1403636672.413556,2.387387,4.952748,76.569529,-4.413595,8.068561,-0.761026,6.800982,-3.115813,77.330555,77.691546,155.3534
1403636672.463556,2.417719,4.940730,76.610512,-4.379737,8.053428,-0.745296,6.797456,-3.112698,77.355808,77.716249,155.1695
1403636672.513556,2.449839,4.923246,76.657567,-4.349223,8.040815,-0.733260,6.799062,-3.117569,77.390827,77.751442,121.1069
1403636672.563556,2.474065,4.904582,76.716038,-4.321675,8.030175,-0.725113,6.795740,-3.125593,77.441151,77.801564,121.0144
1403636672.613555,2.471899,4.884110,76.759792,-4.296527,8.020829,-0.722858,6.768426,-3.136719,77.482650,77.840938,120.9737
1403636672.663556,2.465739,4.863309,76.815529,-4.273376,8.012072,-0.725003,6.739115,-3.148763,77.540532,77.896499,120.7927
1403636672.713556,2.471415,4.859079,76.861093,-4.251899,8.003418,-0.732859,6.723314,-3.144339,77.593952,77.948131,120.6338
1403636672.763556,2.472443,4.853080,76.918928,-4.231811,7.994482,-0.745756,6.704254,-3.141402,77.664684,78.016783,172.7512
1403636672.813555,2.471201,4.838110,76.979174,-4.213508,7.985378,-0.760790,6.684709,-3.147268,77.739964,78.090285,94.4493
1403636672.863556,2.476561,4.831556,77.012126,-4.196508,7.977154,-0.774515,6.673069,-3.145598,77.786641,78.135690,171.6786
1403636672.913556,2.482339,4.835282,77.029278,-4.180882,7.969865,-0.786345,6.663221,-3.134583,77.815623,78.163260,171.7387
1403636672.963556,2.489446,4.841368,77.044928,-4.166954,7.962590,-0.797096,6.656400,-3.121222,77.842024,78.188428,171.8042
1403636673.013556,2.497524,4.852153,77.055533,-4.154419,7.956416,-0.805820,6.651943,-3.104263,77.861353,78.206618,171.8274
1403636673.063556,2.506621,4.864552,77.065182,-4.143255,7.951006,-0.812847,6.649876,-3.086454,77.878029,78.222340,171.9208
1403636673.113555,2.516502,4.878779,77.073863,-4.133343,7.946472,-0.818466,6.649845,-3.067693,77.892329,78.235837,171.9178
1403636673.163556,2.523192,4.894211,77.082188,-4.124541,7.943646,-0.821460,6.647733,-3.049435,77.903648,78.246212,171.9089
1403636673.213556,2.525724,4.908599,77.090962,-4.116908,7.941429,-0.822671,6.642632,-3.032830,77.913633,78.255075,104.1793
1403636673.263556,2.530401,4.918093,77.106733,-4.110588,7.940772,-0.822581,6.640989,-3.022679,77.929314,78.270156,160.4078
1403636673.313555,2.531343,4.931158,77.122371,-4.105524,7.941682,-0.820508,6.636867,-3.010524,77.942879,78.282844,129.4448
1403636673.363556,2.523192,4.941181,77.140949,-4.102096,7.945172,-0.816908,6.625288,-3.003991,77.957857,78.296526,129.4983
1403636673.413556,2.511200,4.943842,77.150798,-4.099925,7.951397,-0.813142,6.611125,-3.007555,77.963940,78.301522,114.9600
1403636673.463556,2.502706,4.940078,77.160511,-4.099104,7.960222,-0.810377,6.601810,-3.020144,77.970888,78.308139,114.8685
1403636673.513556,2.489339,4.932945,77.167233,-4.099440,7.971500,-0.809151,6.588779,-3.038555,77.976384,78.313225,115.5069
1403636673.563556,2.479056,4.928127,77.180173,-4.101110,7.985048,-0.808792,6.580166,-3.056921,77.988965,78.325742,118.0934
1403636673.613555,2.473849,4.915359,77.199353,-4.104040,8.001014,-0.809115,6.577889,-3.085655,78.008468,78.346097,117.5232
1403636673.663556,2.469373,4.903264,77.224275,-4.108426,8.018772,-0.810467,6.577799,-3.115508,78.034742,78.373432,138.0084
1403636673.713556,2.474317,4.895881,77.258027,-4.114312,8.038176,-0.812519,6.588629,-3.142295,78.070546,78.411059,137.9883
1403636673.763556,2.488293,4.893102,77.298953,-4.121460,8.058089,-0.814328,6.609753,-3.164987,78.113281,78.456298,138.0169
1403636673.813555,2.491802,4.893352,77.333993,-4.130102,8.077497,-0.815917,6.621904,-3.184145,78.149910,78.494565,138.0487
1403636673.863556,2.504444,4.897596,77.376197,-4.139846,8.096716,-0.816719,6.644290,-3.199120,78.192916,78.539882,138.1151
1403636673.913556,2.514351,4.892769,77.418170,-4.150945,8.116747,-0.816952,6.665296,-3.223978,78.235122,78.584697,138.1619
1403636673.963556,2.522904,4.882913,77.462102,-4.163597,8.137376,-0.815594,6.686501,-3.254463,78.277696,78.630138,138.2151
1403636674.013556,2.525748,4.872491,77.506742,-4.177675,8.158318,-0.814996,6.703423,-3.285827,78.321738,78.676726,138.3075
1403636674.063556,2.525974,4.862206,77.553331,-4.193193,8.180014,-0.815222,6.719167,-3.317808,78.368553,78.726013,138.3992
1403636674.113555,2.527613,4.847684,77.599065,-4.210078,8.201982,-0.816746,6.737691,-3.354298,78.415811,78.776184,168.2337
1403636674.163556,2.520461,4.832767,77.641850,-4.228202,8.223952,-0.819650,6.748663,-3.391185,78.461500,78.824182,168.2724
1403636674.213556,2.510631,4.817624,77.685163,-4.247388,8.246037,-0.824180,6.758019,-3.428413,78.509343,78.874215,168.3074
1403636674.263556,2.498648,4.812384,77.735578,-4.267516,8.268024,-0.830673,6.766164,-3.455640,78.566251,78.932745,168.1559
1403636674.313555,2.493640,4.807589,77.767022,-4.288627,8.289583,-0.839237,6.782267,-3.481994,78.606259,78.975106,148.5477
1403636674.363556,2.489494,4.802514,77.787163,-4.310429,8.310427,-0.849489,6.799923,-3.507913,78.636652,79.008021,148.4479
1403636674.413556,2.484926,4.798944,77.801347,-4.332823,8.331079,-0.861214,6.817749,-3.532135,78.662561,79.036423,158.1945
1403636674.463556,2.481003,4.799685,77.816022,-4.355260,8.351556,-0.874101,6.836263,-3.551871,78.690123,79.066338,158.1172
1403636674.513556,2.479687,4.802422,77.823300,-4.377415,8.371684,-0.888439,6.857102,-3.569262,78.711739,79.090438,158.0802
1403636674.563556,2.478705,4.809210,77.831735,-4.398776,8.391432,-0.904344,6.877481,-3.582222,78.736079,79.117016,158.0677
1403636674.613555,2.478100,4.819487,77.840873,-4.419245,8.410900,-0.921281,6.897345,-3.591413,78.762154,79.145110,169.9341
1403636674.663556,2.484619,4.835454,77.861293,-4.438962,8.430486,-0.939033,6.923581,-3.595032,78.800326,79.185552,179.5436
1403636674.713556,2.486902,4.852956,77.897669,-4.457912,8.449706,-0.958592,6.944814,-3.596750,78.856261,79.243151,179.6547
1403636674.763556,2.485248,4.871453,77.948494,-4.475925,8.468864,-0.979809,6.961173,-3.597411,78.928303,79.316306,179.6921
1403636674.813555,2.478661,4.890524,77.980755,-4.492785,8.487700,-1.001035,6.971446,-3.597176,78.981790,79.370422,179.7882
1403636674.863556,2.469675,4.910611,78.004806,-4.508841,8.507681,-1.021003,6.978516,-3.597070,79.025809,79.414842,179.8615
1403636674.913556,2.457158,4.931333,78.046027,-4.523851,8.528377,-1.039359,6.981009,-3.597044,79.085386,79.474344,179.9412
1403636674.963556,2.441536,4.952712,78.102805,-4.537980,8.550887,-1.055824,6.979516,-3.598175,79.158629,79.547150,126.0106
1403636675.013556,2.417600,4.977869,78.165169,-4.551417,8.575514,-1.069519,6.969017,-3.597645,79.234688,79.621894,126.1515
1403636675.063556,2.386494,5.006099,78.232115,-4.564121,8.602087,-1.080627,6.950615,-3.595988,79.312742,79.697887,126.0365
1403636675.113555,2.373900,5.014525,78.281918,-4.575985,8.631110,-1.089170,6.949885,-3.616585,79.371088,79.756819,126.4710
1403636675.163556,2.344064,5.027542,78.327784,-4.587472,8.662327,-1.095437,6.931536,-3.634785,79.423221,79.807931,44.3492
1403636675.213556,2.314308,5.046923,78.386099,-4.599209,8.696606,-1.098900,6.913517,-3.649683,79.484999,79.868529,51.5466
1403636675.263556,2.303182,5.056356,78.423252,-4.611779,8.733922,-1.101190,6.914961,-3.677566,79.524442,79.909186,51.5047
1403636675.313555,2.291464,5.060354,78.475938,-4.625575,8.773551,-1.101665,6.917039,-3.713197,79.577603,79.963918,51.4757
1403636675.363556,2.287534,5.073407,78.517273,-4.640790,8.814638,-1.099830,6.928324,-3.741231,79.617103,80.005509,86.1532
1403636675.413556,2.293616,5.083955,78.565951,-4.657926,8.853916,-1.096128,6.951542,-3.769961,79.662079,80.053628,86.2227
1403636675.463556,2.308072,5.092081,78.620862,-4.677053,8.895751,-1.093743,6.985125,-3.803670,79.714605,80.110412,86.0941
1403636675.513556,2.330058,5.097791,78.681446,-4.697748,8.938093,-1.092853,7.027806,-3.840302,79.774299,80.175288,86.0218
1403636675.563556,2.351167,5.114582,78.719829,-4.719934,8.975854,-1.091702,7.071101,-3.861272,79.811531,80.217146,86.1097
1403636675.613555,2.380460,5.129838,78.763760,-4.743569,9.015589,-1.092939,7.124029,-3.885751,79.856699,80.267946,86.1020
1403636675.663556,2.415616,5.141742,78.814472,-4.768963,9.054756,-1.095633,7.184579,-3.913014,79.910105,80.327796,86.2207
1403636675.713556,2.456492,5.150240,78.871464,-4.795988,9.093190,-1.099638,7.252480,-3.942950,79.971102,80.396035,86.3139
1403636675.763556,2.502214,5.155830,78.933920,-4.824761,9.130976,-1.104881,7.326975,-3.975146,80.038801,80.471709,86.3619
1403636675.813555,2.552402,5.158683,79.001281,-4.855119,9.167980,-1.111971,7.407521,-4.009297,80.113252,80.554820,86.3781
1403636675.863556,2.606142,5.159124,79.072711,-4.886373,9.204360,-1.120718,7.492515,-4.045236,80.193429,80.644204,86.3854
1403636675.913556,2.663470,5.157194,79.147550,-4.917774,9.239647,-1.131588,7.581244,-4.082453,80.279138,80.739592,86.2706
1403636675.963556,2.724116,5.153393,79.225406,-4.948889,9.274046,-1.143792,7.673005,-4.120653,80.369198,80.839736,122.5389
1403636676.013556,2.781406,5.142767,79.300355,-4.979163,9.307784,-1.157051,7.760569,-4.165017,80.457406,80.938051,122.6050
1403636676.063556,2.810324,5.148527,79.360197,-5.008175,9.341269,-1.171052,7.818499,-4.192742,80.531249,81.018455,122.8585
1403636676.113555,2.839338,5.146223,79.418577,-5.035966,9.374452,-1.185926,7.875304,-4.228229,80.604503,81.098608,130.6515
1403636676.163556,2.864064,5.136991,79.474928,-5.062978,9.407684,-1.201054,7.927042,-4.270693,80.675982,81.176911,130.6188
1403636676.213556,2.884933,5.121371,79.529464,-5.089671,9.440653,-1.216854,7.974604,-4.319282,80.746318,81.254036,155.8723
1403636676.263556,2.909569,5.115395,79.567344,-5.116187,9.473385,-1.233316,8.025756,-4.357990,80.800660,81.315137,155.3692
1403636676.313555,2.931038,5.103724,79.603922,-5.143388,9.505615,-1.250474,8.074426,-4.401891,80.854396,81.375711,155.4002
1403636676.363556,2.934201,5.089867,79.628713,-5.171724,9.537683,-1.266051,8.105925,-4.447816,80.894764,81.421446,155.4112
1403636676.413556,2.928672,5.074244,79.648558,-5.201429,9.568970,-1.280159,8.130101,-4.494726,80.928717,81.460164,155.3858
1403636676.463556,2.929273,5.054358,79.659225,-5.232924,9.599242,-1.292270,8.162197,-4.544884,80.951495,81.488785,155.3008
1403636676.513556,2.926047,5.032279,79.672701,-5.265571,9.627384,-1.303080,8.191618,-4.595105,80.975781,81.518677,155.3254
1403636676.563556,2.924137,5.019800,79.681379,-5.300323,9.655359,-1.311929,8.224460,-4.635559,80.993308,81.541683,155.1859
1403636676.613555,2.918774,5.003143,79.689988,-5.336726,9.683266,-1.318271,8.255500,-4.680123,81.008259,81.562215,114.6880
1403636676.663556,2.909349,4.987392,79.701417,-5.374254,9.711371,-1.322243,8.283603,-4.723979,81.023660,81.582887,115.0009
1403636676.713556,2.897451,4.971095,79.716710,-5.412224,9.739149,-1.324448,8.309675,-4.768054,81.041158,81.605480,115.3625
1403636676.763556,2.886694,4.961648,79.727071,-5.450413,9.766862,-1.325000,8.337107,-4.805214,81.052071,81.621294,115.4493
1403636676.813555,2.876462,4.956482,79.735551,-5.488907,9.794404,-1.323938,8.365369,-4.837922,81.059489,81.633483,115.5422
1403636676.863556,2.867133,4.956399,79.744693,-5.527390,9.821663,-1.320783,8.394523,-4.865264,81.065476,81.644045,115.5854
1403636676.913556,2.848828,4.957545,79.762052,-5.564719,9.848545,-1.317305,8.413547,-4.891000,81.079357,81.661324,115.6246
1403636676.963556,2.823807,4.959981,79.786875,-5.601555,9.875093,-1.315136,8.425362,-4.915112,81.102011,81.686482,115.6056
1403636677.013556,2.808585,4.960049,79.803145,-5.637811,9.902104,-1.316539,8.446396,-4.942055,81.119684,81.707825,115.7867
1403636677.063556,2.796842,4.960085,79.814575,-5.673537,9.929480,-1.321598,8.470379,-4.969395,81.136173,81.728335,115.6021
1403636677.113555,2.786401,4.955644,79.826732,-5.709244,9.957250,-1.330304,8.495645,-5.001606,81.157036,81.753633,104.1428
1403636677.163556,2.776672,4.955262,79.855401,-5.744767,9.984812,-1.342378,8.521439,-5.029550,81.197779,81.798475,144.1375
1403636677.213556,2.778862,4.943477,79.887203,-5.780237,10.011928,-1.356466,8.559099,-5.068451,81.243669,81.850358,144.2778
1403636677.263556,2.787408,4.924284,79.924939,-5.816062,10.038221,-1.370791,8.603470,-5.113937,81.295730,81.909510,144.4469
1403636677.313555,2.795205,4.899613,79.968327,-5.852322,10.062983,-1.384150,8.647527,-5.163370,81.352477,81.973567,144.5967
1403636677.363556,2.806722,4.876965,80.021793,-5.888848,10.086655,-1.395985,8.695570,-5.209690,81.417778,82.046380,144.7405
1403636677.413556,2.826470,4.852260,80.082692,-5.925894,10.108462,-1.404791,8.752364,-5.256202,81.487483,82.124548,144.8036
1403636677.463556,2.834819,4.822209,80.144675,-5.962692,10.128665,-1.411602,8.797511,-5.306456,81.556277,82.200858,144.9310
1403636677.513556,2.836676,4.783997,80.203709,-5.998754,10.146708,-1.416777,8.835430,-5.362711,81.620486,82.272275,145.2366
1403636677.563556,2.847349,4.745032,80.269956,-6.034051,10.162875,-1.420273,8.881400,-5.417843,81.690229,82.350020,145.4053
1403636677.613555,2.842767,4.708181,80.331790,-6.068556,10.177247,-1.422399,8.911323,-5.469066,81.754189,82.420081,145.5463
1403636677.663556,2.847513,4.670816,80.400461,-6.102168,10.190200,-1.422750,8.949681,-5.519384,81.823211,82.496050,145.8101
1403636677.713556,2.841479,4.646063,80.469813,-6.134507,10.201377,-1.421631,8.975986,-5.555314,81.891444,82.568992,145.9506
1403636677.763556,2.839879,4.611671,80.539480,-6.165314,10.211058,-1.419357,9.005193,-5.599387,81.958837,82.641985,146.2482
1403636677.813555,2.827629,4.577982,80.605628,-6.194582,10.219391,-1.416406,9.022211,-5.641409,82.022034,82.709370,146.2625
1403636677.863556,2.814754,4.539253,80.671227,-6.222032,10.226855,-1.413145,9.036786,-5.687602,82.084372,82.775941,146.4504
1403636677.913556,2.812328,4.499679,80.742655,-6.248258,10.234445,-1.408886,9.060586,-5.734766,82.151541,82.848400,146.6596
1403636677.963556,2.804477,4.455748,80.811350,-6.273304,10.242448,-1.403534,9.077781,-5.786700,82.214884,82.916700,146.9184
1403636678.013556,2.805575,4.411693,80.885054,-6.297132,10.251480,-1.398424,9.102707,-5.839787,82.283478,82.991163,147.3087
1403636678.063556,2.800594,4.363942,80.956016,-6.319872,10.261733,-1.393938,9.120466,-5.897791,82.349954,83.063119,147.5377
1403636678.113555,2.804365,4.316565,81.031809,-6.341562,10.273107,-1.390646,9.145927,-5.956542,82.422455,83.141984,147.8814
1403636678.163556,2.829390,4.264964,81.091814,-6.362378,10.285582,-1.388814,9.191768,-6.020618,82.480628,83.209317,127.5058
1403636678.213556,2.854875,4.209656,81.156167,-6.382366,10.298705,-1.388693,9.237241,-6.089049,82.544860,83.282994,127.4379
1403636678.263556,2.881354,4.150366,81.224466,-6.401744,10.312081,-1.389098,9.283098,-6.161715,82.613564,83.361524,52.5060
1403636678.313555,2.903943,4.109609,81.306929,-6.420731,10.325269,-1.389084,9.324674,-6.215660,82.696013,83.451870,52.6922
1403636678.363556,2.923133,4.064570,81.397758,-6.439457,10.338112,-1.387706,9.362590,-6.273542,82.785464,83.549078,52.7210
1403636678.413556,2.913656,4.014109,81.482324,-6.457918,10.350868,-1.385146,9.371574,-6.336759,82.867470,83.636107,52.8299
1403636678.463556,2.926755,3.971773,81.569160,-6.476217,10.363507,-1.380741,9.402972,-6.391734,82.949901,83.725482,52.8266
1403636678.513556,2.924254,3.922460,81.659114,-6.494264,10.375948,-1.374811,9.418518,-6.453488,83.033925,83.815205,99.3465
1403636678.563556,2.924324,3.873376,81.759366,-6.512281,10.388113,-1.366993,9.436605,-6.514737,83.126359,83.913544,99.0161
1403636678.613555,2.907426,3.833609,81.864305,-6.529848,10.399788,-1.357634,9.437274,-6.566179,83.221939,84.012308,98.7093
1403636678.663556,2.907280,3.826505,81.932078,-6.546999,10.411434,-1.348772,9.454279,-6.584929,83.280850,84.074043,98.3766
1403636678.713556,2.909328,3.815607,82.011390,-6.564064,10.422831,-1.340837,9.473392,-6.607224,83.352227,84.148644,98.1129
1403636678.763556,2.911752,3.788270,82.093800,-6.581135,10.433723,-1.334136,9.492887,-6.645453,83.427936,84.228840,97.6644
1403636678.813555,2.916272,3.743466,82.157028,-6.598124,10.443817,-1.329523,9.514396,-6.700351,83.486551,84.293669,97.2881
1403636678.863556,2.905154,3.725248,82.212793,-6.615116,10.452886,-1.326590,9.520270,-6.727638,83.539383,84.348830,96.8407
1403636678.913556,2.908147,3.712399,82.278657,-6.632403,10.460513,-1.325329,9.540550,-6.748114,83.603986,84.416737,96.4993
1403636678.963556,2.912056,3.720016,82.333863,-6.649636,10.466056,-1.325800,9.561692,-6.746040,83.659663,84.474104,96.1883
1403636679.013556,2.911429,3.723257,82.368474,-6.667037,10.469446,-1.327164,9.578466,-6.746189,83.695638,84.511643,95.7910
1403636679.063556,2.907670,3.725124,82.394345,-6.684542,10.470642,-1.329888,9.592212,-6.745518,83.724233,84.541467,95.3314
1403636679.113555,2.906677,3.722450,82.435496,-6.701953,10.469812,-1.333643,9.608630,-6.747362,83.769139,84.587950,94.9814
1403636679.163556,2.907742,3.730282,82.471958,-6.719140,10.467003,-1.338910,9.626882,-6.736721,83.810868,84.630502,94.7320
1403636679.213556,2.908050,3.733066,82.497674,-6.735937,10.462372,-1.344700,9.643987,-6.729306,83.842374,84.663059,94.1949
1403636679.263556,2.904616,3.733865,82.520358,-6.752140,10.456514,-1.349929,9.656756,-6.722649,83.870287,84.691629,93.4822
1403636679.313555,2.896003,3.732240,82.544320,-6.767612,10.449851,-1.353917,9.663615,-6.717611,83.898237,84.719691,115.3983
1403636679.363556,2.888251,3.717059,82.567713,-6.782290,10.442801,-1.356239,9.670541,-6.725742,83.923952,84.746591,115.2511
1403636679.413556,2.876532,3.706502,82.582457,-6.796105,10.435737,-1.356730,9.672637,-6.729235,83.939187,84.762195,72.8227
1403636679.463556,2.870871,3.702890,82.601142,-6.808616,10.428783,-1.355176,9.679487,-6.725893,83.956318,84.779676,72.6019
1403636679.513556,2.864267,3.696618,82.637350,-6.820132,10.422038,-1.352061,9.684399,-6.725420,83.989411,84.812971,72.0003
1403636679.563556,2.856996,3.687820,82.689754,-6.830670,10.415754,-1.347476,9.687666,-6.727934,84.037230,84.860898,71.4862
1403636679.613555,2.848869,3.676283,82.757008,-6.840989,10.409824,-1.340955,9.689858,-6.733541,84.097963,84.921737,71.2728
1403636679.663556,2.840055,3.662405,82.837326,-6.849603,10.404577,-1.333407,9.689658,-6.742172,84.170733,84.994463,71.0932
1403636679.713556,2.830430,3.646523,82.929617,-6.857003,10.399958,-1.324301,9.687433,-6.753435,84.253918,85.077482,70.8161
1403636679.763556,2.819651,3.619794,83.029202,-6.863318,10.396216,-1.313375,9.682969,-6.776422,84.342577,85.166602,70.6274
1403636679.813555,2.815565,3.571362,83.116595,-6.868965,10.392849,-1.300079,9.684530,-6.821487,84.416674,85.243754,70.4746
1403636679.863556,2.816301,3.531851,83.217460,-6.874934,10.389580,-1.284307,9.691235,-6.857729,84.501767,85.331688,22.2689
1403636679.913556,2.802190,3.492746,83.323294,-6.880452,10.386465,-1.266823,9.682642,-6.893719,84.590117,85.421103,110.4680
1403636679.963556,2.805030,3.479055,83.431060,-6.885335,10.383049,-1.248346,9.690365,-6.903994,84.679406,85.511228,55.1925
1403636680.013556,2.834896,3.474845,83.533528,-6.888857,10.379464,-1.228348,9.723753,-6.904619,84.761876,85.596734,55.1482
1403636680.063556,2.870347,3.471078,83.641487,-6.890302,10.375529,-1.207172,9.760649,-6.904451,84.848659,85.686852,121.2164
1403636680.113555,2.899566,3.478193,83.693981,-6.890146,10.370519,-1.185821,9.789712,-6.892326,84.879802,85.720030,121.3359
1403636680.163556,2.937970,3.486766,83.725284,-6.888410,10.364194,-1.165983,9.826380,-6.877428,84.891267,85.734380,169.3064
1403636680.213556,2.982052,3.494977,83.763908,-6.885013,10.355939,-1.147737,9.867065,-6.860962,84.911645,85.757911,169.2513
1403636680.263556,3.030637,3.502572,83.809328,-6.880099,10.345953,-1.130515,9.910736,-6.843381,84.939843,85.789460,169.1637
1403636680.313555,3.081858,3.521990,83.851516,-6.873562,10.334671,-1.115373,9.955420,-6.812681,84.966889,85.818967,91.4825
1403636680.363556,3.133292,3.538860,83.907272,-6.865413,10.321770,-1.102211,9.998705,-6.782910,85.009483,85.863812,91.5346
1403636680.413556,3.184965,3.553491,83.974907,-6.855572,10.307055,-1.090724,10.040537,-6.753564,85.065631,85.921968,95.0863
1403636680.463556,3.205895,3.561734,84.017303,-6.844414,10.290211,-1.080528,10.050309,-6.728477,85.097831,85.953022,95.2720
1403636680.513556,3.213293,3.568016,84.046140,-6.832051,10.270995,-1.071780,10.045344,-6.702979,85.117920,85.970339,157.2921
1403636680.563556,3.217901,3.578912,84.074455,-6.818546,10.249345,-1.064535,10.036447,-6.670433,85.138990,85.987630,154.2566
1403636680.613555,3.228290,3.584944,84.103764,-6.803928,10.225212,-1.058450,10.032218,-6.640268,85.162214,86.007798,154.1485
1403636680.663556,3.243738,3.586611,84.133786,-6.788467,10.198896,-1.053526,10.032205,-6.612285,85.187312,86.030492,97.6824
1403636680.713556,3.262729,3.584331,84.177119,-6.772134,10.170329,-1.049953,10.034863,-6.585998,85.227072,86.068157,138.6738
1403636680.763556,3.283318,3.575736,84.219582,-6.754857,10.139690,-1.047518,10.038175,-6.563954,85.267100,86.106497,138.4479
1403636680.813555,3.305061,3.561483,84.261659,-6.737043,10.107404,-1.045535,10.042104,-6.545921,85.307194,86.145286,138.1606
1403636680.863556,3.327747,3.541992,84.303550,-6.718686,10.074026,-1.044558,10.046433,-6.532034,85.348108,86.185253,137.9578
1403636680.913556,3.351016,3.517782,84.345295,-6.699989,10.040044,-1.045056,10.051005,-6.522262,85.390351,86.226879,137.7307
1403636680.963556,3.374518,3.489361,84.387339,-6.681067,10.006169,-1.047414,10.055585,-6.516808,85.434753,86.270972,137.5032
1403636681.013556,3.380269,3.460332,84.411858,-6.662912,9.972712,-1.051257,10.043181,-6.512380,85.463115,86.297280,137.2908
1403636681.063556,3.381010,3.426336,84.428531,-6.645447,9.939735,-1.056554,10.026457,-6.513399,85.485085,86.317171,137.1943
1403636681.113555,3.374704,3.391822,84.440473,-6.629280,9.907341,-1.062379,10.003984,-6.515519,85.502852,86.332320,137.1325
1403636681.163556,3.368932,3.372343,84.448049,-6.614771,9.875268,-1.068028,9.983703,-6.502925,85.516077,86.342121,137.1107
1403636681.213556,3.361229,3.349926,84.456091,-6.602107,9.843164,-1.073193,9.963336,-6.493238,85.529284,86.352120,137.1265
1403636681.263556,3.357795,3.336341,84.461554,-6.590701,9.810645,-1.077324,9.948496,-6.474304,85.538878,86.358490,137.0061
1403636681.313555,3.352506,3.321159,84.468034,-6.579665,9.777551,-1.080477,9.932171,-6.456392,85.548511,86.364812,136.8524
1403636681.363556,3.345752,3.304322,84.475594,-6.569491,9.743961,-1.081929,9.915243,-6.439639,85.557523,86.370543,136.6696
1403636681.413556,3.343849,3.292945,84.480845,-6.558968,9.709978,-1.081869,9.902817,-6.417033,85.562714,86.372578,136.5637
1403636681.463556,3.341946,3.275413,84.487289,-6.548202,9.675814,-1.080238,9.890148,-6.400401,85.567527,86.374659,136.3778
1403636681.513556,3.338546,3.254922,84.497108,-6.536992,9.641474,-1.077258,9.875538,-6.386552,85.574366,86.378738,136.2687
1403636681.563556,3.337605,3.242154,84.503878,-6.525568,9.607049,-1.073890,9.863173,-6.364895,85.577768,86.379098,136.1581
1403636681.613555,3.339807,3.223641,84.514345,-6.513790,9.572943,-1.071252,9.853597,-6.349302,85.585597,86.384613,135.9991
1403636681.663556,3.337444,3.203379,84.523299,-6.501595,9.538824,-1.069814,9.839039,-6.335445,85.593113,86.389384,135.9063
1403636681.713556,3.331797,3.181882,84.531440,-6.488952,9.504545,-1.069559,9.820749,-6.322663,85.600999,86.394179,135.7990
1403636681.763556,3.327355,3.157187,84.535924,-6.476274,9.470108,-1.070278,9.803629,-6.312921,85.606202,86.396678,135.6556
1403636681.813555,3.319741,3.132492,84.542647,-6.463079,9.435203,-1.071735,9.782820,-6.302711,85.614382,86.401679,135.5522
1403636681.863556,3.310631,3.114237,84.549491,-6.449374,9.399919,-1.072724,9.760005,-6.285682,85.622215,86.405620,135.4447
1403636681.913556,3.301290,3.094210,84.558982,-6.435248,9.364483,-1.072429,9.736538,-6.270273,85.631411,86.410966,135.3350
1403636681.963556,3.291749,3.075549,84.571776,-6.420559,9.328845,-1.070427,9.712308,-6.253296,85.642203,86.417704,135.2375
1403636682.013556,3.281901,3.054668,84.585967,-6.406123,9.292923,-1.066497,9.688024,-6.238255,85.652464,86.424060,135.1356
1403636682.063556,3.271662,3.031467,84.602054,-6.390868,9.256897,-1.060425,9.662530,-6.225430,85.662479,86.430208,135.0613
1403636682.113555,3.259578,3.011057,84.618877,-6.374587,9.221170,-1.052492,9.634165,-6.210113,85.671369,86.434750,134.9503
1403636682.163556,3.260879,2.995282,84.630525,-6.357435,9.185406,-1.043720,9.618314,-6.190124,85.674245,86.434402,134.7513
1403636682.213556,3.258219,2.979359,84.644829,-6.339737,9.149785,-1.035505,9.597956,-6.170426,85.680334,86.436767,134.7929
1403636682.263556,3.262717,2.958444,84.660489,-6.321804,9.114411,-1.028743,9.584521,-6.155967,85.689232,86.443065,134.5953
1403636682.313555,3.272607,2.932965,84.672572,-6.303715,9.079319,-1.023986,9.576322,-6.146354,85.696558,86.448735,134.7309
1403636682.363556,3.288357,2.905287,84.683592,-6.286162,9.044376,-1.020701,9.574519,-6.139089,85.704293,86.455686,134.5645
1403636682.413556,3.306598,2.873415,84.695117,-6.269342,9.009602,-1.018360,9.575940,-6.136187,85.713477,86.464742,134.3899
1403636682.463556,3.310357,2.848302,84.707485,-6.253309,8.975114,-1.016146,9.563666,-6.126812,85.723631,86.472784,134.3346
1403636682.513556,3.307415,2.823567,84.716361,-6.237739,8.940883,-1.014636,9.545154,-6.117316,85.730997,86.477369,134.2701
1403636682.563556,3.306935,2.808807,84.722543,-6.222442,8.906595,-1.014108,9.529377,-6.097788,85.736651,86.479855,134.2475
1403636682.613555,3.303679,2.791731,84.730761,-6.207131,8.872072,-1.014825,9.510810,-6.080341,85.745586,86.485442,134.2023
1403636682.663556,3.299379,2.771074,84.740712,-6.191674,8.837481,-1.016462,9.491053,-6.066407,85.757174,86.493781,134.0955
1403636682.713556,3.293369,2.746999,84.751106,-6.175948,8.802768,-1.017993,9.469317,-6.055769,85.769099,86.502477,133.9827
1403636682.763556,3.285981,2.719529,84.762318,-6.160083,8.768220,-1.018265,9.446064,-6.048691,85.780583,86.510827,133.8618
1403636682.813555,3.280702,2.703141,84.770019,-6.143636,8.733941,-1.016963,9.424338,-6.030800,85.786982,86.513554,133.7164
1403636682.863556,3.275405,2.681952,84.780082,-6.126935,8.699738,-1.014283,9.402340,-6.017786,85.794365,86.517575,133.6378
1403636682.913556,3.269103,2.658239,84.792880,-6.109529,8.665601,-1.010297,9.378632,-6.007362,85.803177,86.523017,133.5894
1403636682.963556,3.260410,2.636100,84.807457,-6.091200,8.631003,-1.004597,9.351610,-5.994903,85.812054,86.528030,133.5069
1403636683.013556,3.249199,2.614937,84.820158,-6.071902,8.596160,-0.998012,9.321101,-5.981223,85.818170,86.529858,133.4409
1403636683.063556,3.240519,2.589156,84.834344,-6.052333,8.560740,-0.991770,9.292852,-5.971584,85.826114,86.534032,133.3490
1403636683.113555,3.228838,2.567736,84.845400,-6.031987,8.524695,-0.987280,9.260825,-5.956959,85.832680,86.536103,133.2066
1403636683.163556,3.219629,2.554034,84.853156,-6.011055,8.488188,-0.984632,9.230684,-5.934154,85.837788,86.536383,133.0893
1403636683.213556,3.212475,2.543053,84.859185,-5.989450,8.451136,-0.983620,9.201925,-5.908083,85.842805,86.536513,132.9599
1403636683.263556,3.208332,2.534454,84.864471,-5.967305,8.413722,-0.983674,9.175637,-5.879268,85.848145,86.537057,132.8661
1403636683.313555,3.205029,2.525763,84.869717,-5.944546,8.375844,-0.984991,9.149575,-5.850081,85.854708,86.538829,132.7444
1403636683.363556,3.204345,2.518206,84.874550,-5.921435,8.337909,-0.987398,9.125780,-5.819703,85.861948,86.541452,132.5394
1403636683.413556,3.205476,2.511060,84.878982,-5.897951,8.300190,-0.990952,9.103427,-5.789130,85.869934,86.544971,132.3967
1403636683.463556,3.207249,2.503889,84.882899,-5.874355,8.262424,-0.995640,9.081604,-5.758535,85.878539,86.549175,132.2510
1403636683.513556,3.206808,2.493224,84.888347,-5.850504,8.225093,-1.001187,9.057312,-5.731869,85.889534,86.555770,132.1950
1403636683.563556,3.204381,2.480003,84.894842,-5.826475,8.187954,-1.007528,9.030856,-5.707951,85.902370,86.564163,132.1407
1403636683.613555,3.202250,2.464266,84.898636,-5.802006,8.151244,-1.015062,9.004256,-5.686978,85.913698,86.571253,131.9823
1403636683.663556,3.197984,2.449017,84.902996,-5.777320,8.114944,-1.023556,8.975304,-5.665927,85.926552,86.579623,87.6375
1403636683.713556,3.194195,2.436890,84.913052,-5.752455,8.079042,-1.032047,8.946650,-5.642152,85.945099,86.593513,87.5794
1403636683.763556,3.188421,2.427260,84.928383,-5.727600,8.043364,-1.039358,8.916021,-5.616104,85.967741,86.611134,87.2187
1403636683.813555,3.181318,2.413975,84.946043,-5.702767,8.008089,-1.044996,8.884085,-5.594114,85.991039,86.629555,113.3501
1403636683.863556,3.174846,2.403581,84.963169,-5.677699,7.973123,-1.048887,8.852545,-5.569542,86.012056,86.645606,113.4629
1403636683.913556,3.161907,2.397236,84.994227,-5.653625,7.938425,-1.051367,8.815532,-5.541189,86.045594,86.673309,120.9297
1403636683.963556,3.140574,2.391301,85.028038,-5.630451,7.903769,-1.051601,8.771025,-5.512468,86.079639,86.700764,120.8124
1403636684.013556,3.111451,2.385597,85.064087,-5.607961,7.869442,-1.049293,8.719412,-5.483845,86.113380,86.727245,120.5417
1403636684.063556,3.074846,2.380124,85.101883,-5.586658,7.835307,-1.044596,8.661504,-5.455183,86.146479,86.752502,120.5899
1403636684.113555,3.032221,2.375735,85.142024,-5.564395,7.801609,-1.038057,8.596616,-5.425874,86.180081,86.777580,120.6598
1403636684.163556,2.984268,2.371404,85.183810,-5.542308,7.768032,-1.030521,8.526576,-5.396628,86.214331,86.802862,153.9545
1403636684.213556,2.939745,2.357324,85.232945,-5.520144,7.734652,-1.020956,8.459889,-5.377328,86.253901,86.834445,153.8770
1403636684.263556,2.898725,2.333966,85.288636,-5.498190,7.701365,-1.010081,8.396915,-5.367399,86.298717,86.872238,153.8896
1403636684.313555,2.860812,2.303459,85.349945,-5.476138,7.668472,-0.999187,8.336950,-5.365013,86.349132,86.916401,153.8674
1403636684.363556,2.822049,2.270555,85.415288,-5.453747,7.636134,-0.989781,8.275796,-5.365579,86.405069,86.966167,153.8617
1403636684.413556,2.786176,2.231818,85.485113,-5.431223,7.604329,-0.982191,8.217399,-5.372511,86.467304,87.022895,153.6082
1403636684.463556,2.753218,2.188098,85.559084,-5.408493,7.573011,-0.976594,8.161711,-5.384913,86.535678,87.086361,153.6052
1403636684.513556,2.722605,2.139494,85.636699,-5.385517,7.541969,-0.972588,8.108122,-5.402475,86.609287,87.155591,106.7137
1403636684.563556,2.686168,2.095956,85.714067,-5.362487,7.511755,-0.969827,8.048655,-5.415799,86.683894,87.225049,105.6288
1403636684.613555,2.652990,2.065795,85.795510,-5.338970,7.482091,-0.968714,7.991960,-5.416296,86.764224,87.299704,105.7713
1403636684.663556,2.622787,2.047627,85.880429,-5.315180,7.453158,-0.969029,7.937967,-5.405531,86.849458,87.378827,105.8755
1403636684.713556,2.595418,2.040207,85.968472,-5.291081,7.425004,-0.970730,7.886499,-5.384797,86.939202,87.462093,105.9425
1403636684.763556,2.570441,2.042484,86.059290,-5.266417,7.397752,-0.974024,7.836858,-5.355268,87.033314,87.549375,106.0341
1403636684.813555,2.547927,2.053653,86.153168,-5.241213,7.371351,-0.978945,7.789140,-5.317698,87.132113,87.641051,106.1188
1403636684.863556,2.527739,2.072428,86.249319,-5.215339,7.345933,-0.985660,7.743078,-5.273505,87.234979,87.736576,106.1546
1403636684.913556,2.509314,2.099320,86.347693,-5.188914,7.321358,-0.992923,7.698228,-5.222038,87.340616,87.834593,106.1261
1403636684.963556,2.501250,2.117514,86.397598,-5.161884,7.297356,-1.000005,7.663134,-5.179842,87.397603,87.885695,166.2371
1403636685.013556,2.503421,2.144360,86.427405,-5.134088,7.273868,-1.006257,7.637509,-5.129508,87.433662,87.916373,83.9831
1403636685.063556,2.499571,2.174990,86.470050,-5.106536,7.250325,-1.010921,7.606107,-5.075335,87.480971,87.957559,143.2665
1403636685.113555,2.502959,2.204861,86.525562,-5.078483,7.226472,-1.013038,7.581442,-5.021611,87.538600,88.009666,143.2808
1403636685.163556,2.513225,2.234100,86.592926,-5.049796,7.202751,-1.013671,7.563021,-4.968651,87.606597,88.072713,143.5704
1403636685.213556,2.526247,2.251430,86.666311,-5.020227,7.179343,-1.012779,7.546474,-4.927913,87.679090,88.141117,167.7042
1403636685.263556,2.545505,2.265711,86.735386,-4.990394,7.155737,-1.010725,7.535899,-4.890026,87.746111,88.204774,95.3220
1403636685.313555,2.569758,2.270475,86.806813,-4.960983,7.131656,-1.006719,7.530741,-4.861181,87.813532,88.269811,94.9691
1403636685.363556,2.605455,2.256346,86.855067,-4.931511,7.107007,-1.001505,7.536966,-4.850661,87.856572,88.312581,94.6377
1403636685.413556,2.623678,2.245854,86.882057,-4.902299,7.081944,-0.996486,7.525977,-4.836090,87.878543,88.332703,94.5284
1403636685.463556,2.632707,2.235756,86.899874,-4.872984,7.056392,-0.992838,7.505691,-4.820636,87.892712,88.344229,94.4072
1403636685.513556,2.634966,2.223604,86.918564,-4.843855,7.030469,-0.990632,7.478821,-4.806865,87.909196,88.357600,94.2835
1403636685.563556,2.636865,2.214397,86.932613,-4.814665,7.004397,-0.990220,7.451530,-4.790000,87.922833,88.367947,57.9241
1403636685.613555,2.638677,2.212487,86.948435,-4.785548,6.977913,-0.991137,7.424225,-4.765426,87.939572,88.380975,57.9425
1403636685.663556,2.638858,2.214812,86.973772,-4.756492,6.951377,-0.993332,7.395350,-4.736565,87.967104,88.404398,84.4287
1403636685.713556,2.637550,2.219072,87.002888,-4.727344,6.924686,-0.997044,7.364894,-4.705614,87.999932,88.432870,84.3556
1403636685.763556,2.642383,2.218091,87.041682,-4.698361,6.897606,-1.002099,7.340744,-4.679515,88.043781,88.473113,89.0292
1403636685.813555,2.642683,2.210083,87.075810,-4.669573,6.870245,-1.007987,7.312256,-4.660162,88.083797,88.509556,88.9694
1403636685.863556,2.642652,2.196323,87.106009,-4.640618,6.842657,-1.015018,7.283270,-4.646334,88.121027,88.543491,82.8787
1403636685.913556,2.639118,2.188798,87.146889,-4.611523,6.814333,-1.023238,7.250641,-4.625535,88.170127,88.588592,83.0511
1403636685.963556,2.630116,2.181008,87.178733,-4.582107,6.785500,-1.032385,7.212223,-4.604492,88.211118,88.625159,83.1350
1403636686.013556,2.619014,2.172207,87.212239,-4.552401,6.756487,-1.041199,7.171415,-4.584280,88.253438,88.662924,83.2251
1403636686.063556,2.607787,2.163792,87.253202,-4.522432,6.727200,-1.048547,7.130219,-4.563408,88.301749,88.706615,83.3227
1403636686.113555,2.594523,2.153921,87.299232,-4.492939,6.697907,-1.053776,7.087462,-4.543986,88.353008,88.753220,83.4290
1403636686.163556,2.582368,2.153940,87.356516,-4.464301,6.668728,-1.056293,7.046669,-4.514788,88.412809,88.808016,129.8075
1403636686.213556,2.554327,2.150942,87.417426,-4.435670,6.639843,-1.057597,6.989997,-4.488901,88.475023,88.864165,56.8271
1403636686.263556,2.522558,2.146692,87.452613,-4.407404,6.611186,-1.057588,6.929962,-4.464494,88.510201,88.893260,56.5994
1403636686.313555,2.486052,2.145394,87.500378,-4.379591,6.582808,-1.055676,6.865643,-4.437414,88.556054,88.932572,70.7657
1403636686.363556,2.472048,2.163911,87.537139,-4.352347,6.554747,-1.052021,6.824395,-4.390836,88.589160,88.960053,71.1883
1403636686.413556,2.459227,2.181155,87.561222,-4.325741,6.527198,-1.047692,6.784968,-4.346043,88.608914,88.974511,156.9320
1403636686.463556,2.449349,2.200014,87.584091,-4.299519,6.500072,-1.044442,6.748868,-4.300058,88.628533,88.989070,158.8625
1403636686.513556,2.436126,2.217988,87.606706,-4.273762,6.473513,-1.042803,6.709888,-4.255525,88.649509,89.004874,171.1563
1403636686.563556,2.437894,2.239057,87.625306,-4.248863,6.447327,-1.042253,6.686757,-4.208270,88.667559,89.018864,171.0422
1403636686.613555,2.446973,2.261048,87.647908,-4.224496,6.421557,-1.043663,6.671469,-4.160509,88.691571,89.039391,171.1338
1403636686.663556,2.463062,2.284155,87.673617,-4.200695,6.395830,-1.046623,6.663757,-4.111675,88.720240,89.065102,171.0507
1403636686.713556,2.485101,2.308359,87.702177,-4.177643,6.370021,-1.050601,6.662744,-4.061662,88.752778,89.095145,170.9772
1403636686.763556,2.502443,2.321072,87.734943,-4.155335,6.344301,-1.054717,6.657778,-4.023229,88.789660,89.129771,134.1710
1403636686.813555,2.514040,2.341569,87.772118,-4.133851,6.318868,-1.057912,6.647891,-3.977299,88.830030,89.167189,156.5934
1403636686.863556,2.512991,2.352929,87.804443,-4.112873,6.293641,-1.059822,6.625864,-3.940712,88.864265,89.198032,156.6413
1403636686.913556,2.515607,2.367478,87.852519,-4.092296,6.268828,-1.059826,6.607903,-3.901350,88.912345,89.242871,156.7035
1403636686.963556,2.521948,2.385275,87.914877,-4.071967,6.244426,-1.058050,6.593915,-3.859151,88.972927,89.300361,156.7576
1403636687.013556,2.527074,2.393728,87.952932,-4.052265,6.220337,-1.054740,6.579339,-3.826609,89.007672,89.332504,156.4881
1403636687.063556,2.535157,2.405616,88.006090,-4.032985,6.196746,-1.049657,6.568142,-3.791130,89.055747,89.378069,156.5288
1403636687.113555,2.554404,2.426386,88.047869,-4.013816,6.173616,-1.043053,6.568220,-3.747230,89.090922,89.411272,156.3115
1403636687.163556,2.574856,2.448799,88.103867,-3.994737,6.150809,-1.036420,6.569593,-3.702010,89.140287,89.458679,156.3510
1403636687.213556,2.596349,2.472739,88.172318,-3.975954,6.128514,-1.030273,6.572303,-3.655775,89.202591,89.519060,156.3780
1403636687.263556,2.618407,2.497574,88.251468,-3.957275,6.106773,-1.025672,6.575682,-3.609199,89.277140,89.591705,156.4362
1403636687.313555,2.641307,2.523227,88.340615,-3.938712,6.085448,-1.022566,6.580019,-3.562221,89.363181,89.675884,156.4222
1403636687.363556,2.664916,2.549779,88.438878,-3.920230,6.064778,-1.020993,6.585146,-3.514999,89.459871,89.770752,163.6673
1403636687.413556,2.685195,2.565700,88.541885,-3.901888,6.044356,-1.020824,6.587083,-3.478656,89.562709,89.871962,163.6485
1403636687.463556,2.702455,2.572159,88.649201,-3.883640,6.024059,-1.022015,6.586095,-3.451900,89.671216,89.978993,162.7312
1403636687.513556,2.716940,2.570233,88.760366,-3.865425,6.003943,-1.024885,6.582365,-3.433710,89.785251,90.091671,143.9165
1403636687.563556,2.724064,2.565305,88.864251,-3.846994,5.984067,-1.029842,6.571058,-3.418762,89.894093,90.198751,147.1490
1403636687.613555,2.726959,2.568442,88.964510,-3.828432,5.964406,-1.036162,6.555391,-3.395964,90.000672,90.302971,147.1909
1403636687.663556,2.725990,2.578935,89.061772,-3.809534,5.945304,-1.044386,6.535524,-3.366369,90.106158,90.405560,157.2974
1403636687.713556,2.722917,2.572532,89.143246,-3.790423,5.926748,-1.054026,6.513340,-3.354216,90.197272,90.494321,156.8925
1403636687.763556,2.722577,2.570580,89.217948,-3.771148,5.908524,-1.065623,6.493725,-3.337944,90.283571,90.578328,109.6797
1403636687.813555,2.723905,2.569820,89.256733,-3.751883,5.890895,-1.078439,6.475788,-3.321075,90.335172,90.627858,109.1129
1403636687.863556,2.734071,2.572015,89.300743,-3.732607,5.873764,-1.092497,6.466678,-3.301749,90.393240,90.684383,109.0168
1403636687.913556,2.751968,2.577041,89.349506,-3.713197,5.857254,-1.107926,6.465165,-3.280213,90.457432,90.747480,109.2199
1403636687.963556,2.776643,2.584571,89.402446,-3.693692,5.841186,-1.124383,6.470335,-3.256615,90.526829,90.816175,137.7849
1403636688.013556,2.803410,2.598708,89.456138,-3.674216,5.825275,-1.141635,6.477626,-3.226567,90.597773,90.886340,137.9055
1403636688.063556,2.832753,2.619287,89.510139,-3.654637,5.809603,-1.159205,6.487390,-3.190316,90.669344,90.957101,137.9512
1403636688.113555,2.851115,2.633593,89.535801,-3.634533,5.794145,-1.175773,6.485648,-3.160552,90.711574,90.998035,138.1191
1403636688.163556,2.873002,2.654813,89.564734,-3.614082,5.778524,-1.190784,6.487084,-3.123711,90.755518,91.040672,138.1550
1403636688.213556,2.898041,2.682191,89.596481,-3.593785,5.762602,-1.204024,6.491826,-3.080411,90.800505,91.084381,138.2351
1403636688.263556,2.926009,2.714907,89.631090,-3.573163,5.746363,-1.215637,6.499172,-3.031456,90.846727,91.129341,177.1368
1403636688.313555,2.959922,2.738864,89.669952,-3.552513,5.729789,-1.226047,6.512435,-2.990925,90.895999,91.178068,176.9484
1403636688.363556,2.999114,2.755181,89.712839,-3.531588,5.713245,-1.235652,6.530702,-2.958064,90.948491,91.230632,176.8282
1403636688.413556,3.022740,2.757904,89.760272,-3.510626,5.696768,-1.245932,6.533366,-2.938864,91.006204,91.287737,176.7540
1403636688.463556,3.051751,2.755492,89.811032,-3.489689,5.680659,-1.256742,6.541440,-2.925167,91.067774,91.349256,176.6180
1403636688.513556,3.085753,2.748002,89.864450,-3.468538,5.664490,-1.268702,6.554291,-2.916488,91.133152,91.415076,149.4114
1403636688.563556,3.113462,2.733312,89.918200,-3.447423,5.648343,-1.281467,6.560885,-2.915031,91.199667,91.481812,142.6649
1403636688.613555,3.133417,2.722819,89.969174,-3.426255,5.631859,-1.295514,6.559672,-2.909040,91.264688,91.546355,142.7843
1403636688.663556,3.146267,2.716200,90.017148,-3.405241,5.614642,-1.310375,6.551508,-2.898442,91.327523,91.608076,142.7633
1403636688.713556,3.152587,2.712920,90.062575,-3.384191,5.596787,-1.326182,6.536778,-2.883867,91.388757,91.667612,168.6086
1403636688.763556,3.165297,2.715408,90.108805,-3.362874,5.578243,-1.342641,6.528171,-2.862835,91.451446,91.728838,168.7071
1403636688.813555,3.183736,2.723175,90.155147,-3.341644,5.558728,-1.358259,6.525380,-2.835553,91.513406,91.789566,168.7978
1403636688.863556,3.205627,2.735483,90.177847,-3.320616,5.538237,-1.372227,6.526243,-2.802754,91.550074,91.825179,169.1329
1403636688.913556,3.232913,2.752253,90.202916,-3.299508,5.516620,-1.384392,6.532421,-2.764367,91.587308,91.861577,169.3092
1403636688.963556,3.265119,2.772957,90.229724,-3.278575,5.494318,-1.394694,6.543694,-2.721361,91.624418,91.898094,169.4665
1403636689.013556,3.301500,2.797096,90.258284,-3.257953,5.471394,-1.402944,6.559453,-2.674298,91.661228,91.934536,169.5729
1403636689.063556,3.341777,2.824194,90.289065,-3.237587,5.448024,-1.408805,6.579364,-2.623830,91.697870,91.971038,169.6889
1403636689.113555,3.385267,2.853761,90.321564,-3.217985,5.424185,-1.413417,6.603252,-2.570424,91.734981,92.008243,141.3121
1403636689.163556,3.431111,2.877643,90.368030,-3.198904,5.400114,-1.416121,6.630015,-2.522471,91.784151,92.057864,140.9881
1403636689.213556,3.479122,2.896152,90.427517,-3.180145,5.376054,-1.416743,6.659267,-2.479902,91.844260,92.118749,140.4932
1403636689.263556,3.529591,2.909813,90.498284,-3.161912,5.352163,-1.415549,6.691503,-2.442350,91.913833,92.189447,140.3562
1403636689.313555,3.581991,2.919091,90.578890,-3.144866,5.328323,-1.412315,6.726857,-2.409232,91.991205,92.268287,140.2381
1403636689.363556,3.636620,2.924211,90.668816,-3.129705,5.304291,-1.406931,6.766325,-2.380080,92.075747,92.354702,140.5359
1403636689.413556,3.692862,2.925908,90.766950,-3.115748,5.280332,-1.399536,6.808610,-2.354424,92.166486,92.447615,140.9422
1403636689.463556,3.750665,2.924267,90.872572,-3.102369,5.256512,-1.390148,6.853034,-2.332245,92.262720,92.546275,141.3181
1403636689.513556,3.809746,2.919800,90.985350,-3.089591,5.232891,-1.378686,6.899337,-2.313091,92.364036,92.650237,141.1909
1403636689.563556,3.869641,2.912790,91.104036,-3.076957,5.209593,-1.366109,6.946598,-2.296803,92.470145,92.759141,93.6314
1403636689.613555,3.916334,2.905130,91.228518,-3.064203,5.186866,-1.352054,6.980537,-2.281736,92.580572,92.871397,164.0307
1403636689.663556,3.931050,2.894767,91.289996,-3.052326,5.164321,-1.338124,6.983376,-2.269554,92.628120,92.918712,163.9296
1403636689.713556,3.942707,2.877110,91.351743,-3.043511,5.141458,-1.326267,6.986218,-2.264348,92.678010,92.968533,163.6587
1403636689.763556,3.951611,2.852748,91.413909,-3.034884,5.119443,-1.315463,6.986495,-2.266695,92.729372,93.019812,163.4290
1403636689.813555,3.958112,2.822113,91.475999,-3.028312,5.097880,-1.305641,6.986424,-2.275767,92.781640,93.072133,163.4692
1403636689.863556,3.962444,2.785841,91.538288,-3.023681,5.076953,-1.296434,6.986125,-2.291112,92.834722,93.125404,163.6415
1403636689.913556,3.964823,2.744399,91.600442,-3.020919,5.056853,-1.288097,6.985742,-2.312454,92.888539,93.179551,163.8431
1403636689.963556,3.963570,2.690912,91.643310,-3.020072,5.038107,-1.280517,6.983642,-2.347195,92.923827,93.215440,77.9752
1403636690.013556,3.958102,2.637495,91.668817,-3.020916,5.021010,-1.274042,6.979018,-2.383515,92.942859,93.234987,77.7172
1403636690.063556,3.945938,2.583942,91.705124,-3.023257,5.005622,-1.268675,6.969195,-2.421680,92.973799,93.266079,77.6311
1403636690.113555,3.928098,2.530125,91.751090,-3.027027,4.991701,-1.264631,6.955125,-2.461576,93.015721,93.307864,77.5074
1403636690.163556,3.904470,2.475634,91.805841,-3.032400,4.978979,-1.260838,6.936870,-2.503345,93.066679,93.358415,53.8604
1403636690.213556,3.879424,2.433663,91.871639,-3.039320,4.966982,-1.256055,6.918744,-2.533319,93.127694,93.418703,53.6892
1403636690.263556,3.840412,2.417118,91.935777,-3.048063,4.955305,-1.249149,6.888475,-2.538187,93.184926,93.473654,94.7782
1403636690.313555,3.805595,2.400409,92.013761,-3.058424,4.944041,-1.240832,6.864019,-2.543632,93.254593,93.541456,171.1958
1403636690.363556,3.799496,2.368941,92.082600,-3.070372,4.933095,-1.231044,6.869868,-2.564154,93.313644,93.601314,107.3184
1403636690.413556,3.808811,2.330864,92.146615,-3.083360,4.922342,-1.220626,6.892171,-2.591478,93.367241,93.657138,177.7175
1403636690.463556,3.798648,2.284740,92.199766,-3.097713,4.911691,-1.210193,6.896361,-2.626951,93.409959,93.701019,177.7816
1403636690.513556,3.810266,2.249901,92.242121,-3.113104,4.901150,-1.200614,6.923370,-2.651249,93.442735,93.736369,129.5690
1403636690.563556,3.834971,2.218959,92.267849,-3.129615,4.891055,-1.192324,6.964586,-2.672096,93.460173,93.757397,92.8407
1403636690.613555,3.864053,2.187506,92.299486,-3.147170,4.881359,-1.185653,7.011223,-2.693853,93.485139,93.786382,120.0774
1403636690.663556,3.891441,2.169914,92.347573,-3.165930,4.872515,-1.180080,7.057371,-2.702601,93.527653,93.832470,120.4531
1403636690.713556,3.915588,2.152784,92.409133,-3.185816,4.864576,-1.176755,7.101404,-2.711792,93.585888,93.894101,120.2067
1403636690.763556,3.936299,2.135996,92.482461,-3.206481,4.858051,-1.177566,7.142780,-2.722055,93.660027,93.971429,119.2782
1403636690.813555,3.953678,2.119268,92.566703,-3.227973,4.853386,-1.182247,7.181651,-2.734118,93.748950,94.063367,118.5495
1403636690.863556,3.968066,2.102527,92.661264,-3.250361,4.851148,-1.189961,7.218427,-2.748621,93.851225,94.168535,118.4133
1403636690.913556,3.970230,2.093673,92.714234,-3.273369,4.851578,-1.199217,7.243599,-2.757905,93.913451,94.232755,117.7289
1403636690.963556,3.971465,2.079295,92.780216,-3.296982,4.855050,-1.207919,7.268447,-2.775755,93.988135,94.309621,117.6976
1403636691.013556,3.969614,2.059007,92.858309,-3.321328,4.861991,-1.214858,7.290942,-2.802984,94.073167,94.396903,117.6045
1403636691.063556,3.965452,2.039463,92.949327,-3.345117,4.873086,-1.219565,7.310569,-2.833623,94.168892,94.494730,117.7218
1403636691.113555,3.958898,2.020729,93.051832,-3.367714,4.888251,-1.223021,7.326612,-2.867522,94.274853,94.602588,117.7067
1403636691.163556,3.950765,2.002465,93.164756,-3.388724,4.907811,-1.223262,7.339489,-2.905346,94.388018,94.717512,117.7370
1403636691.213556,3.940948,1.985054,93.286515,-3.408263,4.931362,-1.222122,7.349211,-2.946308,94.508637,94.839729,117.8994
1403636691.263556,3.936615,1.978636,93.352084,-3.425068,4.958604,-1.219084,7.361683,-2.979968,94.571168,94.904059,118.1343
1403636691.313555,3.930530,1.972444,93.430987,-3.438312,4.988920,-1.214938,7.368842,-3.016476,94.645925,94.980261,118.6714
1403636691.363556,3.923604,1.966090,93.522289,-3.449185,5.021168,-1.209301,7.372789,-3.055078,94.731590,95.067164,119.2158
1403636691.413556,3.922371,1.965526,93.573578,-3.457808,5.054620,-1.202792,7.380179,-3.089094,94.776370,95.113458,119.4994
1403636691.463556,3.925123,1.968052,93.608081,-3.465035,5.089066,-1.194124,7.390158,-3.121014,94.802205,95.141018,119.8920
1403636691.513556,3.928301,1.971682,93.634562,-3.470849,5.124199,-1.183024,7.399150,-3.152517,94.817586,95.158081,120.0555
1403636691.563556,3.930155,1.973768,93.679260,-3.475860,5.159978,-1.168911,7.406015,-3.186210,94.848171,95.190213,120.7243
1403636691.613555,3.930396,1.974310,93.740101,-3.479146,5.197817,-1.156143,7.409542,-3.223507,94.896244,95.239642,121.1262
1403636691.663556,3.929595,1.973251,93.815077,-3.483208,5.235128,-1.138647,7.412803,-3.261877,94.953724,95.298475,121.6438
1403636691.713556,3.927941,1.971023,93.902348,-3.486719,5.272803,-1.121349,7.414660,-3.301780,95.023697,95.369711,121.9746
1403636691.763556,3.925782,1.968070,94.000002,-3.489607,5.310103,-1.104718,7.415389,-3.342033,95.104720,95.451899,122.2029
1403636691.813555,3.923085,1.964358,94.106877,-3.491837,5.346975,-1.090019,7.414922,-3.382617,95.196896,95.545132,122.6110
1403636691.863556,3.919735,1.960080,94.222309,-3.493250,5.383406,-1.077323,7.412985,-3.423326,95.299632,95.648792,122.7253
1403636691.913556,3.916054,1.955060,94.345513,-3.494051,5.419727,-1.066352,7.410105,-3.464667,95.411865,95.761880,122.4537
1403636691.963556,3.911818,1.949155,94.476189,-3.494705,5.456010,-1.055920,7.406523,-3.506855,95.532109,95.882941,122.2063
1403636692.013556,3.907216,1.942602,94.612969,-3.494868,5.492429,-1.046410,7.402084,-3.549827,95.659379,96.010983,121.9268
1403636692.063556,3.901626,1.935635,94.755735,-3.494377,5.528941,-1.037633,7.396003,-3.593306,95.793368,96.145630,121.6597
1403636692.113555,3.895602,1.927946,94.903899,-3.493068,5.566211,-1.028415,7.388670,-3.638265,95.932314,96.285192,122.0584
1403636692.163556,3.889465,1.919451,95.057732,-3.491994,5.603284,-1.017359,7.381459,-3.683833,96.075091,96.428625,122.5667
1403636692.213556,3.882733,1.910589,95.216824,-3.490413,5.639958,-1.004784,7.373146,-3.729369,96.221608,96.575718,122.7452
1403636692.263556,3.875911,1.901305,95.380420,-3.487883,5.676275,-0.990966,7.363794,-3.774970,96.371386,96.726005,122.9192
1403636692.313555,3.868291,1.891994,95.548614,-3.484217,5.712077,-0.974201,7.352508,-3.820083,96.522815,96.877790,123.0602
1403636692.363556,3.860400,1.882327,95.720276,-3.479032,5.747789,-0.955742,7.339432,-3.865462,96.676018,97.031240,123.5575
1403636692.413556,3.852385,1.872159,95.894899,-3.473851,5.783214,-0.935934,7.326236,-3.911055,96.830833,97.186317,124.0794
1403636692.463556,3.843940,1.861424,96.072298,-3.468865,5.818063,-0.914005,7.312805,-3.956639,96.986303,97.342052,123.9322
1403636692.513556,3.835502,1.850337,96.251823,-3.463386,5.852528,-0.890625,7.298888,-4.002191,97.142448,97.498443,123.9328
1403636692.563556,3.826982,1.839048,96.433704,-3.457550,5.886100,-0.865937,7.284532,-4.047052,97.299641,97.655840,124.4091
1403636692.613555,3.818783,1.827085,96.617702,-3.451912,5.918580,-0.839182,7.270695,-4.091495,97.456884,97.813330,124.4489
1403636692.663556,3.810359,1.814883,96.802931,-3.445391,5.950905,-0.811360,7.255750,-4.136022,97.614291,97.970926,124.9329
1403636692.713556,3.801913,1.802263,96.988384,-3.438696,5.983104,-0.784118,7.240609,-4.180841,97.772502,98.129343,125.1745
1403636692.763556,3.793436,1.789006,97.174313,-3.431720,6.015154,-0.758025,7.225156,-4.226148,97.932338,98.289400,125.6893
1403636692.813555,3.785425,1.775702,97.360852,-3.424617,6.046272,-0.733344,7.210042,-4.270570,98.094196,98.451479,126.2626
1403636692.863556,3.777924,1.762349,97.547715,-3.417641,6.075740,-0.709815,7.195565,-4.313391,98.257530,98.615028,126.6119
1403636692.913556,3.770969,1.748733,97.735298,-3.410565,6.103397,-0.687448,7.181534,-4.354664,98.422746,98.780435,126.9167
1403636692.963556,3.764803,1.734743,97.923442,-3.403692,6.128516,-0.666170,7.168495,-4.393773,98.589612,98.947482,126.8274
1403636693.013556,3.759224,1.720410,98.112343,-3.397084,6.151234,-0.645791,7.156308,-4.430824,98.758134,99.116165,77.9893
1403636693.063556,3.748292,1.701048,98.296220,-3.390681,6.172116,-0.626300,7.138973,-4.471068,98.922520,99.280513,77.8996
1403636693.113555,3.732386,1.677251,98.475672,-3.384633,6.191130,-0.608000,7.117019,-4.513879,99.083672,99.441445,77.8263
1403636693.163556,3.673665,1.649918,98.611310,-3.378618,6.208514,-0.591646,7.052283,-4.558596,99.202956,99.557732,91.2176
1403636693.213556,3.611870,1.625067,98.745796,-3.372811,6.224666,-0.577385,6.984681,-4.599599,99.323181,99.674653,91.2186
1403636693.263556,3.547441,1.602565,98.879310,-3.367229,6.239647,-0.564869,6.914670,-4.637082,99.444179,99.792084,91.2110
1403636693.313555,3.480666,1.582239,99.011933,-3.361884,6.253543,-0.553988,6.842550,-4.671304,99.565921,99.910031,91.1468
1403636693.363556,3.411327,1.563898,99.143848,-3.356978,6.266525,-0.544288,6.768305,-4.702627,99.688136,100.028242,91.1153
1403636693.413556,3.339821,1.547386,99.275305,-3.352898,6.278604,-0.535501,6.692719,-4.731218,99.810806,100.146762,91.1030
1403636693.463556,3.266189,1.532741,99.406378,-3.349896,6.289937,-0.527612,6.616085,-4.757196,99.933990,100.265676,91.0808
1403636693.513556,3.190845,1.519980,99.537153,-3.348093,6.300891,-0.520787,6.538938,-4.780911,100.057940,100.385289,147.5000
1403636693.563556,3.120674,1.511616,99.673606,-3.347920,6.311262,-0.514867,6.468594,-4.799646,100.188473,100.511738,147.5836
1403636693.613555,3.055114,1.507270,99.815503,-3.349622,6.320842,-0.509328,6.404736,-4.813572,100.324831,100.644239,149.2360
1403636693.663556,3.007818,1.497875,99.885906,-3.353566,6.329975,-0.504198,6.361384,-4.832100,100.390104,100.707444,149.0628
1403636693.713556,2.968989,1.483553,99.966351,-3.359857,6.338088,-0.499059,6.328846,-4.854535,100.465410,100.781543,148.9606
1403636693.763556,2.955311,1.471188,100.011538,-3.368422,6.345496,-0.493968,6.323733,-4.874308,100.505506,100.822147,148.9763
1403636693.813555,2.946448,1.454897,100.068929,-3.378732,6.352442,-0.489657,6.325180,-4.897545,100.558586,100.876276,148.9223
1403636693.863556,2.930839,1.452793,100.121915,-3.390813,6.358911,-0.485816,6.321652,-4.906118,100.607731,100.925461,148.8541
1403636693.913556,2.919777,1.445307,100.186651,-3.404093,6.364684,-0.482553,6.323870,-4.919377,100.669204,100.987525,172.4474
1403636693.963556,2.908647,1.429627,100.251440,-3.418503,6.370128,-0.480123,6.327150,-4.940501,100.731563,101.050923,138.7769
1403636694.013556,2.906940,1.420376,100.282043,-3.433442,6.374956,-0.478451,6.340382,-4.954580,100.760494,101.081282,138.4861
1403636694.063556,2.915093,1.405836,100.303058,-3.448408,6.379797,-0.477817,6.363501,-4.973961,100.780875,101.104002,138.3779
1403636694.113555,2.930894,1.389845,100.320955,-3.462826,6.384711,-0.477904,6.393720,-4.994866,100.798859,101.124865,138.3408
1403636694.163556,2.950366,1.369475,100.335318,-3.476880,6.389654,-0.477040,6.427246,-5.020179,100.812358,101.141699,138.2554
1403636694.213556,2.973956,1.348152,100.350208,-3.490097,6.394829,-0.474518,6.464053,-5.046677,100.824726,101.157691,138.2399
1403636694.263556,3.003548,1.328982,100.359871,-3.502824,6.400095,-0.471424,6.506372,-5.071113,100.831295,101.168172,138.0835
1403636694.313555,3.018964,1.317140,100.368634,-3.515280,6.405040,-0.466389,6.534244,-5.087900,100.835023,101.174527,107.5717
1403636694.363556,3.029456,1.314362,100.376858,-3.526877,6.410146,-0.460281,6.556333,-5.095784,100.837139,101.178462,107.7338
1403636694.413556,3.046624,1.317554,100.391806,-3.538226,6.415198,-0.454075,6.584850,-5.097644,100.845881,101.189119,107.8723
1403636694.463556,3.055697,1.324351,100.408432,-3.549397,6.420405,-0.448239,6.605094,-5.096054,100.856671,101.201112,107.9840
1403636694.513556,3.064781,1.332005,100.418388,-3.560704,6.425476,-0.443171,6.625485,-5.093471,100.861559,101.207186,108.1336
1403636694.563556,3.074106,1.340807,100.424723,-3.572089,6.430347,-0.439583,6.646195,-5.089540,100.864306,101.211084,102.1026
1403636694.613555,3.085368,1.357058,100.438481,-3.583370,6.435219,-0.437370,6.668738,-5.078161,100.875851,101.223501,154.1577
1403636694.663556,3.095488,1.376032,100.452763,-3.594945,6.439838,-0.436853,6.690433,-5.063806,100.889616,101.237930,154.2915
1403636694.713556,3.104518,1.397452,100.467414,-3.606555,6.444305,-0.437507,6.711073,-5.046853,100.904921,101.253703,159.5823
1403636694.763556,3.120590,1.420986,100.492904,-3.617981,6.448469,-0.439325,6.738571,-5.027483,100.932229,101.281779,159.7657
1403636694.813555,3.142939,1.446580,100.528218,-3.629147,6.452661,-0.442468,6.772086,-5.006081,100.970686,101.321278,159.8062
1403636694.863556,3.170486,1.473466,100.572402,-3.640033,6.456528,-0.447708,6.810519,-4.983062,101.020110,101.371972,116.2361
1403636694.913556,3.193829,1.506184,100.617796,-3.650999,6.460833,-0.454106,6.844828,-4.954649,101.071902,101.424502,116.3588
1403636694.963556,3.213700,1.544096,100.664396,-3.661911,6.465584,-0.460991,6.875611,-4.921488,101.125387,101.478269,116.3925
1403636695.013556,3.230166,1.587116,100.711801,-3.672844,6.471202,-0.468289,6.903010,-4.884086,101.180090,101.532834,116.5420
1403636695.063556,3.226223,1.627733,100.739371,-3.684148,6.477639,-0.475210,6.910371,-4.849906,101.214581,101.566068,116.6865
1403636695.113555,3.221803,1.673471,100.769762,-3.695200,6.485035,-0.480387,6.917003,-4.811564,101.250149,101.600142,155.4976
1403636695.163556,3.224281,1.721836,100.810583,-3.706357,6.492918,-0.484049,6.930638,-4.771082,101.294632,101.643491,155.5546
1403636695.213556,3.233243,1.773256,100.860592,-3.718076,6.501174,-0.485525,6.951319,-4.727918,101.346117,101.694196,155.6105
1403636695.263556,3.248206,1.827484,100.918716,-3.729769,6.509751,-0.485128,6.977975,-4.682267,101.403844,101.751439,155.6157
1403636695.313555,3.267822,1.883593,100.984447,-3.740990,6.518598,-0.482827,7.008812,-4.635005,101.467274,101.814608,155.7544
1403636695.363556,3.292101,1.941919,101.056496,-3.752355,6.527371,-0.478671,7.044456,-4.585452,101.535167,101.882486,127.8000
1403636695.413556,3.322059,1.988472,101.133523,-3.763338,6.536113,-0.473387,7.085397,-4.547641,101.606910,101.955128,103.9139
1403636695.463556,3.344123,2.026320,101.220236,-3.774082,6.544801,-0.467155,7.118205,-4.518481,101.687391,102.036322,164.1690
1403636695.513556,3.356897,2.055088,101.304289,-3.784608,6.553361,-0.461105,7.141505,-4.498273,101.765394,102.114793,164.3936
1403636695.563556,3.361576,2.075653,101.386248,-3.795251,6.561259,-0.455583,7.156827,-4.485606,101.841831,102.191484,173.2517
1403636695.613555,3.367285,2.096095,101.460912,-3.805316,6.569030,-0.451561,7.172601,-4.472935,101.912473,102.262435,146.8896
1403636695.663556,3.378529,2.109139,101.533862,-3.814981,6.576352,-0.448873,7.193510,-4.467213,101.982735,102.333674,77.7938
1403636695.713556,3.383656,2.113659,101.611753,-3.824296,6.582952,-0.447608,7.207952,-4.469293,102.059361,102.411143,71.6810
1403636695.763556,3.380512,2.120103,101.696749,-3.832985,6.588980,-0.447780,7.213497,-4.468877,102.144529,102.496391,98.0485
1403636695.813555,3.378974,2.135019,101.781723,-3.841170,6.594765,-0.448925,7.220144,-4.459746,102.230648,102.582285,98.1417
1403636695.863556,3.368468,2.136738,101.833650,-3.848860,6.600338,-0.451168,7.217328,-4.463600,102.284818,102.636239,98.2250
1403636695.913556,3.362239,2.142163,101.861198,-3.856111,6.605571,-0.454617,7.218350,-4.463408,102.315815,102.667193,98.2957
1403636695.963556,3.357864,2.155950,101.894374,-3.862981,6.610461,-0.459294,7.220845,-4.454511,102.353668,102.704706,98.3998
1403636696.013556,3.355219,2.177568,101.932868,-3.869653,6.615144,-0.464959,7.224872,-4.437576,102.397827,102.748264,176.6771
1403636696.063556,3.359486,2.197195,101.970429,-3.876252,6.619616,-0.471555,7.235738,-4.422421,102.441984,102.792382,149.1810
1403636696.113555,3.371459,2.216295,102.008963,-3.883461,6.623805,-0.478616,7.254920,-4.407510,102.487579,102.838533,149.1233
1403636696.163556,3.384662,2.221544,102.046317,-3.890822,6.627673,-0.485894,7.275484,-4.406129,102.532211,102.884405,149.1556
1403636696.213556,3.404657,2.227963,102.084739,-3.898198,6.631050,-0.494032,7.302855,-4.403087,102.578771,102.932615,149.1011
1403636696.263556,3.419812,2.239497,102.104795,-3.905728,6.633715,-0.502163,7.325540,-4.394218,102.606958,102.961937,149.0170
1403636696.313555,3.441521,2.251390,102.127521,-3.913509,6.635441,-0.510796,7.355030,-4.384051,102.638317,102.994856,148.8005
1403636696.363556,3.466329,2.269896,102.147147,-3.921704,6.636458,-0.518707,7.388033,-4.366562,102.665854,103.023917,148.6069
1403636696.413556,3.497190,2.288321,102.169478,-3.929633,6.636732,-0.525799,7.426823,-4.348411,102.695277,103.055259,148.6476
1403636696.463556,3.519843,2.312774,102.191580,-3.936873,6.636759,-0.532399,7.456716,-4.323985,102.723979,103.084991,148.5235
1403636696.513556,3.538603,2.328052,102.199735,-3.943064,6.636901,-0.537498,7.481667,-4.308849,102.737233,103.099372,120.9716
1403636696.563556,3.557999,2.352174,102.211210,-3.948286,6.636773,-0.541093,7.506285,-4.284599,102.752303,103.115168,121.2478
1403636696.613555,3.572383,2.364140,102.224516,-3.951274,6.636845,-0.543181,7.523657,-4.272705,102.767697,103.131280,133.4761
1403636696.663556,3.572087,2.383440,102.245141,-3.953329,6.636993,-0.544108,7.525416,-4.253553,102.789249,103.152093,133.5553
1403636696.713556,3.566765,2.408623,102.276257,-3.954632,6.637423,-0.543659,7.521397,-4.228800,102.819916,103.181342,133.6060
1403636696.763556,3.562857,2.419213,102.309897,-3.955288,6.638031,-0.543823,7.518145,-4.218818,102.853720,103.214382,168.3925
1403636696.813555,3.544745,2.423465,102.335158,-3.955288,6.638981,-0.545191,7.500033,-4.215516,102.880349,103.239466,114.4544
1403636696.863556,3.521601,2.430195,102.349317,-3.954555,6.639958,-0.547700,7.476156,-4.209763,102.897017,103.254109,174.3809
1403636696.913556,3.504973,2.440269,102.366241,-3.953298,6.640982,-0.551479,7.458271,-4.200713,102.917720,103.273079,174.3083
1403636696.963556,3.481598,2.448470,102.386849,-3.951575,6.641851,-0.556108,7.433173,-4.193381,102.942957,103.296122,168.3479
1403636697.013556,3.454679,2.451401,102.421704,-3.949397,6.642208,-0.561129,7.404076,-4.190807,102.982833,103.333669,168.3847
1403636697.063556,3.441000,2.446555,102.468282,-3.946588,6.641890,-0.565826,7.387588,-4.195335,103.034108,103.383774,168.4939
1403636697.113555,3.422433,2.437677,102.526597,-3.942859,6.640709,-0.569255,7.365292,-4.203032,103.095852,103.444032,168.5453
1403636697.163556,3.399346,2.425578,102.595963,-3.937880,6.638115,-0.570800,7.337226,-4.212537,103.166763,103.513097,168.5585
1403636697.213556,3.385781,2.415342,102.635738,-3.932202,6.633293,-0.569444,7.317983,-4.217951,103.205182,103.550247,168.6707
1403636697.263556,3.367090,2.402014,102.688667,-3.925022,6.626447,-0.566555,7.292112,-4.224433,103.255222,103.598560,139.7265
1403636697.313555,3.342314,2.384919,102.742492,-3.916567,6.617403,-0.562226,7.258881,-4.232484,103.304718,103.645888,139.6371
1403636697.363556,3.311428,2.364275,102.796656,-3.907270,6.606318,-0.555913,7.218698,-4.242043,103.352569,103.691167,139.6400
1403636697.413556,3.275402,2.340139,102.851147,-3.897621,6.593551,-0.548026,7.173023,-4.253412,103.399173,103.734916,139.6307
1403636697.463556,3.234498,2.313061,102.905424,-3.887346,6.579601,-0.538059,7.121844,-4.266540,103.443483,103.776096,139.7135
1403636697.513556,3.189744,2.283109,102.959648,-3.876703,6.564837,-0.525752,7.066447,-4.281728,103.485400,103.814719,139.8073
1403636697.563556,3.141302,2.250787,103.013531,-3.866072,6.549596,-0.511207,7.007374,-4.298809,103.524738,103.850635,139.9746
1403636697.613555,3.090942,2.217315,103.040146,-3.855594,6.534124,-0.496411,6.946536,-4.316809,103.536557,103.859076,91.8248
1403636697.663556,3.036248,2.182207,103.065293,-3.845418,6.518453,-0.482816,6.881666,-4.336246,103.548109,103.867085,91.7411
1403636697.713556,2.994422,2.153568,103.071788,-3.835073,6.502451,-0.470941,6.829495,-4.348883,103.542729,103.858806,91.5958
1403636697.763556,2.947749,2.126636,103.087509,-3.824535,6.486230,-0.460971,6.772284,-4.359594,103.548480,103.861242,91.4367
1403636697.813555,2.903723,2.098672,103.116592,-3.814011,6.469556,-0.452249,6.717734,-4.370884,103.568841,103.878474,91.3093
1403636697.863556,2.854857,2.072226,103.152371,-3.803695,6.452143,-0.445118,6.658552,-4.379917,103.597489,103.903608,91.1891
1403636697.913556,2.801715,2.047136,103.194416,-3.793331,6.433822,-0.439464,6.595046,-4.386686,103.633880,103.936129,91.0639
1403636697.963556,2.767334,2.046297,103.225311,-3.783063,6.414772,-0.435109,6.550397,-4.368475,103.660420,103.959001,175.3764
1403636698.013556,2.734665,2.052352,103.257070,-3.772955,6.395033,-0.432294,6.507620,-4.342681,103.689364,103.984096,139.1682
1403636698.063556,2.706894,2.053637,103.300040,-3.763049,6.374690,-0.430459,6.469943,-4.321053,103.730499,104.021864,139.0789
1403636698.113555,2.679090,2.062159,103.352435,-3.753106,6.353603,-0.430018,6.432196,-4.291444,103.782453,104.070107,66.1818
1403636698.163556,2.651437,2.066992,103.387650,-3.743494,6.332113,-0.430978,6.394931,-4.265121,103.818628,104.102804,97.3338
1403636698.213556,2.624612,2.077494,103.412505,-3.734099,6.310478,-0.433038,6.358711,-4.232984,103.845543,104.126117,97.3746
1403636698.263556,2.606061,2.098851,103.430832,-3.724590,6.288779,-0.436527,6.330651,-4.189928,103.867359,104.144424,97.6523
1403636698.313555,2.589083,2.125504,103.446143,-3.715262,6.267189,-0.441080,6.304345,-4.141685,103.887223,104.160709,97.9271
1403636698.363556,2.571917,2.156781,103.461250,-3.706023,6.245217,-0.446291,6.277940,-4.088436,103.907541,104.177276,98.2285
1403636698.413556,2.551692,2.180858,103.476566,-3.696789,6.223176,-0.452495,6.248481,-4.042318,103.929061,104.195170,176.4004
1403636698.463556,2.531596,2.205595,103.491600,-3.687597,6.201169,-0.459793,6.219193,-3.995574,103.951393,104.213891,176.6245
1403636698.513556,2.508685,2.222460,103.499360,-3.678599,6.178902,-0.467769,6.187284,-3.956442,103.967129,104.226195,176.7370
1403636698.563556,2.484862,2.237650,103.502667,-3.670012,6.156548,-0.476151,6.154874,-3.918898,103.978818,104.234518,176.8985
1403636698.613555,2.461324,2.254468,103.506576,-3.661662,6.133939,-0.485434,6.122986,-3.879471,103.992010,104.244326,177.1731
1403636698.663556,2.438343,2.272574,103.511472,-3.653426,6.111307,-0.495791,6.091769,-3.838733,104.007263,104.256205,177.4624
1403636698.713556,2.424940,2.292797,103.518924,-3.645510,6.088265,-0.507070,6.070450,-3.795468,104.025994,104.272064,177.7232
1403636698.763556,2.408148,2.306865,103.523692,-3.638047,6.065048,-0.519271,6.046195,-3.758183,104.042963,104.286233,177.9503
1403636698.813555,2.396722,2.324052,103.529862,-3.630974,6.041648,-0.532440,6.027696,-3.717596,104.062302,104.303003,178.2410
1403636698.863556,2.381611,2.337163,103.534214,-3.624209,6.017966,-0.546412,6.005820,-3.680803,104.080626,104.318717,101.8274
1403636698.913556,2.369484,2.358994,103.550881,-3.618166,5.994470,-0.559553,5.987650,-3.635476,104.110434,104.345824,102.2456
1403636698.963556,2.354566,2.377424,103.566238,-3.612307,5.970793,-0.571097,5.966873,-3.593369,104.137335,104.370017,57.7106
1403636699.013556,2.349501,2.386390,103.584093,-3.606673,5.947068,-0.581227,5.956174,-3.560678,104.165320,104.396208,57.9418
1403636699.063556,2.338741,2.390629,103.604311,-3.601996,5.923631,-0.589496,5.940737,-3.533002,104.193807,104.422813,97.6501
1403636699.113555,2.324905,2.390608,103.618199,-3.597274,5.900240,-0.595730,5.922179,-3.509632,104.213929,104.441049,97.4620
1403636699.163556,2.310873,2.386129,103.641456,-3.592388,5.877226,-0.600387,5.903261,-3.491097,104.241843,104.467211,119.9585
1403636699.213556,2.305812,2.372011,103.661777,-3.587038,5.854945,-0.603426,5.892850,-3.482934,104.265203,104.489660,120.1185
1403636699.263556,2.298995,2.356952,103.687701,-3.581614,5.833616,-0.604906,5.880609,-3.476664,104.292607,104.516107,119.9394
1403636699.313555,2.290638,2.342951,103.719739,-3.576659,5.813276,-0.605215,5.867297,-3.470325,104.324954,104.547426,119.7694
1403636699.363556,2.290642,2.324336,103.762881,-3.572133,5.794402,-0.603440,5.862775,-3.470066,104.366321,104.588443,73.9784
1403636699.413556,2.280081,2.314823,103.804237,-3.567483,5.776629,-0.600809,5.847564,-3.461806,104.405046,104.625961,74.3336
1403636699.463556,2.275417,2.310704,103.859071,-3.562882,5.760077,-0.597524,5.838299,-3.449373,104.456595,104.676473,74.5469
1403636699.513556,2.275917,2.311192,103.925435,-3.558322,5.744808,-0.594481,5.834239,-3.433616,104.519916,104.738918,77.3017
1403636699.563556,2.269816,2.320067,103.966352,-3.553552,5.730864,-0.592633,5.823368,-3.410797,104.558985,104.776555,91.5816
1403636699.613555,2.258013,2.331841,104.011210,-3.548669,5.718063,-0.592081,5.806682,-3.386222,104.603291,104.819046,91.6597
1403636699.663556,2.250023,2.353247,104.048230,-3.543539,5.706971,-0.592924,5.793562,-3.353724,104.641154,104.855061,92.0412
1403636699.713556,2.247283,2.380226,104.093073,-3.538156,5.697687,-0.594624,5.785439,-3.317461,104.687697,104.899908,92.4027
1403636699.763556,2.240083,2.409979,104.130130,-3.532406,5.689933,-0.597304,5.772489,-3.279954,104.727434,104.937672,156.3713
1403636699.813555,2.243307,2.443418,104.167082,-3.526400,5.683245,-0.601119,5.769707,-3.239827,104.768201,104.976959,119.0746
1403636699.863556,2.239675,2.476123,104.210750,-3.520338,5.677434,-0.605556,5.760013,-3.201311,104.816306,105.023255,57.7158
1403636699.913556,2.233875,2.491895,104.236889,-3.514265,5.672437,-0.610291,5.748140,-3.180542,104.847180,105.052787,57.6226
1403636699.963556,2.227988,2.495675,104.256305,-3.508155,5.667994,-0.615937,5.736143,-3.172319,104.872242,105.076896,107.0185
1403636700.013556,2.220527,2.489963,104.282651,-3.502135,5.664210,-0.622891,5.722662,-3.174247,104.905542,105.109455,106.8691
1403636700.063556,2.211468,2.475641,104.314846,-3.495487,5.660700,-0.630808,5.706955,-3.185059,104.945654,105.148962,106.7641
1403636700.113555,2.201522,2.452988,104.352729,-3.488637,5.657645,-0.639588,5.690159,-3.204657,104.992317,105.195220,163.8912
1403636700.163556,2.185599,2.432976,104.390601,-3.481113,5.655370,-0.649277,5.666712,-3.222394,105.039878,105.241966,163.8991
1403636700.213556,2.180839,2.418960,104.416858,-3.473950,5.654184,-0.659853,5.654789,-3.235224,105.076711,105.278480,159.9410
1403636700.263556,2.174548,2.409275,104.441854,-3.465899,5.653408,-0.671547,5.640447,-3.244133,105.113401,105.314605,159.8232
1403636700.313555,2.166657,2.403306,104.465688,-3.456992,5.653372,-0.685107,5.623649,-3.250066,105.150795,105.351213,159.8040
1403636700.363556,2.157774,2.400749,104.488263,-3.447824,5.654537,-0.700308,5.605598,-3.253788,105.188571,105.388070,153.1521
1403636700.413556,2.155029,2.402818,104.509427,-3.437769,5.656580,-0.717125,5.592798,-3.253762,105.226552,105.425299,153.0328
1403636700.463556,2.147836,2.410937,104.532844,-3.427351,5.659948,-0.734693,5.575187,-3.249011,105.267537,105.465128,153.0251
1403636700.513556,2.137538,2.413667,104.552704,-3.416450,5.664092,-0.753251,5.553988,-3.250425,105.305955,105.502399,152.8213
1403636700.563556,2.126989,2.413361,104.569921,-3.405003,5.669086,-0.772507,5.531992,-3.255725,105.342428,105.537812,176.6556
1403636700.613555,2.118173,2.410125,104.585685,-3.392746,5.674715,-0.792003,5.510919,-3.264590,105.377688,105.572178,176.5846
1403636700.663556,2.111102,2.404527,104.601022,-3.379507,5.680832,-0.812382,5.490609,-3.276305,105.413404,105.607134,176.4829
1403636700.713556,2.105757,2.396923,104.615009,-3.365886,5.687052,-0.832872,5.471643,-3.290129,105.447881,105.640993,176.4611
1403636700.763556,2.102091,2.387074,104.627702,-3.351947,5.692973,-0.851916,5.454038,-3.305899,105.479618,105.672254,176.3431
1403636700.813555,2.100338,2.374336,104.637867,-3.337631,5.698660,-0.869332,5.437969,-3.324324,105.507199,105.699535,176.2864
1403636700.863556,2.099915,2.359901,104.647213,-3.322972,5.704008,-0.885513,5.422887,-3.344107,105.532726,105.724865,176.0162
1403636700.913556,2.100812,2.344205,104.655760,-3.308316,5.709508,-0.899480,5.409128,-3.365303,105.555240,105.747305,176.0737
1403636700.963556,2.102765,2.326903,104.663470,-3.293521,5.714843,-0.911646,5.396286,-3.387940,105.575116,105.767212,176.0883
1403636701.013556,2.105673,2.308367,104.670152,-3.278613,5.720172,-0.922175,5.384286,-3.411805,105.592327,105.784548,175.8385
1403636701.063556,2.112077,2.291674,104.670747,-3.263833,5.725708,-0.930939,5.375910,-3.434034,105.601686,105.794183,175.7649
1403636701.113555,2.118946,2.273706,104.671553,-3.249128,5.731513,-0.937807,5.368074,-3.457807,105.609360,105.802219,94.0617
1403636701.163556,2.114282,2.255010,104.681472,-3.235171,5.738291,-0.941856,5.349453,-3.483281,105.623328,105.816054,93.6273
1403636701.213556,2.107809,2.235165,104.697067,-3.221834,5.746110,-0.943543,5.329643,-3.510945,105.640610,105.833219,93.5814
1403636701.263556,2.091656,2.214780,104.720542,-3.208953,5.754609,-0.942655,5.300609,-3.539829,105.663197,105.855269,25.1191
1403636701.313555,2.074318,2.199945,104.761220,-3.196610,5.763760,-0.940324,5.270928,-3.563815,105.701544,105.892870,65.7021
1403636701.363556,2.064142,2.179967,104.813358,-3.184964,5.773583,-0.936642,5.249106,-3.593616,105.750000,105.941161,147.7891
1403636701.413556,2.072174,2.166070,104.843279,-3.173846,5.784197,-0.932295,5.246020,-3.618127,105.775574,105.967370,147.8029
1403636701.463556,2.088311,2.151073,104.868747,-3.163773,5.795235,-0.927436,5.252084,-3.644162,105.796183,105.989134,147.8102
1403636701.513556,2.100795,2.142295,104.879383,-3.154176,5.806872,-0.922167,5.254971,-3.664577,105.801550,105.995339,147.6143
1403636701.563556,2.111772,2.137250,104.883636,-3.145010,5.818584,-0.917043,5.256782,-3.681334,105.800679,105.995140,147.3183
1403636701.613555,2.124202,2.130683,104.891562,-3.136186,5.830369,-0.912366,5.260388,-3.699686,105.803928,105.999200,172.4793
1403636701.663556,2.133285,2.137816,104.903412,-3.127827,5.842209,-0.908003,5.261112,-3.704393,105.811415,106.006874,172.4148
1403636701.713556,2.141522,2.142951,104.914902,-3.119266,5.853985,-0.904162,5.260788,-3.711034,105.819064,106.014725,172.3785
1403636701.763556,2.145370,2.151685,104.933345,-3.110697,5.865916,-0.901270,5.256067,-3.714231,105.834615,106.030126,124.0395
1403636701.813555,2.145283,2.160012,104.945711,-3.101728,5.877923,-0.900256,5.247011,-3.717911,105.845967,106.041137,95.2927
1403636701.863556,2.143625,2.163013,104.960492,-3.092235,5.890268,-0.900785,5.235860,-3.727255,105.861277,106.056196,132.2288
1403636701.913556,2.139908,2.156813,104.981998,-3.082630,5.902748,-0.903186,5.222538,-3.745935,105.885184,106.080060,132.3289
1403636701.963556,2.134225,2.142391,105.009271,-3.072798,5.915365,-0.906678,5.207023,-3.772974,105.915949,106.110964,132.3305
1403636702.013556,2.119762,2.130317,105.035164,-3.062766,5.927979,-0.911535,5.182528,-3.797662,105.946699,106.141339,132.1169
1403636702.063556,2.104549,2.110894,105.066418,-3.052393,5.940358,-0.917667,5.156942,-3.829464,105.984085,106.178553,163.0478
1403636702.113555,2.093764,2.108440,105.092114,-3.041690,5.952970,-0.925478,5.135454,-3.844530,106.017592,106.211501,164.1946
1403636702.163556,2.077480,2.108376,105.118663,-3.030566,5.965741,-0.934599,5.108046,-3.857365,106.053262,106.246251,83.1857
1403636702.213556,2.076519,2.118232,105.144238,-3.019523,5.978875,-0.945052,5.096042,-3.860643,106.089290,106.281756,83.2300
1403636702.263556,2.081162,2.140244,105.170809,-3.008533,5.991771,-0.957044,5.089695,-3.851527,106.127853,106.319614,98.1383
1403636702.313555,2.091601,2.167087,105.208296,-2.997430,6.004457,-0.970321,5.089031,-3.837370,106.178617,106.369743,104.5734
1403636702.363556,2.091563,2.180471,105.234571,-2.986677,6.017294,-0.984426,5.078240,-3.836823,106.218997,106.409516,104.4600
1403636702.413556,2.087340,2.194802,105.276358,-2.976150,6.030135,-0.999483,5.063490,-3.835333,106.275841,106.465502,104.3603
1403636702.463556,2.079439,2.210099,105.332003,-2.966093,6.043120,-1.015705,5.045532,-3.833021,106.347708,106.536306,104.2863
1403636702.513556,2.068431,2.225974,105.399842,-2.956583,6.056387,-1.032688,5.025014,-3.830413,106.432530,106.619915,104.2439
1403636702.563556,2.064569,2.234998,105.440131,-2.947847,6.069595,-1.051094,5.012416,-3.834597,106.491225,106.678064,104.2600
1403636702.613555,2.053060,2.253969,105.475029,-2.939674,6.083254,-1.070813,4.992734,-3.829285,106.545842,106.731473,176.1178
1403636702.663556,2.032024,2.279483,105.502441,-2.932238,6.097223,-1.091627,4.964262,-3.817740,106.594068,106.777874,176.0934
1403636702.713556,2.000681,2.306560,105.525637,-2.925609,6.111450,-1.113348,4.926290,-3.804890,106.638985,106.820497,176.0805
1403636702.763556,1.964462,2.338675,105.551333,-2.919915,6.125825,-1.136159,4.884377,-3.787150,106.687492,106.866368,176.0645
1403636702.813555,1.943975,2.352997,105.571365,-2.915153,6.140820,-1.159884,4.859128,-3.787823,106.731249,106.908925,176.0885
1403636702.863556,1.920608,2.376137,105.593896,-2.911380,6.156434,-1.184295,4.831988,-3.780297,106.778191,106.954293,175.9595
1403636702.913556,1.887500,2.394469,105.610534,-2.908786,6.172818,-1.208021,4.796286,-3.778349,106.818555,106.992916,176.3000
1403636702.963556,1.850097,2.419978,105.627024,-2.907056,6.190127,-1.229981,4.757153,-3.770149,106.857005,107.029267,176.3509
1403636703.013556,1.810811,2.452291,105.641568,-2.906171,6.208389,-1.250204,4.716982,-3.756098,106.891772,107.061707,176.4090
1403636703.063556,1.780610,2.476856,105.644731,-2.905820,6.227253,-1.268632,4.686430,-3.750397,106.913363,107.081723,176.4413
1403636703.113555,1.756744,2.507657,105.657257,-2.906270,6.247089,-1.284874,4.663014,-3.739432,106.942131,107.109040,176.2713
1403636703.163556,1.725268,2.539621,105.678982,-2.907044,6.267188,-1.298396,4.632312,-3.727567,106.977378,107.142486,176.3413
1403636703.213556,1.687619,2.572284,105.708876,-2.907945,6.287659,-1.310247,4.595564,-3.715375,107.019123,107.182162,176.4684
1403636703.263556,1.642240,2.604674,105.729340,-2.908656,6.309303,-1.320602,4.550896,-3.704629,107.049942,107.210657,176.6389
1403636703.313555,1.591896,2.638309,105.757192,-2.908448,6.331026,-1.329290,4.500344,-3.692717,107.086482,107.244599,166.6660
1403636703.363556,1.543797,2.657714,105.775548,-2.907035,6.352784,-1.336281,4.450832,-3.695070,107.111829,107.267923,123.7694
1403636703.413556,1.507621,2.663777,105.781895,-2.904262,6.374832,-1.341449,4.411883,-3.711055,107.123344,107.278364,123.6863
1403636703.463556,1.475452,2.659066,105.794670,-2.900330,6.396842,-1.345200,4.375782,-3.737776,107.139870,107.294316,123.5715
1403636703.513556,1.446785,2.644937,105.813213,-2.895924,6.418160,-1.347117,4.342709,-3.773223,107.160330,107.314643,146.8820
1403636703.563556,1.425807,2.627259,105.831196,-2.891075,6.439470,-1.347154,4.316882,-3.812211,107.178350,107.332974,146.8460
1403636703.613555,1.421770,2.609080,105.846422,-2.886798,6.459741,-1.345394,4.308568,-3.850661,107.191816,107.347458,146.8809
1403636703.663556,1.426762,2.588915,105.860568,-2.882676,6.480062,-1.342789,4.309438,-3.891147,107.203357,107.360477,146.9080
1403636703.713556,1.431527,2.577453,105.867494,-2.878681,6.499991,-1.340585,4.310208,-3.922538,107.208079,107.366365,147.2254
1403636703.763556,1.442088,2.566370,105.875879,-2.875036,6.519842,-1.338988,4.317124,-3.953472,107.214867,107.374555,149.1050
1403636703.813555,1.458156,2.563203,105.892620,-2.871833,6.539500,-1.338707,4.329989,-3.976297,107.231327,107.392352,149.1159
1403636703.863556,1.468826,2.565233,105.904673,-2.868780,6.559109,-1.339630,4.337606,-3.993876,107.244303,107.406268,154.8491
1403636703.913556,1.484547,2.562813,105.930787,-2.865906,6.578652,-1.341690,4.350453,-4.015839,107.272477,107.435737,141.0129
1403636703.963556,1.493153,2.552967,105.966249,-2.862825,6.598030,-1.344803,4.355978,-4.045063,107.311052,107.475574,118.7052
1403636704.013556,1.493260,2.548699,106.004862,-2.859600,6.617041,-1.348973,4.352860,-4.068342,107.353835,107.519044,79.7838
1403636704.063556,1.496652,2.552725,106.052906,-2.855947,6.635887,-1.354210,4.352599,-4.083162,107.407116,107.572794,79.8105
1403636704.113555,1.503132,2.564501,106.109920,-2.851633,6.654601,-1.361081,4.354765,-4.090100,107.471001,107.636931,79.8411
1403636704.163556,1.515228,2.565395,106.167582,-2.846879,6.673384,-1.369260,4.362107,-4.107989,107.536842,107.703648,79.8212
1403636704.213556,1.523087,2.569449,106.232771,-2.841816,6.692417,-1.378676,4.364903,-4.122968,107.611447,107.778823,79.8784
1403636704.263556,1.533721,2.581533,106.304701,-2.836632,6.711945,-1.388676,4.370353,-4.130412,107.693377,107.861132,147.7689
1403636704.313555,1.553420,2.588917,106.380623,-2.831417,6.731965,-1.397654,4.384837,-4.143048,107.778277,107.946972,147.8775
1403636704.363556,1.580940,2.592146,106.460486,-2.826389,6.752685,-1.405084,4.407329,-4.160539,107.865570,108.035716,147.9578
1403636704.413556,1.616062,2.591478,106.542999,-2.821893,6.773958,-1.410522,4.437955,-4.182480,107.953521,108.125628,148.0614
1403636704.463556,1.651083,2.599996,106.627998,-2.817489,6.795088,-1.413527,4.468572,-4.195092,108.041525,108.215239,148.1881
1403636704.513556,1.692849,2.604356,106.715788,-2.813715,6.816848,-1.414607,4.506564,-4.212492,108.130395,108.306217,144.6698
1403636704.563556,1.732981,2.589418,106.773410,-2.810631,6.839108,-1.413864,4.543612,-4.249690,108.187274,108.366003,138.4943
1403636704.613555,1.774101,2.562937,106.814217,-2.808247,6.862005,-1.412685,4.582348,-4.299068,108.226902,108.409143,138.5550
1403636704.663556,1.809789,2.530095,106.857840,-2.806776,6.885602,-1.412157,4.616565,-4.355507,108.269997,108.455868,138.6959
1403636704.713556,1.840482,2.491994,106.903838,-2.805937,6.909562,-1.413569,4.646419,-4.417568,108.317407,108.506980,138.7793
1403636704.763556,1.871135,2.468313,106.929081,-2.805948,6.934193,-1.416452,4.677083,-4.465880,108.345533,108.538351,138.8688
1403636704.813555,1.897640,2.438412,106.958881,-2.807022,6.959941,-1.421222,4.704662,-4.521529,108.380103,108.576355,139.0158
1403636704.863556,1.920610,2.402723,106.992848,-2.809471,6.986675,-1.427640,4.730081,-4.583952,108.420488,108.620387,139.1602
1403636704.913556,1.942754,2.381631,107.012719,-2.813038,7.014882,-1.435312,4.755792,-4.633251,108.448031,108.651093,163.5063
1403636704.963556,1.962716,2.365410,107.031760,-2.817644,7.044725,-1.444272,4.780360,-4.679315,108.476032,108.682093,163.4233
1403636705.013556,1.979257,2.362175,107.048228,-2.823261,7.076079,-1.454250,4.802518,-4.713904,108.502478,108.710960,163.2515
1403636705.063556,1.993405,2.359522,107.056374,-2.830381,7.109267,-1.464471,4.823786,-4.749745,108.520845,108.731793,163.2436
1403636705.113555,2.006067,2.360097,107.064172,-2.839040,7.144584,-1.475105,4.845107,-4.784487,108.539277,108.752660,163.2442
1403636705.163556,2.017231,2.363925,107.071509,-2.849019,7.180940,-1.485078,4.866250,-4.817015,108.556587,108.772316,163.3021
1403636705.213556,2.027163,2.370596,107.077821,-2.860497,7.218500,-1.493940,4.887660,-4.847904,108.571761,108.789792,163.4204
1403636705.263556,2.035885,2.379854,107.083398,-2.873139,7.256827,-1.501290,4.909024,-4.876973,108.584688,108.804953,163.4737
1403636705.313555,2.042454,2.391641,107.088992,-2.886721,7.295041,-1.506846,4.929175,-4.903400,108.595838,108.818179,163.4880
1403636705.363556,2.048167,2.405475,107.093860,-2.900949,7.332994,-1.511501,4.949116,-4.927519,108.605361,108.829677,163.5188
1403636705.413556,2.052513,2.421364,107.098576,-2.916055,7.370846,-1.515206,4.968568,-4.949482,108.613782,108.839963,163.4313
1403636705.463556,2.055967,2.438683,107.103270,-2.931885,7.408473,-1.518501,4.987852,-4.969790,108.621771,108.849744,163.3089
1403636705.513556,2.057095,2.448012,107.105921,-2.948606,7.446045,-1.522613,5.005701,-4.998033,108.628534,108.858604,163.1785
1403636705.563556,2.055777,2.454287,107.107707,-2.966167,7.483641,-1.527936,5.021944,-5.029354,108.635643,108.867889,163.0706
1403636705.613555,2.053283,2.459080,107.108938,-2.984525,7.521425,-1.534625,5.037808,-5.062345,108.643563,108.878054,162.9679
1403636705.663556,2.049992,2.463302,107.109928,-3.003600,7.559548,-1.542794,5.053592,-5.096246,108.652722,108.889506,162.8837
1403636705.713556,2.045995,2.467821,107.110355,-3.023691,7.598597,-1.551531,5.069686,-5.130776,108.661886,108.901020,162.8361
1403636705.763556,2.041132,2.472603,107.110811,-3.044642,7.638236,-1.561190,5.085774,-5.165633,108.672001,108.913510,162.7640
1403636705.813555,2.035232,2.477875,107.111265,-3.066337,7.678080,-1.570762,5.101569,-5.200205,108.682027,108.925898,162.7288
1403636705.863556,2.033083,2.485567,107.111201,-3.088565,7.718389,-1.579339,5.121648,-5.232822,108.690540,108.936896,162.5769
1403636705.913556,2.028486,2.492341,107.111700,-3.111078,7.758757,-1.586322,5.139564,-5.266416,108.698022,108.946823,162.5918
1403636705.963556,2.023749,2.497545,107.112702,-3.133808,7.799282,-1.591249,5.157557,-5.301737,108.703951,108.955302,162.6616
1403636706.013556,2.019717,2.501599,107.113903,-3.156263,7.839288,-1.594077,5.175980,-5.337689,108.707980,108.961951,162.7831
1403636706.063556,2.015205,2.505843,107.115800,-3.177699,7.878727,-1.595048,5.192904,-5.372884,108.710848,108.967346,162.8094
1403636706.113555,2.009591,2.510953,107.117077,-3.198349,7.918920,-1.595128,5.207940,-5.407967,108.712205,108.971153,162.7789
1403636706.163556,2.002971,2.516175,107.119033,-3.217275,7.959137,-1.595893,5.220246,-5.442962,108.714926,108.976199,162.7393
1403636706.213556,1.995413,2.524032,107.121089,-3.234860,7.999641,-1.598411,5.230273,-5.475609,108.719500,108.982878,162.7314
1403636706.263556,1.986482,2.533022,107.123730,-3.251466,8.040014,-1.603274,5.237948,-5.506992,108.727004,108.992313,162.7131
1403636706.313555,1.977439,2.544340,107.125339,-3.267500,8.079944,-1.609940,5.244939,-5.535604,108.735279,109.002354,162.6426
1403636706.363556,1.966533,2.554276,107.126597,-3.283036,8.119605,-1.619173,5.249569,-5.565329,108.745770,109.014556,162.6075
1403636706.413556,1.954567,2.563742,107.127841,-3.298434,8.158666,-1.629433,5.253001,-5.594924,108.757274,109.027711,162.5834
1403636706.463556,1.941487,2.573300,107.128681,-3.313954,8.197506,-1.640373,5.255441,-5.624206,108.769054,109.041086,162.5379
1403636706.513556,1.927719,2.582409,107.129412,-3.330058,8.236364,-1.650004,5.257777,-5.653955,108.779416,109.053074,162.4976
1403636706.563556,1.913131,2.590729,107.130238,-3.346204,8.274417,-1.658213,5.259335,-5.683688,108.788451,109.063706,162.4384
1403636706.613555,1.898071,2.599051,107.131002,-3.363008,8.312117,-1.664341,5.261079,-5.713066,108.795343,109.072200,162.3796
1403636706.663556,1.883103,2.606552,107.132591,-3.380263,8.349427,-1.669537,5.263366,-5.742875,108.802128,109.080643,162.3087
1403636706.713556,1.868869,2.613315,107.134668,-3.398896,8.387670,-1.672842,5.267765,-5.774355,108.807510,109.087886,162.2285
1403636706.763556,1.855102,2.623414,107.136785,-3.418451,8.425702,-1.673644,5.273553,-5.802288,108.810429,109.092559,101.3559
1403636706.813555,1.841868,2.632443,107.149954,-3.438345,8.463415,-1.673682,5.280213,-5.830972,108.823636,109.107583,101.2975
1403636706.863556,1.828371,2.639406,107.167526,-3.458918,8.501082,-1.672858,5.287289,-5.861676,108.840384,109.126275,101.2659
1403636706.913556,1.816965,2.654949,107.196641,-3.480351,8.538793,-1.670916,5.297316,-5.883844,108.867557,109.155055,101.2395
1403636706.963556,1.807166,2.664711,107.217971,-3.502625,8.577068,-1.668119,5.309791,-5.912357,108.886090,109.175686,101.2226
1403636707.013556,1.796945,2.670222,107.239123,-3.525919,8.615386,-1.664349,5.322864,-5.945164,108.903472,109.195440,101.2611
1403636707.063556,1.786640,2.673958,107.258835,-3.549833,8.653780,-1.660391,5.336473,-5.979822,108.919226,109.213708,101.2990
1403636707.113555,1.775601,2.676088,107.281606,-3.574240,8.692109,-1.656429,5.349841,-6.016021,108.938035,109.235107,101.3687
1403636707.163556,1.762488,2.678360,107.310719,-3.599227,8.730195,-1.652677,5.361715,-6.051835,108.963396,109.262960,101.3805
1403636707.213556,1.748612,2.679228,107.335525,-3.624686,8.767996,-1.648670,5.373298,-6.088768,108.984195,109.286322,101.3732
1403636707.263556,1.731332,2.681335,107.362756,-3.650792,8.805767,-1.643403,5.382124,-6.124432,109.006159,109.310652,101.3324
1403636707.313555,1.712445,2.683944,107.396414,-3.677614,8.843350,-1.636341,5.390059,-6.159406,109.032755,109.339530,101.2900
1403636707.363556,1.695332,2.684141,107.422869,-3.705373,8.880641,-1.627333,5.400705,-6.196500,109.050202,109.359548,101.2667
1403636707.413556,1.676709,2.684586,107.454404,-3.734026,8.918038,-1.616257,5.410735,-6.233452,109.070661,109.382545,101.2362
1403636707.463556,1.660441,2.682829,107.481299,-3.763867,8.955824,-1.602774,5.424308,-6.272995,109.084073,109.398851,101.2349
1403636707.513556,1.650755,2.698286,107.513183,-3.794374,8.993076,-1.587539,5.445129,-6.294790,109.100722,109.417738,101.0231
1403636707.563556,1.642346,2.721816,107.555619,-3.825869,9.030595,-1.570696,5.468215,-6.308779,109.126315,109.445214,101.0848
1403636707.613555,1.635201,2.751471,107.607171,-3.857993,9.067883,-1.554620,5.493194,-6.316412,109.161791,109.482277,101.0440
1403636707.663556,1.629138,2.786223,107.666832,-3.890805,9.105582,-1.540599,5.519943,-6.319359,109.207431,109.529298,101.0627
1403636707.713556,1.609888,2.805237,107.711981,-3.923708,9.143732,-1.529253,5.533596,-6.338495,109.241234,109.564796,100.9365
1403636707.763556,1.597670,2.813178,107.741598,-3.956677,9.182591,-1.521066,5.554347,-6.369413,109.262664,109.589004,101.0607
1403636707.813555,1.582672,2.816498,107.768711,-3.989767,9.222437,-1.515681,5.572439,-6.405939,109.284392,109.613715,101.0768
1403636707.863556,1.569680,2.827251,107.806534,-4.022789,9.262764,-1.513122,5.592469,-6.435513,109.319656,109.651624,101.0931
1403636707.913556,1.550078,2.839324,107.848820,-4.055356,9.303353,-1.513380,5.605434,-6.464029,109.362200,109.696378,101.0302
1403636707.963556,1.526310,2.844919,107.890667,-4.087875,9.344484,-1.516146,5.614185,-6.499565,109.406813,109.743401,101.0812
1403636708.013556,1.499778,2.847249,107.933104,-4.120411,9.386224,-1.521295,5.620189,-6.538975,109.454399,109.793489,101.1493
1403636708.063556,1.469057,2.850465,107.975367,-4.152777,9.428151,-1.528569,5.621834,-6.577686,109.503936,109.845268,101.1512
1403636708.113555,1.441854,2.862005,108.027220,-4.185105,9.470390,-1.537076,5.626959,-6.608385,109.564296,109.907544,110.3780
1403636708.163556,1.419961,2.854188,108.072969,-4.217458,9.512640,-1.546873,5.637419,-6.658452,109.619842,109.966473,110.4428
1403636708.213556,1.411775,2.833395,108.121273,-4.249743,9.554555,-1.558163,5.661518,-6.721160,109.679436,110.030929,110.5063
1403636708.263556,1.395762,2.817225,108.168224,-4.281876,9.596050,-1.570609,5.677638,-6.778825,109.738833,110.094503,110.6376
1403636708.313555,1.388372,2.799664,108.226392,-4.313669,9.637410,-1.583887,5.702041,-6.837746,109.810279,110.170620,110.7188
1403636708.363556,1.400059,2.775635,108.268166,-4.344642,9.677878,-1.597528,5.744701,-6.902243,109.865694,110.232088,110.8658
1403636708.413556,1.408041,2.745084,108.299770,-4.374224,9.718467,-1.610010,5.782265,-6.973383,109.909780,110.282466,176.3798
1403636708.463556,1.421541,2.730375,108.324958,-4.402622,9.759886,-1.621159,5.824163,-7.029511,109.946117,110.324446,176.4206
1403636708.513556,1.438497,2.710291,108.350602,-4.429617,9.802588,-1.629950,5.868114,-7.092297,109.980552,110.365108,176.4682
1403636708.563556,1.458585,2.685451,108.376586,-4.454901,9.845830,-1.636925,5.913486,-7.160379,110.013511,110.404768,176.5784
1403636708.613555,1.481985,2.666316,108.406299,-4.478005,9.889168,-1.642302,5.959990,-7.222852,110.048601,110.446302,176.7554
1403636708.663556,1.504083,2.642115,108.438520,-4.499562,9.932328,-1.648126,6.003645,-7.290213,110.086646,110.490998,176.8891
1403636708.713556,1.516868,2.610997,108.467355,-4.519890,9.975131,-1.654541,6.036758,-7.364134,110.121896,110.532822,176.9256
1403636708.763556,1.533037,2.577007,108.497663,-4.539504,10.017420,-1.662415,6.072541,-7.440413,110.160078,110.577929,177.0564
1403636708.813555,1.552330,2.540808,108.529347,-4.558587,10.058898,-1.671386,6.110917,-7.518090,110.200733,110.625795,177.1959
1403636708.863556,1.572059,2.519582,108.542714,-4.577624,10.099069,-1.681842,6.149683,-7.579487,110.224556,110.655863,138.8555
1403636708.913556,1.587173,2.509728,108.556150,-4.596679,10.138144,-1.691690,6.183852,-7.628416,110.247840,110.684321,138.8455
1403636708.963556,1.609174,2.494815,108.579958,-4.615862,10.175731,-1.700463,6.225036,-7.680916,110.280421,110.722711,138.8156
1403636709.013556,1.630424,2.491636,108.601004,-4.635466,10.211733,-1.707063,6.265890,-7.720097,110.308067,110.755275,138.7697
1403636709.063556,1.647540,2.492193,108.617126,-4.654977,10.245838,-1.711924,6.302517,-7.753645,110.329050,110.780594,138.7549
1403636709.113555,1.671211,2.487305,108.643470,-4.674927,10.278191,-1.715393,6.346138,-7.790886,110.358863,110.815387,138.6986
1403636709.163556,1.701397,2.477112,108.679167,-4.695282,10.309006,-1.716944,6.396679,-7.831894,110.396111,110.858277,138.6570
1403636709.213556,1.737232,2.462195,108.722875,-4.715886,10.337832,-1.716882,6.453118,-7.875637,110.439757,110.908107,138.6809
1403636709.263556,1.777434,2.442815,108.774193,-4.736807,10.365155,-1.715518,6.514241,-7.922340,110.489711,110.964747,138.6407
1403636709.313555,1.821830,2.419267,108.831887,-4.758444,10.391103,-1.712570,6.580274,-7.971836,110.544457,111.026695,138.6190
1403636709.363556,1.860572,2.420016,108.876911,-4.780669,10.415960,-1.709806,6.641241,-7.995944,110.586717,111.074134,138.6360
1403636709.413556,1.902862,2.415382,108.928968,-4.803322,10.439821,-1.707830,6.706184,-8.024439,110.636798,111.129949,150.9668
1403636709.463556,1.922253,2.409309,108.954046,-4.826810,10.462803,-1.707815,6.749063,-8.053494,110.661861,111.159597,150.9869
1403636709.513556,1.931661,2.403850,108.966565,-4.850906,10.484958,-1.709818,6.782567,-8.081108,110.676383,111.178097,99.8798
1403636709.563556,1.938143,2.399326,108.980321,-4.875814,10.506047,-1.713633,6.813957,-8.106721,110.693954,111.199372,117.4186
1403636709.613555,1.939480,2.399079,109.000645,-4.901488,10.526479,-1.718707,6.840968,-8.127400,110.719352,111.227822,175.5243
1403636709.663556,1.933391,2.397534,109.023956,-4.927958,10.546319,-1.724966,6.861349,-8.148785,110.748922,111.260076,175.5273
1403636709.713556,1.924158,2.398723,109.052339,-4.955339,10.565824,-1.731474,6.879497,-8.167101,110.783813,111.297270,126.2313
1403636709.763556,1.911495,2.391570,109.084883,-4.983784,10.584484,-1.738276,6.895279,-8.192914,110.823159,111.339307,64.7065
1403636709.813555,1.903868,2.392810,109.115714,-5.012945,10.602366,-1.744606,6.916813,-8.209556,110.860320,111.378857,115.8408
1403636709.863556,1.900369,2.402156,109.135030,-5.043259,10.619662,-1.749807,6.943628,-8.217506,110.884837,111.405514,115.9189
1403636709.913556,1.905490,2.416836,109.158110,-5.074393,10.636652,-1.753019,6.979883,-8.219816,110.911129,111.434118,115.9437
1403636709.963556,1.918022,2.435591,109.184731,-5.106297,10.652739,-1.754612,7.024319,-8.217148,110.939343,111.464795,115.8623
1403636710.013556,1.924201,2.458547,109.208340,-5.138937,10.668119,-1.754817,7.063138,-8.209572,110.963157,111.490391,162.5562
1403636710.063556,1.918558,2.482030,109.221715,-5.172156,10.682628,-1.753929,7.090714,-8.200598,110.975644,111.503908,162.4962
1403636710.113555,1.907520,2.506444,109.237069,-5.206400,10.696879,-1.753333,7.113920,-8.190435,110.990402,111.519327,162.6934
1403636710.163556,1.891702,2.532496,109.247743,-5.241332,10.710465,-1.754368,7.133034,-8.177969,111.002111,111.531287,111.4341
1403636710.213556,1.880667,2.564135,109.264778,-5.276997,10.723574,-1.757492,7.157664,-8.159439,111.022270,111.551571,111.4663
1403636710.263556,1.874287,2.600814,109.287517,-5.313349,10.735849,-1.763247,7.187636,-8.135035,111.050764,111.580075,111.4160
1403636710.313555,1.872225,2.641816,109.315356,-5.350271,10.747208,-1.771122,7.222496,-8.105392,111.086478,111.615713,56.7403
1403636710.363556,1.875537,2.659732,109.335459,-5.387606,10.757736,-1.780762,7.263143,-8.098004,111.116221,111.647416,57.0422
1403636710.413556,1.886104,2.674442,109.368749,-5.425163,10.767511,-1.791504,7.311267,-8.093069,111.160253,111.694021,103.6649
1403636710.463556,1.896105,2.678387,109.407384,-5.462580,10.776750,-1.803538,7.358685,-8.098363,111.210922,111.747944,170.3336
1403636710.513556,1.904319,2.677051,109.425162,-5.499695,10.785770,-1.816577,7.404014,-8.108719,111.241739,111.782356,170.3854
1403636710.563556,1.912786,2.673929,109.441242,-5.535893,10.794714,-1.830467,7.448679,-8.120785,111.271709,111.816024,170.3551
1403636710.613555,1.920696,2.671403,109.448229,-5.571010,10.803744,-1.845280,7.491706,-8.132341,111.293509,111.841431,170.3149
1403636710.663556,1.927370,2.668941,109.450696,-5.605185,10.812847,-1.861063,7.532555,-8.143906,111.311759,111.863177,107.1262
1403636710.713556,1.936660,2.676090,109.459388,-5.638169,10.822079,-1.877327,7.574829,-8.145989,111.336715,111.891015,107.1955
1403636710.763556,1.944934,2.683325,109.465891,-5.670059,10.831373,-1.893073,7.614993,-8.148048,111.358964,111.916029,107.1480
1403636710.813555,1.957963,2.698485,109.478113,-5.700809,10.840648,-1.906745,7.658772,-8.142163,111.384858,111.944354,107.4152
1403636710.863556,1.976821,2.711935,109.487559,-5.730528,10.849403,-1.919070,7.707349,-8.137468,111.406629,111.969008,107.5209
1403636710.913556,1.998717,2.732830,109.502725,-5.759741,10.858042,-1.929799,7.758458,-8.125212,111.432524,111.997412,174.6337
1403636710.963556,2.013120,2.751483,109.517107,-5.788299,10.866506,-1.938614,7.801419,-8.115023,111.455721,112.022737,174.7624
1403636711.013556,2.020710,2.768291,109.530770,-5.816446,10.874690,-1.945737,7.837156,-8.106399,111.476507,112.045287,174.9126
1403636711.063556,2.022554,2.783963,109.544064,-5.844244,10.881929,-1.951348,7.866798,-8.097966,111.495412,112.065563,110.9296
1403636711.113555,2.027878,2.807774,109.562703,-5.871988,10.888783,-1.955668,7.899866,-8.081009,111.518371,112.089507,58.2396
1403636711.163556,2.033801,2.832541,109.599032,-5.899725,10.894569,-1.958995,7.933526,-8.062028,111.558027,112.129972,110.7362
1403636711.213556,2.042994,2.863482,109.638869,-5.927770,10.899480,-1.962080,7.970764,-8.035998,111.600949,112.173447,68.1005
1403636711.263556,2.051589,2.895694,109.693754,-5.955527,10.902907,-1.964795,8.007116,-8.007213,111.658549,112.231283,68.3477
1403636711.313555,2.059720,2.929190,109.762819,-5.983456,10.904962,-1.966460,8.043176,-7.975772,111.729279,112.301992,119.6023
1403636711.363556,2.073960,2.965787,109.831807,-6.011216,10.905896,-1.967558,8.085176,-7.940109,111.799365,112.372210,52.4295
1403636711.413556,2.064998,2.989954,109.882207,-6.039476,10.906211,-1.966269,8.104474,-7.916257,111.848476,112.420777,52.4784
1403636711.463556,2.058730,3.018568,109.944473,-6.066749,10.904791,-1.963690,8.125479,-7.886223,111.908163,112.479566,132.0946
1403636711.513556,2.048545,3.051161,110.004583,-6.093305,10.902128,-1.961012,8.141850,-7.850967,111.965595,112.535425,131.7745
1403636711.563556,2.034317,3.086904,110.063091,-6.119526,10.898565,-1.957565,8.153843,-7.811661,112.020656,112.588341,132.0902
1403636711.613555,2.024415,3.105435,110.092139,-6.145141,10.893229,-1.953979,8.169556,-7.787794,112.046118,112.613161,132.1143
1403636711.663556,2.010606,3.129066,110.122509,-6.169916,10.885897,-1.950471,8.180522,-7.756831,112.072980,112.638547,132.1870
1403636711.713556,1.993815,3.157305,110.154367,-6.193801,10.876531,-1.946675,8.187616,-7.719226,112.101042,112.664401,158.8427
1403636711.763556,1.984745,3.180752,110.184905,-6.216951,10.864903,-1.942345,8.201696,-7.684151,112.127250,112.689104,77.5030
1403636711.813555,1.978067,3.191587,110.223970,-6.239394,10.851344,-1.938140,8.217461,-7.659757,112.162110,112.723278,77.5279
1403636711.863556,1.977643,3.192433,110.247500,-6.261083,10.835642,-1.933460,8.238726,-7.643209,112.180960,112.742464,77.5939
1403636711.913556,1.978615,3.183046,110.280539,-6.282279,10.818436,-1.928047,8.260894,-7.635390,112.208586,112.771044,77.2587
1403636711.963556,1.981142,3.164612,110.322325,-6.302454,10.800050,-1.921628,8.283596,-7.635438,112.243953,112.807902,76.9517
1403636712.013556,1.985158,3.138169,110.371921,-6.321458,10.780313,-1.914116,8.306616,-7.642144,112.286037,112.851922,76.8644
1403636712.063556,1.990584,3.104317,110.428987,-6.339535,10.760262,-1.905251,8.330119,-7.655945,112.334238,112.902548,76.7903
1403636712.113555,1.994457,3.085038,110.461534,-6.356476,10.740216,-1.894904,8.350933,-7.655178,112.356438,112.926122,76.7674
1403636712.163556,1.999958,3.057974,110.503212,-6.372255,10.720344,-1.883482,8.372213,-7.662370,112.386694,112.958288,158.2468
1403636712.213556,2.005919,3.029755,110.540785,-6.386819,10.700332,-1.871066,8.392738,-7.670577,112.411851,112.985398,158.3459
1403636712.263556,2.012175,3.000360,110.574690,-6.400616,10.679843,-1.857261,8.412791,-7.679483,112.431951,113.007491,158.4625
1403636712.313555,2.018535,2.970057,110.605472,-6.413872,10.658846,-1.841922,8.432407,-7.688789,112.447394,113.024950,158.5025
1403636712.363556,2.026347,2.956661,110.623697,-6.426527,10.636975,-1.825778,8.452874,-7.680314,112.449475,113.027973,158.4014
1403636712.413556,2.033140,2.950490,110.635475,-6.438444,10.614200,-1.808646,8.471584,-7.663710,112.444121,113.022920,158.2406
1403636712.463556,2.039744,2.940954,110.646537,-6.449715,10.590489,-1.790392,8.489459,-7.649535,112.436929,113.016146,158.4362
1403636712.513556,2.046247,2.928498,110.657209,-6.460674,10.565785,-1.771079,8.506921,-7.637287,112.428288,113.008034,158.1217
1403636712.563556,2.052602,2.913301,110.667514,-6.471146,10.539912,-1.751165,8.523748,-7.626611,112.418679,112.999021,158.2001
1403636712.613555,2.055695,2.904749,110.672775,-6.481128,10.512652,-1.731824,8.536823,-7.607903,112.404599,112.984740,77.4951
1403636712.663556,2.061107,2.888864,110.690815,-6.490418,10.484445,-1.713954,8.551525,-7.595581,112.404769,112.985192,77.3149
1403636712.713556,2.068432,2.866062,110.720304,-6.498701,10.455174,-1.697773,8.567133,-7.589112,112.418077,112.999179,162.6817
1403636712.763556,2.072818,2.837747,110.752140,-6.506176,10.425057,-1.683447,8.578994,-7.587310,112.435587,113.017378,162.8991
1403636712.813555,2.074417,2.804603,110.786290,-6.512502,10.394135,-1.671020,8.586919,-7.589532,112.457310,113.039739,162.9895
1403636712.863556,2.073568,2.766983,110.822035,-6.517552,10.362347,-1.660095,8.591120,-7.595364,112.482130,113.065143,163.2786
1403636712.913556,2.070371,2.725245,110.859422,-6.521392,10.329652,-1.650347,8.591763,-7.604407,112.509769,113.093296,163.3541
1403636712.963556,2.065294,2.680128,110.898437,-6.523870,10.295941,-1.642338,8.589164,-7.615813,112.540775,113.124711,163.5751
1403636713.013556,2.045137,2.647499,110.930211,-6.525614,10.261875,-1.635242,8.570751,-7.614376,112.565453,113.147769,163.6288
1403636713.063556,2.023861,2.609257,110.963814,-6.526468,10.226724,-1.627135,8.550329,-7.617467,112.590949,113.171798,163.7745
1403636713.113555,2.001739,2.566024,110.998706,-6.525901,10.189927,-1.617720,8.527640,-7.623903,112.616426,113.195865,163.8409
1403636713.163556,1.979195,2.518918,111.034904,-6.524334,10.152333,-1.607162,8.503529,-7.633415,112.642066,113.220201,117.3780
1403636713.213556,1.949355,2.480942,111.074743,-6.521657,10.114169,-1.594480,8.471012,-7.633227,112.669223,113.244770,117.3380
1403636713.263556,1.913198,2.451046,111.117508,-6.518183,10.075568,-1.579896,8.431381,-7.624522,112.697404,113.269265,117.2785
1403636713.313555,1.871372,2.428363,111.162615,-6.513791,10.036620,-1.563154,8.385163,-7.608257,112.725769,113.292964,117.2129
1403636713.363556,1.824132,2.411978,111.210025,-6.508948,9.997192,-1.544417,8.333080,-7.585214,112.754442,113.316106,117.1550
1403636713.413556,1.772817,2.401298,111.259742,-6.504214,9.957540,-1.523373,8.277031,-7.556242,112.783115,113.338594,117.1059
1403636713.463556,1.717331,2.396116,111.311474,-6.498666,9.917630,-1.501671,8.215997,-7.521514,112.813145,113.361728,117.1089
1403636713.513556,1.658950,2.395843,111.365426,-6.491772,9.877112,-1.479095,8.150722,-7.481269,112.844521,113.385580,117.2842
1403636713.563556,1.593274,2.397700,111.400287,-6.484428,9.836588,-1.456746,8.077702,-7.438888,112.857033,113.390018,62.8762
1403636713.613555,1.527877,2.403268,111.446679,-6.476084,9.796344,-1.435773,8.003961,-7.393076,112.882452,113.407094,63.0486
1403636713.663556,1.458935,2.402321,111.485621,-6.467272,9.756572,-1.416337,7.926207,-7.354251,112.901958,113.418525,88.8663
1403636713.713556,1.392370,2.397397,111.537424,-6.457734,9.717625,-1.398435,7.850104,-7.320228,112.935859,113.444780,164.9405
1403636713.763556,1.325057,2.388024,111.591930,-6.447488,9.679785,-1.382222,7.772545,-7.291761,112.974152,113.475730,164.9817
1403636713.813555,1.256918,2.374591,111.648773,-6.436438,9.642823,-1.367409,7.693356,-7.268232,113.016182,113.510671,165.0057
1403636713.863556,1.187812,2.357250,111.707485,-6.424508,9.607384,-1.353867,7.612320,-7.250134,113.061352,113.549025,165.0152
1403636713.913556,1.118150,2.336603,111.768252,-6.411657,9.572713,-1.341403,7.529807,-7.236110,113.109655,113.590727,164.9760
1403636713.963556,1.073088,2.332825,111.796832,-6.397969,9.538667,-1.330271,7.471057,-7.205842,113.127103,113.602299,164.9674
1403636714.013556,1.024917,2.324376,111.830567,-6.383525,9.504972,-1.320674,7.408442,-7.180596,113.151241,113.620638,175.9155
1403636714.063556,0.982725,2.316556,111.861428,-6.368385,9.471811,-1.311747,7.351110,-7.155255,113.173175,113.637159,175.9029
1403636714.113555,0.945663,2.309604,111.890646,-6.352853,9.438903,-1.304468,7.298516,-7.129299,113.195114,113.653989,175.9881
1403636714.163556,0.915942,2.311687,111.926514,-6.336872,9.406259,-1.298113,7.252814,-7.094572,113.224627,113.678285,175.9354
1403636714.213556,0.893289,2.322226,111.968292,-6.320414,9.373879,-1.292691,7.213703,-7.051653,113.260983,113.709339,175.8733
1403636714.263556,0.877360,2.340380,112.015303,-6.303681,9.341684,-1.288386,7.181041,-7.001304,113.303689,113.746699,170.5249
1403636714.313555,0.862914,2.357319,112.077304,-6.286534,9.309732,-1.285026,7.149448,-6.952413,113.362330,113.800125,170.5403
1403636714.363556,0.849613,2.373255,112.152349,-6.268688,9.278083,-1.282901,7.118301,-6.904828,113.435250,113.867918,170.1104
1403636714.413556,0.837424,2.388201,112.238952,-6.250262,9.246955,-1.282159,7.087686,-6.858754,113.521111,113.948763,169.8066
1403636714.463556,0.817615,2.394205,112.290653,-6.231632,9.216183,-1.282616,7.049247,-6.821978,113.573269,113.996134,156.5574
1403636714.513556,0.798832,2.390354,112.347982,-6.212961,9.186037,-1.283891,7.011793,-6.795683,113.631873,114.050643,156.4167
1403636714.563556,0.781086,2.377344,112.410276,-6.194521,9.156603,-1.286036,6.975607,-6.779259,113.696312,114.111650,156.2831
1403636714.613555,0.755250,2.356640,112.448639,-6.176588,9.128145,-1.289077,6.931838,-6.771505,113.737716,114.149777,156.3311
1403636714.663556,0.725612,2.328098,112.476542,-6.159093,9.100883,-1.291589,6.884705,-6.772785,113.768131,114.177307,159.9201
1403636714.713556,0.695330,2.304928,112.496061,-6.142140,9.074665,-1.292989,6.837470,-6.769737,113.789050,114.195132,159.8597
1403636714.763556,0.664245,2.279889,112.532632,-6.125509,9.049563,-1.292670,6.789754,-6.769674,113.825302,114.228405,159.7032
1403636714.813555,0.632354,2.253249,112.584231,-6.109621,9.025545,-1.290131,6.741975,-6.772296,113.874362,114.274619,159.5987
1403636714.863556,0.599657,2.225121,112.649360,-6.094286,9.002566,-1.285650,6.693943,-6.777445,113.935010,114.332538,159.8281
1403636714.913556,0.566602,2.195663,112.727148,-6.079690,8.980436,-1.279544,6.646292,-6.784773,114.006692,114.401627,160.1176
1403636714.963556,0.547814,2.168636,112.769943,-6.066018,8.959100,-1.271358,6.613832,-6.790464,114.041301,114.434573,160.8398
1403636715.013556,0.535100,2.141652,112.797439,-6.052989,8.938623,-1.261173,6.588089,-6.796971,114.058612,114.450726,161.4592
1403636715.063556,0.520285,2.113255,112.841161,-6.040903,8.918979,-1.249087,6.561188,-6.805724,114.090248,114.481229,161.6994
1403636715.113555,0.503188,2.083742,112.899005,-6.029091,8.899974,-1.235583,6.532279,-6.816232,114.134588,114.524390,163.3102
1403636715.163556,0.484816,2.053130,112.970051,-6.018309,8.881649,-1.221231,6.503125,-6.828519,114.191282,114.579964,163.3031
1403636715.213556,0.464827,2.021792,113.052266,-6.008463,8.864312,-1.206328,6.473290,-6.842520,114.258594,114.646195,163.6693
1403636715.263556,0.443952,1.989882,113.144016,-5.999594,8.847515,-1.192511,6.443546,-6.857633,114.336527,114.723092,163.8633
1403636715.313555,0.422039,1.957766,113.244210,-5.991674,8.831363,-1.180297,6.413713,-6.873597,114.424507,114.810060,164.0041
1403636715.363556,0.399336,1.925570,113.352052,-5.984728,8.815701,-1.169668,6.384064,-6.890131,114.521720,114.906286,164.1263
1403636715.413556,0.375810,1.892867,113.466786,-5.978878,8.800564,-1.160634,6.354688,-6.907697,114.627420,115.011059,164.2300
1403636715.463556,0.351614,1.859924,113.587526,-5.973438,8.785963,-1.153744,6.325052,-6.926039,114.741270,115.124000,143.0869
1403636715.513556,0.327247,1.838293,113.710717,-5.968246,8.771724,-1.149156,6.295493,-6.933431,114.859873,115.241035,146.2759
1403636715.563556,0.299964,1.821488,113.825064,-5.962886,8.758218,-1.146543,6.262850,-6.936730,114.971607,115.350821,145.7350
1403636715.613555,0.270171,1.809082,113.931720,-5.957139,8.745945,-1.146226,6.227310,-6.936863,115.077946,115.454896,145.7172
1403636715.663556,0.237454,1.801019,114.030632,-5.950944,8.735179,-1.146436,6.188398,-6.934160,115.177068,115.551442,145.7046
1403636715.713556,0.202042,1.796676,114.122555,-5.944222,8.725622,-1.147580,6.146264,-6.928946,115.270135,115.641649,145.6615
1403636715.763556,0.164271,1.795464,114.208121,-5.936671,8.716777,-1.149233,6.100942,-6.921313,115.357354,115.725732,133.0917
1403636715.813555,0.136779,1.814829,114.280418,-5.928347,8.708273,-1.150681,6.065126,-6.893444,115.431099,115.795699,132.8695
1403636715.863556,0.125938,1.838182,114.340008,-5.919810,8.700009,-1.150583,6.045748,-6.861827,115.490591,115.852114,105.8754
1403636715.913556,0.124743,1.849940,114.401520,-5.909851,8.691484,-1.148346,6.034594,-6.841544,115.549866,115.909424,105.7887
1403636715.963556,0.128593,1.863098,114.458058,-5.898691,8.682417,-1.144822,6.027284,-6.819319,115.602880,115.960584,121.1365
1403636716.013556,0.139490,1.871261,114.513483,-5.885841,8.672576,-1.140986,6.025331,-6.801315,115.654469,116.010856,121.1635
1403636716.063556,0.160748,1.883507,114.561314,-5.872287,8.662484,-1.136415,6.033035,-6.778977,115.697729,116.053077,121.2561
1403636716.113555,0.187621,1.890372,114.608356,-5.857371,8.651780,-1.130717,6.044992,-6.761408,115.739073,116.093892,121.2634
1403636716.163556,0.219946,1.892673,114.654818,-5.841178,8.640557,-1.124181,6.061124,-6.747884,115.778999,116.133750,121.4331
1403636716.213556,0.239158,1.902639,114.693943,-5.823642,8.628703,-1.116334,6.062800,-6.726064,115.810277,116.163754,173.8992
1403636716.263556,0.249330,1.920254,114.726708,-5.805155,8.616829,-1.108567,6.054485,-6.696575,115.835275,116.186539,129.5733
1403636716.313555,0.250103,1.933461,114.762324,-5.786039,8.604918,-1.101930,6.036142,-6.671457,115.864254,116.213032,129.9785
1403636716.363556,0.245251,1.949804,114.794203,-5.766548,8.593414,-1.096879,6.011799,-6.643610,115.891082,116.236923,86.3209
1403636716.413556,0.243500,1.964405,114.826079,-5.746975,8.582075,-1.093166,5.990475,-6.617670,115.919245,116.262422,86.2884
1403636716.463556,0.241726,1.977883,114.858649,-5.727189,8.570929,-1.091422,5.968915,-6.593046,115.950071,116.290650,86.2683
1403636716.513556,0.239624,1.981339,114.900611,-5.707550,8.560063,-1.091031,5.947174,-6.578724,115.991642,116.330174,86.2149
1403636716.563556,0.237360,1.975423,114.950836,-5.688006,8.549198,-1.092090,5.925366,-6.573775,116.042926,116.379917,112.1782
1403636716.613555,0.243032,1.966039,115.003024,-5.668525,8.538144,-1.094657,5.911557,-6.572105,116.097681,116.433718,112.1466
1403636716.663556,0.253838,1.968846,115.036198,-5.649018,8.526778,-1.098643,5.902856,-6.557932,116.134841,116.469530,112.1858
1403636716.713556,0.271364,1.967390,115.072907,-5.629454,8.515063,-1.103972,5.900818,-6.547673,116.176879,116.510767,112.1574
1403636716.763556,0.285132,1.974458,115.102173,-5.609710,8.503190,-1.110614,5.894842,-6.528732,116.212787,116.545207,112.1999
1403636716.813555,0.300557,1.985758,115.125185,-5.589621,8.490876,-1.117788,5.890178,-6.505118,116.242973,116.573752,112.2101
1403636716.863556,0.317979,1.983540,115.151952,-5.569548,8.478354,-1.124578,5.887527,-6.494814,116.276530,116.606505,112.4630
1403636716.913556,0.329509,1.983760,115.170333,-5.549277,8.465442,-1.130206,5.878786,-6.481682,116.300539,116.629274,172.8948
1403636716.963556,0.334685,1.983905,115.179100,-5.528775,8.452245,-1.134242,5.863460,-6.468340,116.313342,116.640529,172.5904
1403636717.013556,0.340630,1.983596,115.186568,-5.507998,8.439220,-1.136363,5.848628,-6.455624,116.322931,116.648642,117.1832
1403636717.063556,0.342224,1.973359,115.202473,-5.487406,8.426319,-1.136735,5.829630,-6.452960,116.339208,116.663776,117.0772
1403636717.113555,0.339525,1.963362,115.213834,-5.466739,8.413329,-1.135302,5.806264,-6.449967,116.349136,116.672346,116.5855
1403636717.163556,0.335686,1.954633,115.224070,-5.446062,8.400731,-1.132314,5.781748,-6.446098,116.356384,116.678142,116.4118
1403636717.213556,0.328343,1.937271,115.242967,-5.425558,8.388353,-1.128463,5.753901,-6.451082,116.371430,116.692046,116.3384
1403636717.263556,0.317902,1.912443,115.269372,-5.404571,8.376192,-1.124197,5.722473,-6.463749,116.393569,116.713280,116.8033
1403636717.313555,0.310369,1.896834,115.285878,-5.383300,8.364025,-1.119803,5.693669,-6.467191,116.405681,116.724141,116.7634
1403636717.363556,0.305386,1.871167,115.303132,-5.361952,8.351713,-1.114679,5.667338,-6.480546,116.417811,116.735697,116.5887
1403636717.413556,0.300393,1.836776,115.321034,-5.340677,8.338803,-1.109922,5.641070,-6.502027,116.430956,116.748729,116.4247
1403636717.463556,0.293613,1.794799,115.338813,-5.319283,8.325067,-1.105720,5.612896,-6.530268,116.444533,116.762487,63.9550
1403636717.513556,0.286600,1.747166,115.361315,-5.298121,8.310107,-1.103311,5.584721,-6.562941,116.464626,116.783005,63.8310
1403636717.563556,0.276478,1.696557,115.395298,-5.277381,8.293891,-1.102445,5.553859,-6.597334,116.497743,116.816499,63.7810
1403636717.613555,0.263684,1.643627,115.439560,-5.256977,8.276652,-1.103493,5.520661,-6.633025,116.543053,116.862132,63.7671
1403636717.663556,0.248228,1.588083,115.493454,-5.236689,8.258632,-1.106083,5.484917,-6.670549,116.599537,116.918914,63.6088
1403636717.713556,0.225563,1.562280,115.531947,-5.216662,8.239724,-1.110390,5.442225,-6.677444,116.642337,116.959997,63.5752
1403636717.763556,0.201612,1.531701,115.580561,-5.196771,8.219831,-1.115926,5.398383,-6.688130,116.696487,117.012579,63.4252
1403636717.813555,0.179610,1.487445,115.619279,-5.177066,8.198660,-1.121668,5.356676,-6.711215,116.740947,117.056324,108.0786
1403636717.863556,0.157646,1.438249,115.668226,-5.157746,8.176135,-1.126412,5.315392,-6.737886,116.794638,117.109521,108.1148
1403636717.913556,0.135796,1.384613,115.726659,-5.138953,8.152185,-1.129671,5.274749,-6.767572,116.856330,117.170922,107.5412
1403636717.963556,0.130204,1.357172,115.764839,-5.120358,8.126755,-1.131297,5.250562,-6.769583,116.896136,117.209651,130.7402
1403636718.013556,0.130000,1.335761,115.804797,-5.102200,8.099494,-1.130931,5.232200,-6.763733,116.935728,117.247978,117.1173
1403636718.063556,0.131492,1.332692,115.827932,-5.084542,8.070801,-1.129001,5.216034,-6.738109,116.956933,117.266931,155.4219
1403636718.113555,0.129387,1.336233,115.841054,-5.067194,8.040472,-1.125566,5.196581,-6.704239,116.966620,117.273789,155.5132
1403636718.163556,0.121262,1.342853,115.853518,-5.050398,8.009158,-1.122129,5.171660,-6.666305,116.975647,117.279528,155.7306
1403636718.213556,0.109038,1.353062,115.863350,-5.033912,7.977190,-1.119733,5.142950,-6.624128,116.983083,117.283292,155.7523
1403636718.263556,0.093236,1.364838,115.874605,-5.016905,7.944839,-1.119465,5.110141,-6.580001,116.994070,117.290334,155.8866
1403636718.313555,0.080100,1.380038,115.887062,-4.999789,7.912145,-1.121385,5.079889,-6.532107,117.008447,117.300683,155.9212
1403636718.363556,0.067621,1.397952,115.900214,-4.982856,7.879034,-1.125163,5.050477,-6.481082,117.025377,117.313471,155.9803
1403636718.413556,0.050188,1.416448,115.912238,-4.966138,7.845465,-1.130509,5.016326,-6.429017,117.042747,117.326469,156.0457
1403636718.463556,0.029907,1.436600,115.923229,-4.949881,7.811612,-1.137143,4.979788,-6.375012,117.060372,117.339549,156.0725
1403636718.513556,0.010414,1.459516,115.935258,-4.933615,7.777731,-1.145147,4.944029,-6.318215,117.080405,117.354951,156.1076
1403636718.563556,-0.012614,1.483171,115.945053,-4.917485,7.744200,-1.154348,4.904871,-6.261029,117.099401,117.369196,156.1052
1403636718.613555,-0.037420,1.508476,115.953703,-4.901764,7.711166,-1.164518,4.864344,-6.202690,117.118221,117.383188,156.0902
1403636718.663556,-0.050756,1.532799,115.964168,-4.886315,7.678990,-1.175649,4.835559,-6.146191,117.139817,117.400575,156.1052
1403636718.713556,-0.058672,1.556379,115.975561,-4.871222,7.648036,-1.188075,4.812550,-6.091657,117.163636,117.420554,156.1405
1403636718.763556,-0.064252,1.579655,115.987873,-4.856600,7.618489,-1.200976,4.792348,-6.038834,117.188849,117.442157,156.1577
1403636718.813555,-0.075613,1.602595,116.001751,-4.841868,7.590514,-1.214938,4.766255,-5.987919,117.216689,117.466269,174.9305
1403636718.863556,-0.088505,1.612930,116.011735,-4.827762,7.563687,-1.228096,4.739257,-5.950757,117.239831,117.486382,174.7431
1403636718.913556,-0.105673,1.617203,116.018837,-4.814107,7.537677,-1.240016,4.708434,-5.920474,117.258853,117.502595,174.4918
1403636718.963556,-0.119197,1.616804,116.032288,-4.800169,7.512337,-1.250207,4.680972,-5.895533,117.282495,117.523838,174.4171
1403636719.013556,-0.141977,1.618259,116.053582,-4.786915,7.487255,-1.257962,4.644938,-5.868996,117.311544,117.550070,174.3452
1403636719.063556,-0.157906,1.614430,116.078710,-4.773407,7.462308,-1.263455,4.615501,-5.847878,117.342165,117.578418,174.3515
1403636719.113555,-0.169276,1.607540,116.106814,-4.759729,7.437403,-1.267183,4.590453,-5.829863,117.373997,117.608310,174.3699
1403636719.163556,-0.178431,1.600528,116.139559,-4.746748,7.412226,-1.268665,4.568317,-5.811698,117.408224,117.640709,174.3026
1403636719.213556,-0.184465,1.595106,116.175341,-4.733426,7.386945,-1.268676,4.548961,-5.791839,117.444017,117.674703,174.2362
1403636719.263556,-0.189185,1.589897,116.214979,-4.719730,7.361657,-1.269252,4.530545,-5.771760,117.484231,117.713141,174.1626
1403636719.313555,-0.194137,1.584425,116.258678,-4.705425,7.336360,-1.271292,4.511288,-5.751935,117.529970,117.757082,174.0742
1403636719.363556,-0.198217,1.581054,116.305814,-4.690467,7.311353,-1.274895,4.492250,-5.730299,117.580709,117.805941,173.9559
1403636719.413556,-0.209351,1.574053,116.356146,-4.674658,7.286481,-1.280354,4.465307,-5.712428,117.636500,117.859734,112.2561
1403636719.463556,-0.217249,1.557321,116.409400,-4.658122,7.262062,-1.287412,4.440873,-5.704741,117.696812,117.918637,91.8939
1403636719.513556,-0.202638,1.541862,116.461523,-4.640845,7.238161,-1.296241,4.438207,-5.696299,117.757764,117.978966,89.2084
1403636719.563556,-0.186966,1.519624,116.522046,-4.622784,7.214673,-1.306471,4.435818,-5.695049,117.828517,118.049436,89.1766
1403636719.613555,-0.170267,1.490508,116.590133,-4.603797,7.191533,-1.316448,4.433530,-5.701025,117.906581,118.127557,89.1625
1403636719.663556,-0.146928,1.455482,116.629741,-4.584771,7.169029,-1.324488,4.437843,-5.713547,117.954229,118.175883,88.9280
1403636719.713556,-0.113181,1.428108,116.672930,-4.565096,7.147060,-1.330459,4.451915,-5.718952,118.003389,118.225741,89.1892
1403636719.763556,-0.079902,1.393860,116.725679,-4.544797,7.125553,-1.334194,4.464895,-5.731693,118.059873,118.283225,89.1335
1403636719.813555,-0.062023,1.382176,116.767524,-4.524926,7.104531,-1.335670,4.462903,-5.722355,118.103194,118.325936,89.0377
1403636719.863556,-0.048096,1.382214,116.806262,-4.504806,7.084088,-1.335046,4.456710,-5.701874,118.141308,118.362757,89.0021
1403636719.913556,-0.032886,1.373254,116.855131,-4.484430,7.064059,-1.333290,4.451544,-5.690805,118.188421,118.409055,116.3172
1403636719.963556,-0.010651,1.365803,116.904995,-4.464191,7.044426,-1.331748,4.453540,-5.678623,118.236743,118.456778,174.7336
1403636720.013556,0.004913,1.378068,116.946882,-4.444063,7.025511,-1.330922,4.448976,-5.647443,118.277804,118.496101,130.0281
1403636720.063556,0.010168,1.388007,116.997743,-4.424493,7.006911,-1.331664,4.434661,-5.618904,118.329407,118.545716,97.3964
1403636720.113555,0.016864,1.388574,117.056419,-4.405286,6.988814,-1.333818,4.422150,-5.600240,118.390237,118.605086,119.4240
1403636720.163556,0.035355,1.401755,117.102080,-4.386189,6.971190,-1.337949,4.421544,-5.569435,118.440029,118.653315,119.4303
1403636720.213556,0.063147,1.420279,117.141559,-4.367543,6.953980,-1.343258,4.430690,-5.533701,118.484817,118.696693,119.4720
1403636720.263556,0.093376,1.443219,117.180353,-4.349241,6.937070,-1.349381,4.442617,-5.493851,118.529734,118.740124,179.2989
1403636720.313555,0.120565,1.476610,117.213798,-4.331368,6.920542,-1.356481,4.451933,-5.443932,118.570279,118.778648,120.1294
1403636720.363556,0.144269,1.512103,117.256597,-4.313781,6.904510,-1.364447,4.458050,-5.392407,118.621044,118.827204,120.1505
1403636720.413556,0.170157,1.549003,117.299776,-4.296368,6.888916,-1.373329,4.466525,-5.339913,118.673105,118.877123,88.8118
1403636720.463556,0.190843,1.585832,117.334434,-4.279206,6.873869,-1.382049,4.470049,-5.288037,118.716483,118.918241,88.8372
1403636720.513556,0.210000,1.593290,117.363862,-4.262056,6.859492,-1.389341,4.472056,-5.266202,118.753203,118.954005,162.6493
1403636720.563556,0.231797,1.584047,117.400209,-4.245223,6.845786,-1.394995,4.477020,-5.261739,118.795204,118.995925,162.7501
1403636720.613555,0.252437,1.561227,117.430539,-4.228684,6.832788,-1.399034,4.481121,-5.271561,118.829573,119.030825,162.6770
1403636720.663556,0.284249,1.536391,117.467771,-4.212506,6.820288,-1.401004,4.496755,-5.283897,118.868775,119.071096,114.6139
1403636720.713556,0.323175,1.505549,117.510483,-4.195876,6.808648,-1.400928,4.519051,-5.303099,118.911411,119.115357,53.2149
1403636720.763556,0.364801,1.472311,117.566467,-4.179853,6.797775,-1.399135,4.544654,-5.325464,118.965602,119.171427,53.1663
1403636720.813555,0.381550,1.432471,117.609378,-4.164539,6.787881,-1.396311,4.546089,-5.355410,119.005689,119.212840,128.3870
1403636720.863556,0.403514,1.407473,117.654459,-4.149816,6.778780,-1.393596,4.553330,-5.371307,119.048055,119.256124,128.3135
1403636720.913556,0.422449,1.380712,117.675072,-4.135163,6.770399,-1.392019,4.557612,-5.389687,119.067091,119.276120,127.8405
1403636720.963556,0.432196,1.362879,117.701752,-4.120984,6.762632,-1.391967,4.553180,-5.399753,119.093719,119.302987,127.6780
1403636721.013556,0.448322,1.351454,117.725845,-4.106948,6.755126,-1.393686,4.555270,-5.403672,119.119531,119.329011,127.5814
1403636721.063556,0.465781,1.332821,117.753777,-4.093183,6.748129,-1.396778,4.558964,-5.415308,119.150555,119.360648,127.0002
1403636721.113555,0.484655,1.308099,117.785301,-4.079479,6.741860,-1.401528,4.564134,-5.433761,119.186829,119.397895,126.3764
1403636721.163556,0.491790,1.286085,117.801682,-4.065831,6.736422,-1.406972,4.557621,-5.450337,119.208654,119.420188,126.3447
1403636721.213556,0.501472,1.257534,117.822298,-4.051907,6.731337,-1.412287,4.553379,-5.473803,119.234585,119.446985,125.6380
1403636721.263556,0.509992,1.237633,117.849822,-4.037698,6.726783,-1.415938,4.547690,-5.489150,119.265760,119.478592,125.4771
1403636721.313555,0.521294,1.210376,117.880678,-4.023819,6.722824,-1.417974,4.545113,-5.512448,119.298652,119.512399,124.8697
1403636721.363556,0.534816,1.176927,117.914070,-4.008957,6.719384,-1.417958,4.543773,-5.542457,119.332028,119.547052,124.7438
1403636721.413556,0.539468,1.150428,117.952560,-3.993780,6.716388,-1.415775,4.533248,-5.565960,119.368335,119.583985,124.6566
1403636721.463556,0.547260,1.117431,117.992920,-3.978220,6.713464,-1.412569,4.525480,-5.596033,119.405489,119.622181,124.5668
1403636721.513556,0.557502,1.079505,118.035240,-3.962147,6.710963,-1.408817,4.519649,-5.631458,119.444057,119.662122,124.7982
1403636721.563556,0.571935,1.058938,118.078034,-3.945885,6.708906,-1.405802,4.517820,-5.649968,119.483836,119.702631,124.7562
1403636721.613555,0.587982,1.032522,118.122739,-3.929379,6.707027,-1.404136,4.517361,-5.674505,119.526875,119.746734,145.3293
1403636721.663556,0.595155,1.007325,118.167226,-3.912740,6.705132,-1.404107,4.507895,-5.697807,119.571333,119.791861,56.2012
1403636721.713556,0.594996,0.987226,118.223049,-3.896075,6.703301,-1.405021,4.491071,-5.716075,119.628070,119.848731,75.1973
1403636721.763556,0.596772,0.961967,118.288300,-3.879109,6.701365,-1.407548,4.475881,-5.739398,119.695848,119.916930,75.1982
1403636721.813555,0.600689,0.931923,118.362759,-3.861868,6.699172,-1.411422,4.462557,-5.767249,119.774181,119.995958,75.1964
1403636721.863556,0.606186,0.897303,118.445159,-3.844667,6.696943,-1.416595,4.450853,-5.799640,119.861754,120.084495,57.9005
1403636721.913556,0.605975,0.869607,118.536553,-3.827631,6.694476,-1.422702,4.433606,-5.824869,119.959255,120.182398,125.4845
1403636721.963556,0.603302,0.852500,118.622549,-3.810609,6.691959,-1.429152,4.413911,-5.839459,120.051701,120.274656,125.6026
1403636722.013556,0.597884,0.845365,118.703769,-3.793592,6.689304,-1.434669,4.391476,-5.843939,120.138438,120.360629,125.8193
1403636722.063556,0.585932,0.830082,118.753865,-3.776673,6.686261,-1.438406,4.362605,-5.856179,120.192271,120.413908,175.5327
1403636722.113555,0.578961,0.819447,118.798530,-3.759652,6.682645,-1.440214,4.338613,-5.863198,120.238744,120.459771,175.5068
1403636722.163556,0.577605,0.814338,118.818643,-3.742378,6.678443,-1.440418,4.319983,-5.864105,120.259061,120.479424,175.4768
1403636722.213556,0.580044,0.812416,118.837069,-3.725132,6.673774,-1.438592,4.305176,-5.861358,120.275661,120.495331,175.6096
1403636722.263556,0.583497,0.810434,118.846269,-3.707847,6.668593,-1.435641,4.291344,-5.858159,120.281910,120.500920,140.0293
1403636722.313555,0.592646,0.812952,118.867609,-3.690729,6.663046,-1.432614,4.283375,-5.850094,120.300223,120.518524,145.2379
1403636722.363556,0.596994,0.819987,118.903549,-3.673435,6.657409,-1.430832,4.270429,-5.837422,120.334381,120.551547,145.3289
1403636722.413556,0.597036,0.831299,118.952643,-3.656005,6.651976,-1.430369,4.253041,-5.820677,120.383012,120.598666,145.5278
1403636722.463556,0.579247,0.839027,119.002310,-3.638433,6.646588,-1.431132,4.217680,-5.807561,120.433442,120.647132,142.4227
1403636722.513556,0.562172,0.844445,119.066331,-3.620837,6.641080,-1.433144,4.183009,-5.796635,120.499475,120.711317,142.5701
1403636722.563556,0.545956,0.847670,119.143454,-3.603189,6.635402,-1.436146,4.149145,-5.787732,120.579600,120.789707,142.6337
1403636722.613555,0.530254,0.848806,119.232027,-3.585873,6.629532,-1.439705,4.116127,-5.780726,120.671732,120.880214,142.6320
1403636722.663556,0.494632,0.843786,119.310833,-3.568601,6.623501,-1.443899,4.063233,-5.779715,120.754732,120.961234,142.8482
1403636722.713556,0.461698,0.837464,119.401108,-3.551531,6.617203,-1.448302,4.013229,-5.779739,120.849410,121.054084,142.8981
1403636722.763556,0.430916,0.830070,119.501744,-3.534634,6.610590,-1.452921,3.965550,-5.780520,120.954665,121.157629,164.6774
1403636722.813555,0.395172,0.817389,119.600527,-3.517917,6.603725,-1.456298,3.913089,-5.786336,121.056825,121.258191,164.4775
1403636722.863556,0.354423,0.799953,119.697689,-3.500980,6.596277,-1.457099,3.855403,-5.796324,121.154788,121.354621,170.3899
1403636722.913556,0.339817,0.777076,119.745210,-3.484116,6.588274,-1.456509,3.823933,-5.811198,121.201719,121.401191,170.3532
1403636722.963556,0.336172,0.753067,119.769382,-3.467311,6.579807,-1.454217,3.803483,-5.826740,121.223599,121.423138,170.3345
1403636723.013556,0.338271,0.730420,119.782346,-3.449538,6.570776,-1.450895,3.787809,-5.840356,121.233241,121.432927,170.3004
1403636723.063556,0.342606,0.709033,119.792732,-3.433161,6.561754,-1.444983,3.775767,-5.852721,121.237715,121.437615,131.2879
1403636723.113555,0.353538,0.691842,119.807594,-3.416790,6.552669,-1.439092,3.770328,-5.860827,121.246686,121.446793,131.2923
1403636723.163556,0.363767,0.676706,119.826501,-3.400423,6.543624,-1.433750,3.764190,-5.866918,121.260251,121.460440,131.2818
1403636723.213556,0.375258,0.662037,119.847893,-3.384059,6.534481,-1.429620,3.759317,-5.872444,121.277513,121.477789,131.2803
1403636723.263556,0.388483,0.647274,119.872575,-3.367682,6.525287,-1.426686,3.756165,-5.878013,121.299261,121.499673,131.2796
1403636723.313555,0.408251,0.639001,119.905587,-3.351313,6.516175,-1.424812,3.759564,-5.877174,121.330399,121.530825,131.2822
1403636723.363556,0.433688,0.636628,119.945944,-3.334877,6.506984,-1.423892,3.768565,-5.870356,121.369836,121.570145,131.3218
1403636723.413556,0.452334,0.628258,119.973674,-3.318242,6.497859,-1.423972,3.770576,-5.869601,121.397646,121.597935,131.3386
1403636723.463556,0.470817,0.633878,120.008605,-3.301619,6.488735,-1.424205,3.772436,-5.854857,121.432810,121.632389,54.3468
1403636723.513556,0.493250,0.634226,120.055644,-3.284904,6.479243,-1.424577,3.778154,-5.845017,121.480221,121.679427,54.2820
1403636723.563556,0.502177,0.632806,120.088513,-3.269224,6.469349,-1.423111,3.771401,-5.836543,121.511624,121.710162,54.2406
1403636723.613555,0.516256,0.636662,120.130514,-3.252837,6.458792,-1.420250,3.769093,-5.822130,121.550764,121.748476,54.3765
1403636723.663556,0.535180,0.634833,120.184872,-3.235408,6.447918,-1.416203,3.770588,-5.813085,121.601075,121.798320,53.8275
1403636723.713556,0.541934,0.631997,120.220078,-3.217618,6.436369,-1.411285,3.759552,-5.804372,121.631363,121.827803,53.8508
1403636723.763556,0.563249,0.629183,120.257247,-3.198614,6.424070,-1.405474,3.761863,-5.794887,121.662721,121.858729,53.5883
1403636723.813555,0.572626,0.625925,120.284131,-3.179186,6.411256,-1.400344,3.751812,-5.785331,121.684475,121.879685,53.6169
1403636723.863556,0.576602,0.620722,120.322708,-3.159378,6.398293,-1.395806,3.735980,-5.777571,121.718514,121.912815,53.7228
1403636723.913556,0.577263,0.618704,120.370918,-3.139597,6.385139,-1.392827,3.716860,-5.766435,121.763745,121.956863,111.4314
1403636723.963556,0.577373,0.609645,120.420012,-3.119872,6.371973,-1.391560,3.697245,-5.762328,121.811572,122.003824,111.5325
1403636724.013556,0.582260,0.621366,120.456003,-3.100235,6.359136,-1.391636,3.682495,-5.737770,121.847639,122.038231,111.5661
1403636724.063556,0.590696,0.638857,120.502800,-3.081026,6.346922,-1.392891,3.671722,-5.708065,121.895691,122.084491,111.9268
1403636724.113555,0.602430,0.671295,120.542825,-3.061986,6.335222,-1.395742,3.664416,-5.663927,121.938567,122.125026,49.6170
1403636724.163556,0.608345,0.689318,120.568908,-3.043473,6.324096,-1.399139,3.651818,-5.634778,121.968047,122.152737,137.8595
1403636724.213556,0.611693,0.702810,120.596888,-3.025661,6.313422,-1.404140,3.637354,-5.610612,122.001028,122.184124,138.4013
1403636724.263556,0.614324,0.708430,120.616383,-3.008727,6.303429,-1.409763,3.623051,-5.594999,122.026146,122.208064,138.8463
1403636724.313555,0.616064,0.720329,120.636711,-2.992531,6.293767,-1.415767,3.608595,-5.573438,122.052478,122.232944,139.0749
1403636724.363556,0.615785,0.729216,120.647090,-2.977504,6.284552,-1.421864,3.593289,-5.555336,122.068954,122.248121,134.9799
1403636724.413556,0.615659,0.729778,120.659145,-2.962214,6.275160,-1.426481,3.577873,-5.545382,122.085626,122.263864,134.9151
1403636724.463556,0.614701,0.726360,120.666054,-2.947508,6.265662,-1.429632,3.562209,-5.539302,122.095686,122.273176,51.8493
1403636724.513556,0.614640,0.724905,120.682737,-2.933379,6.256093,-1.430719,3.548019,-5.531188,122.113456,122.290141,51.6694
1403636724.563556,0.615467,0.716684,120.715058,-2.919149,6.246012,-1.430772,3.534616,-5.529328,122.145830,122.321997,52.1601
1403636724.613555,0.616633,0.701882,120.761941,-2.905736,6.236080,-1.429197,3.522369,-5.534198,122.191138,122.367106,51.9904
1403636724.663556,0.620645,0.696046,120.821300,-2.892853,6.225807,-1.424884,3.513498,-5.529761,122.246184,122.421617,57.3008
1403636724.713556,0.614245,0.704181,120.859806,-2.880289,6.215172,-1.418701,3.494534,-5.510991,122.278507,122.452505,141.4016
1403636724.763556,0.602275,0.718635,120.899210,-2.868201,6.204319,-1.410342,3.470476,-5.485684,122.309552,122.481686,141.2940
1403636724.813555,0.596297,0.742114,120.924630,-2.856263,6.193055,-1.400027,3.452560,-5.450941,122.324657,122.494713,131.3738
1403636724.863556,0.596383,0.754437,120.938659,-2.844732,6.181571,-1.387716,3.441115,-5.427134,122.326375,122.495049,130.5251
1403636724.913556,0.601838,0.765999,120.957349,-2.833599,6.169773,-1.373612,3.435437,-5.403774,122.330961,122.498437,130.7301
1403636724.963556,0.614280,0.781046,120.978078,-2.822767,6.157822,-1.357682,3.437047,-5.376776,122.335760,122.502086,130.3862
1403636725.013556,0.628053,0.792696,120.986934,-2.812393,6.145939,-1.339856,3.440446,-5.353243,122.326790,122.492194,130.3338
1403636725.063556,0.643930,0.802871,120.989253,-2.802052,6.134216,-1.319862,3.445982,-5.331345,122.309115,122.473743,130.1119
1403636725.113555,0.654225,0.811313,120.996588,-2.791732,6.122875,-1.298248,3.445957,-5.311562,122.294836,122.458622,173.3239
1403636725.163556,0.656181,0.817292,121.001451,-2.781749,6.112233,-1.275965,3.437930,-5.294941,122.277416,122.440281,173.4578
1403636725.213556,0.653600,0.822607,121.004805,-2.771707,6.102177,-1.253907,3.425307,-5.279570,122.258712,122.420584,146.9643
1403636725.263556,0.647577,0.829138,121.007590,-2.761825,6.092466,-1.233009,3.409402,-5.263328,122.240599,122.401351,139.8774
1403636725.313555,0.637724,0.838634,121.013023,-2.751888,6.083522,-1.213328,3.389612,-5.244888,122.226351,122.385780,165.4022
1403636725.363556,0.639146,0.847386,121.021771,-2.742074,6.075117,-1.195070,3.381220,-5.227731,122.216841,122.375316,165.4566
1403636725.413556,0.645850,0.862585,121.038090,-2.732440,6.067088,-1.178195,3.378290,-5.204503,122.216285,122.373690,165.8081
1403636725.463556,0.657287,0.883686,121.061193,-2.723057,6.059304,-1.163027,3.380344,-5.175618,122.224220,122.380446,165.7405
1403636725.513556,0.675280,0.910443,121.078434,-2.713721,6.051846,-1.149321,3.389001,-5.141403,122.227755,122.382775,119.4117
1403636725.563556,0.693371,0.941973,121.104738,-2.704353,6.044609,-1.137478,3.397724,-5.102636,122.242216,122.395837,119.6395
1403636725.613555,0.717373,0.975956,121.139496,-2.695344,6.037662,-1.126840,3.412717,-5.061706,122.266336,122.418644,135.5569
1403636725.663556,0.723635,0.996954,121.160348,-2.686736,6.030791,-1.117785,3.410371,-5.033837,122.278133,122.429212,135.4308
1403636725.713556,0.734988,1.017629,121.183397,-2.678535,6.024028,-1.110351,3.413523,-5.006399,122.293748,122.443771,136.1721
1403636725.763556,0.747321,1.044083,121.210103,-2.670673,6.017207,-1.104556,3.417994,-4.973124,122.314659,122.463425,136.6587
1403636725.813555,0.745877,1.069536,121.225839,-2.662943,6.010491,-1.100160,3.408820,-4.940955,122.325999,122.473193,136.7452
1403636725.863556,0.741370,1.083405,121.242358,-2.655501,6.003893,-1.097366,3.396871,-4.920488,122.339724,122.485746,136.8119
1403636725.913556,0.740055,1.106131,121.261320,-2.648493,5.997523,-1.095568,3.388548,-4.891392,122.356888,122.501494,137.4488
1403636725.963556,0.735051,1.135154,121.288008,-2.641695,5.991339,-1.095097,3.376746,-4.856185,122.383105,122.525953,136.5791
1403636726.013556,0.721800,1.163870,121.303488,-2.635051,5.985398,-1.095573,3.356851,-4.821528,122.399061,122.539975,88.6255
1403636726.063556,0.703660,1.196699,121.329015,-2.628704,5.979792,-1.097147,3.332364,-4.783093,122.426162,122.564871,133.2219
1403636726.113555,0.691183,1.233622,121.358042,-2.622409,5.974419,-1.099918,3.313592,-4.740797,122.457960,122.594482,133.2241
1403636726.163556,0.683895,1.274715,121.389932,-2.616310,5.969191,-1.103698,3.300205,-4.694476,122.493630,122.627969,166.4825
1403636726.213556,0.688508,1.308127,121.431605,-2.610160,5.963993,-1.108993,3.298668,-4.655866,122.540598,122.673373,166.4104
1403636726.263556,0.696676,1.320781,121.457088,-2.603831,5.958688,-1.114741,3.300507,-4.637907,122.571829,122.703939,166.4265
1403636726.313555,0.713347,1.329520,121.493138,-2.597605,5.953213,-1.119587,3.310952,-4.623693,122.612725,122.744536,89.5790
1403636726.363556,0.729265,1.334722,121.545754,-2.591135,5.947665,-1.123012,3.320400,-4.612943,122.668766,122.800368,89.6619
1403636726.413556,0.744672,1.336845,121.614024,-2.585423,5.942218,-1.123890,3.330095,-4.605373,122.737914,122.869421,89.5764
1403636726.463556,0.759093,1.336156,121.695514,-2.580095,5.936725,-1.122511,3.339188,-4.600569,122.818025,122.949513,89.5261
1403636726.513556,0.772764,1.332942,121.788791,-2.575002,5.931264,-1.119686,3.347766,-4.598322,122.908477,123.040017,88.8688
1403636726.563556,0.788061,1.305196,121.877153,-2.570195,5.925849,-1.114925,3.358256,-4.620653,122.992078,123.124650,88.6921
1403636726.613555,0.799495,1.272893,121.974636,-2.564203,5.920236,-1.108951,3.363698,-4.647343,123.083587,123.217213,175.9515
1403636726.663556,0.813237,1.221908,122.064673,-2.558153,5.915660,-1.101488,3.371390,-4.693752,123.166161,123.301665,175.6776
1403636726.713556,0.809519,1.159415,122.135271,-2.550506,5.912047,-1.092632,3.360025,-4.752632,123.227903,123.365284,174.8613
1403636726.763556,0.820923,1.132794,122.207886,-2.541932,5.909648,-1.081438,3.362855,-4.776854,123.289324,123.427649,174.9562
1403636726.813555,0.829962,1.104708,122.293196,-2.533102,5.908362,-1.067921,3.363064,-4.803654,123.361117,123.500407,175.1716
1403636726.863556,0.848200,1.067095,122.379939,-2.523187,5.907169,-1.052549,3.371387,-4.840074,123.432488,123.573345,99.3324
1403636726.913556,0.854188,1.042971,122.428542,-2.512349,5.906004,-1.036028,3.366537,-4.863033,123.464570,123.606160,99.2655
1403636726.963556,0.867632,1.040350,122.482642,-2.500756,5.904673,-1.018246,3.368388,-4.864323,123.500888,123.642537,99.1728
1403636727.013556,0.884500,1.037251,122.551014,-2.489370,5.903643,-0.999091,3.373870,-4.866392,123.550105,123.691929,74.6881
1403636727.063556,0.895572,1.041317,122.628021,-2.477371,5.902506,-0.979070,3.372943,-4.861189,123.607091,123.748619,74.7337
1403636727.113555,0.902038,1.051692,122.712343,-2.465159,5.901218,-0.960122,3.367197,-4.849526,123.672465,123.813305,74.7605
1403636727.163556,0.904479,1.067632,122.803266,-2.452369,5.899659,-0.942522,3.356848,-4.832027,123.745788,123.885580,89.8948
1403636727.213556,0.897591,1.082036,122.895653,-2.439506,5.897440,-0.926527,3.337097,-4.815404,123.822180,123.960705,93.1673
1403636727.263556,0.875952,1.078283,122.972091,-2.426799,5.894593,-0.912068,3.302751,-4.816310,123.884159,124.021732,93.1990
1403636727.313555,0.854633,1.082696,123.055839,-2.414082,5.890995,-0.899038,3.268715,-4.808299,123.954877,124.091159,140.6425
1403636727.363556,0.842802,1.085405,123.146939,-2.401443,5.886653,-0.886934,3.244245,-4.801248,124.033873,124.169154,140.7944
1403636727.413556,0.839373,1.086229,123.244811,-2.389143,5.881549,-0.875442,3.228516,-4.795320,124.120253,124.254801,140.8441
1403636727.463556,0.843646,1.085520,123.349113,-2.377029,5.875767,-0.864599,3.220675,-4.790247,124.213712,124.347760,140.9812
1403636727.513556,0.855302,1.083342,123.459144,-2.365052,5.869042,-0.853590,3.220354,-4.785700,124.312734,124.446492,141.0280
1403636727.563556,0.874114,1.079878,123.574361,-2.353270,5.861453,-0.841791,3.227384,-4.781575,124.416152,124.549822,134.4791
1403636727.613555,0.879281,1.084991,123.688541,-2.341168,5.853152,-0.828703,3.220449,-4.768161,124.517244,124.650113,134.3073
1403636727.663556,0.878422,1.094179,123.802487,-2.329061,5.844151,-0.814717,3.207483,-4.749972,124.617204,124.748938,134.1228
1403636727.713556,0.877631,1.092944,123.919514,-2.317423,5.835107,-0.798844,3.195054,-4.742163,124.718358,124.849370,133.9330
1403636727.763556,0.877211,1.082321,124.039554,-2.306160,5.825656,-0.780864,3.183371,-4.743335,124.820418,124.951070,133.7535
1403636727.813555,0.876720,1.063341,124.162362,-2.294860,5.815444,-0.761365,3.171580,-4.752103,124.923727,125.054304,63.9055
1403636727.863556,0.843696,1.029894,124.260444,-2.283317,5.804621,-0.740228,3.127013,-4.774727,125.000672,125.130909,63.6870
1403636727.913556,0.840200,0.998829,124.350647,-2.271825,5.792771,-0.719191,3.112025,-4.793942,125.069838,125.200364,63.5285
1403636727.963556,0.829714,0.967895,124.446391,-2.260712,5.779984,-0.699440,3.090426,-4.812089,125.145831,125.276438,51.3781
1403636728.013556,0.820795,0.944781,124.550488,-2.249959,5.766139,-0.681374,3.070754,-4.821358,125.231862,125.362252,51.5044
1403636728.063556,0.813572,0.928675,124.662232,-2.239615,5.751435,-0.664960,3.053187,-4.822760,125.327192,125.457108,51.8447
1403636728.113555,0.822393,0.895350,124.758211,-2.229567,5.735756,-0.649941,3.051960,-4.840406,125.408152,125.538634,51.8170
1403636728.163556,0.826167,0.901851,124.844559,-2.219555,5.719623,-0.636297,3.045722,-4.817772,125.480856,125.610241,52.0752
1403636728.213556,0.830457,0.912530,124.940127,-2.209674,5.702783,-0.624182,3.040131,-4.790253,125.564309,125.692420,52.7933
1403636728.263556,0.835300,0.927089,125.044125,-2.199906,5.685542,-0.613582,3.035206,-4.758453,125.657707,125.784398,53.1776
1403636728.313555,0.844428,0.912773,125.127604,-2.190062,5.667644,-0.604584,3.034490,-4.754871,125.732188,125.858651,53.1961
1403636728.363556,0.854273,0.912612,125.174821,-2.180160,5.649249,-0.597059,3.034433,-4.736637,125.771880,125.897615,53.6318
1403636728.413556,0.864084,0.916977,125.235028,-2.170359,5.630154,-0.591361,3.034443,-4.713177,125.826389,125.951189,126.5649
1403636728.463556,0.882040,0.920976,125.297917,-2.160511,5.610970,-0.587187,3.042551,-4.689994,125.885104,126.009177,146.1013
1403636728.513556,0.900917,0.915566,125.365100,-2.150151,5.591825,-0.584612,3.051068,-4.676259,125.949712,126.073417,146.0429
1403636728.563556,0.920509,0.901807,125.435976,-2.139237,5.572891,-0.583312,3.059746,-4.671084,126.019288,126.142943,146.0184
1403636728.613555,0.940793,0.879978,125.509928,-2.127920,5.554489,-0.582738,3.068713,-4.674511,126.092666,126.216594,145.9154
1403636728.663556,0.961654,0.850963,125.586943,-2.115868,5.536581,-0.582290,3.077522,-4.685618,126.169233,126.293712,58.0360
1403636728.713556,0.975681,0.818612,125.673135,-2.103457,5.518967,-0.580743,3.079138,-4.700355,126.253878,126.378859,57.9732
1403636728.763556,0.983655,0.783030,125.767501,-2.091088,5.501421,-0.577352,3.074743,-4.718391,126.344853,126.470310,57.7457
1403636728.813555,0.985506,0.744439,125.869213,-2.078537,5.483820,-0.572193,3.064043,-4.739381,126.441406,126.567291,57.5702
1403636728.863556,0.982668,0.703240,125.977488,-2.065446,5.465621,-0.565248,3.048114,-4.762381,126.542736,126.668999,57.4009
1403636728.913556,0.975557,0.660262,126.091038,-2.052045,5.447388,-0.557501,3.027602,-4.787126,126.648539,126.775137,57.2656
1403636728.963556,0.964567,0.615792,126.209345,-2.038516,5.428907,-0.550176,3.003083,-4.813115,126.759521,126.886409,35.6825
1403636729.013556,0.957507,0.580316,126.333414,-2.024734,5.410022,-0.543776,2.982241,-4.829706,126.877190,127.004099,35.8673
1403636729.063556,0.953739,0.553188,126.462686,-2.010701,5.390884,-0.538627,2.964440,-4.837696,127.001313,127.127986,125.2145
1403636729.113555,0.957681,0.532275,126.584904,-1.996404,5.371468,-0.535188,2.954085,-4.839193,127.120092,127.246462,125.3759
1403636729.163556,0.968897,0.516888,126.700737,-1.981595,5.351801,-0.533205,2.950492,-4.834913,127.233942,127.359954,148.2225
1403636729.213556,0.981542,0.497040,126.808019,-1.966514,5.331653,-0.532826,2.948056,-4.834613,127.340845,127.466683,63.9833
1403636729.263556,1.012653,0.481343,126.873404,-1.951411,5.310919,-0.533402,2.964064,-4.829576,127.406806,127.532759,63.8338
1403636729.313555,1.041974,0.459766,126.948507,-1.935989,5.290050,-0.535114,2.977963,-4.830284,127.483621,127.609849,36.3276
1403636729.363556,1.067710,0.440920,127.035873,-1.920285,5.268572,-0.537389,2.987995,-4.827652,127.573262,127.699536,35.9132
1403636729.413556,1.090594,0.424691,127.134723,-1.904261,5.247010,-0.539451,2.994855,-4.822319,127.674174,127.800308,103.5440
1403636729.463556,1.121473,0.409936,127.234828,-1.887532,5.224986,-0.540166,3.009005,-4.815050,127.774994,127.901087,103.5893
1403636729.513556,1.159699,0.396938,127.336154,-1.869993,5.202374,-0.539356,3.029692,-4.805436,127.875510,128.001630,103.6887
1403636729.563556,1.217273,0.387969,127.427071,-1.852190,5.179613,-0.537038,3.069463,-4.791644,127.964109,128.090572,179.0096
1403636729.613555,1.274639,0.372214,127.523973,-1.834835,5.156802,-0.532390,3.109474,-4.784588,128.056363,128.183436,179.3762
1403636729.663556,1.288170,0.355481,127.608495,-1.816729,5.133741,-0.526031,3.104899,-4.778260,128.134526,128.261175,179.4572
1403636729.713556,1.306092,0.333106,127.699147,-1.798535,5.110529,-0.518824,3.104627,-4.777423,128.217971,128.344499,179.8544
1403636729.763556,1.327373,0.305619,127.795466,-1.780599,5.087412,-0.511237,3.107972,-4.781793,128.306703,128.433388,179.6438
1403636729.813555,1.351452,0.274199,127.896699,-1.762383,5.064066,-0.504397,3.113835,-4.789867,128.401096,128.528130,176.1673
1403636729.863556,1.378888,0.242983,127.955176,-1.743775,5.040762,-0.498637,3.122663,-4.797779,128.453813,128.581304,176.1753
1403636729.913556,1.396135,0.211699,128.023000,-1.725029,5.017229,-0.494344,3.121164,-4.805530,128.517344,128.645025,176.5167
1403636729.963556,1.404506,0.180223,128.099066,-1.706523,4.993774,-0.491214,3.111029,-4.813551,128.590280,128.717943,172.8463
1403636730.013556,1.407255,0.148496,128.170064,-1.688561,4.970249,-0.489133,3.095816,-4.821753,128.659197,128.786732,172.9955
1403636730.063556,1.393358,0.111488,128.215237,-1.670894,4.946596,-0.487871,3.064252,-4.835108,128.703108,128.830346,173.0606
1403636730.113555,1.376339,0.074787,128.258185,-1.653723,4.922928,-0.487694,3.030062,-4.848141,128.745879,128.872755,161.1555
1403636730.163556,1.374744,0.054607,128.291756,-1.636743,4.899310,-0.488496,3.011487,-4.844703,128.780252,128.906530,161.4990
1403636730.213556,1.363926,0.040507,128.309685,-1.619933,4.875889,-0.490496,2.983859,-4.835382,128.800181,128.925447,161.4737
1403636730.263556,1.351355,0.026000,128.326865,-1.603460,4.852583,-0.493373,2.954815,-4.826583,128.820238,128.944487,126.1477
1403636730.313555,1.331060,0.015182,128.349809,-1.587191,4.829499,-0.497182,2.918251,-4.814317,128.846991,128.969922,126.0647
1403636730.363556,1.308749,0.011410,128.361723,-1.570889,4.806560,-0.502286,2.879638,-4.795150,128.864009,128.985343,126.1036
1403636730.413556,1.279480,0.010509,128.380121,-1.554777,4.783838,-0.508060,2.834257,-4.773329,128.888181,129.007677,126.0370
1403636730.463556,1.250714,0.005380,128.406820,-1.539631,4.761510,-0.513032,2.790345,-4.756130,128.919852,129.037727,125.8210
1403636730.513556,1.214902,0.003312,128.438581,-1.524163,4.739317,-0.516292,2.739065,-4.736005,128.954873,129.070878,126.1314
1403636730.563556,1.172722,0.004813,128.474684,-1.509891,4.717445,-0.517326,2.682613,-4.712632,128.992010,129.105941,126.0800
1403636730.613555,1.139894,0.023119,128.499665,-1.497133,4.696243,-0.516640,2.637027,-4.673124,129.016305,129.127840,125.9352
1403636730.663556,1.100278,0.043068,128.529660,-1.486083,4.675944,-0.513689,2.586361,-4.632876,129.043349,129.152385,125.8827
1403636730.713556,1.053740,0.064993,128.564282,-1.476849,4.656342,-0.507288,2.530589,-4.591349,129.071570,129.177996,125.1367
1403636730.763556,0.998486,0.078201,128.590587,-1.469405,4.637392,-0.498388,2.467891,-4.559191,129.088975,129.193034,176.4702
1403636730.813555,0.968536,0.087667,128.607485,-1.462393,4.618717,-0.488169,2.430929,-4.531050,129.095654,129.198018,176.4842
1403636730.863556,0.953133,0.093010,128.629959,-1.455605,4.600646,-0.477242,2.408738,-4.507636,129.107201,129.208320,176.5113
1403636730.913556,0.931611,0.102451,128.664101,-1.449937,4.582993,-0.466501,2.381548,-4.480542,129.130602,129.230257,176.5361
1403636730.963556,0.900268,0.119234,128.696932,-1.444970,4.566164,-0.456667,2.345238,-4.446930,129.153599,129.251412,100.2205
1403636731.013556,0.865206,0.138550,128.740920,-1.441038,4.550147,-0.448320,2.306244,-4.411597,129.189240,129.285114,100.1992
1403636731.063556,0.826247,0.160253,128.794877,-1.438133,4.535208,-0.440561,2.264380,-4.374955,129.235438,129.329293,101.9293
1403636731.113555,0.808594,0.179658,128.827931,-1.435701,4.521848,-0.433538,2.244295,-4.342190,129.261469,129.353852,101.9463
1403636731.163556,0.801011,0.199898,128.852253,-1.433371,4.509883,-0.428018,2.234382,-4.309985,129.280271,129.371391,101.9783
1403636731.213556,0.787076,0.222534,128.887917,-1.430938,4.499508,-0.423672,2.218014,-4.276974,129.311589,129.401310,47.8858
1403636731.263556,0.776615,0.237986,128.911502,-1.428099,4.490533,-0.420292,2.204714,-4.252547,129.331794,129.420470,48.0411
1403636731.313555,0.767889,0.250869,128.930489,-1.424814,4.482736,-0.418164,2.192703,-4.231867,129.348653,129.436435,48.1779
1403636731.363556,0.764626,0.267757,128.963451,-1.421314,4.475545,-0.417164,2.185940,-4.207788,129.380615,129.467476,48.2854
1403636731.413556,0.766587,0.288496,129.009311,-1.417403,4.468875,-0.417635,2.183990,-4.180379,129.426946,129.512856,48.2313
1403636731.463556,0.773299,0.312622,129.066703,-1.413399,4.462434,-0.419038,2.186698,-4.149812,129.485741,129.570675,54.9118
1403636731.513556,0.780688,0.328390,129.134583,-1.409014,4.456102,-0.421885,2.189702,-4.127712,129.556468,129.640700,54.8099
1403636731.563556,0.788542,0.336286,129.212373,-1.404472,4.449866,-0.425725,2.193014,-4.113580,129.638098,129.721885,54.7060
1403636731.613555,0.796804,0.337195,129.299452,-1.399716,4.444203,-0.430140,2.196520,-4.107008,129.729592,129.813170,55.2308
1403636731.663556,0.795864,0.324688,129.392270,-1.394556,4.439188,-0.435573,2.190420,-4.114500,129.827843,129.911492,55.3492
1403636731.713556,0.796267,0.307285,129.492912,-1.389200,4.435274,-0.441855,2.185467,-4.127989,129.934767,130.018692,56.4112
1403636731.763556,0.797149,0.276578,129.561621,-1.383380,4.432066,-0.449096,2.180529,-4.155488,130.010717,130.095386,58.1545
1403636731.813555,0.799048,0.260326,129.599712,-1.377057,4.429422,-0.457334,2.176105,-4.169096,130.057046,130.142046,59.0588
1403636731.863556,0.801932,0.242638,129.641593,-1.370497,4.427262,-0.466525,2.172429,-4.184624,130.108118,130.193521,59.7638
1403636731.913556,0.798329,0.237412,129.670130,-1.363888,4.425350,-0.476499,2.162217,-4.187938,130.146629,130.231943,59.8480
1403636731.963556,0.794435,0.238637,129.691367,-1.357197,4.423610,-0.487269,2.151632,-4.184973,130.178636,130.263659,139.7840
1403636732.013556,0.788392,0.241943,129.703646,-1.350545,4.422088,-0.499042,2.138937,-4.180145,130.202688,130.287331,139.7326
1403636732.063556,0.783102,0.245043,129.712744,-1.343739,4.420861,-0.511577,2.126841,-4.175818,130.224321,130.308613,139.8441
1403636732.113555,0.777321,0.249844,129.718803,-1.336768,4.419956,-0.525563,2.114089,-4.170112,130.244366,130.328255,132.5913
1403636732.163556,0.774944,0.249645,129.725167,-1.329626,4.419156,-0.540368,2.104570,-4.169511,130.265535,130.349237,132.2653
1403636732.213556,0.773283,0.245767,129.729953,-1.322265,4.418843,-0.554325,2.095548,-4.173076,130.284278,130.367937,131.9064
1403636732.263556,0.771673,0.239941,129.733313,-1.314383,4.418684,-0.567009,2.086056,-4.178743,130.300322,130.384000,132.0410
1403636732.313555,0.770080,0.233546,129.736610,-1.305590,4.418131,-0.578396,2.075670,-4.184585,130.315006,130.398696,132.0756
1403636732.363556,0.768052,0.226030,129.738503,-1.296286,4.417983,-0.588271,2.064338,-4.191953,130.326774,130.410513,132.1687
1403636732.413556,0.765637,0.218586,129.740924,-1.286649,4.417675,-0.595114,2.052286,-4.199089,130.336038,130.419811,132.0268
1403636732.463556,0.763456,0.211268,129.743593,-1.276688,4.417182,-0.599300,2.040144,-4.205914,130.342893,130.426691,54.7743
1403636732.513556,0.764036,0.204451,129.753143,-1.265348,4.415639,-0.601343,2.029384,-4.211188,130.354486,130.438278,54.6155
1403636732.563556,0.765305,0.197749,129.765734,-1.253688,4.412836,-0.602323,2.018993,-4.215087,130.368057,130.451805,54.5000
1403636732.613555,0.769669,0.184200,129.793231,-1.241988,4.408413,-0.602059,2.011657,-4.224213,130.395290,130.479203,54.3906
1403636732.663556,0.772358,0.171196,129.812878,-1.230018,4.401898,-0.600651,2.002376,-4.230702,130.413529,130.497498,55.0455
1403636732.713556,0.778414,0.166383,129.840009,-1.217655,4.393366,-0.597985,1.996069,-4.226983,130.437994,130.521730,55.0396
1403636732.763556,0.787662,0.154679,129.880515,-1.204583,4.383000,-0.593998,1.992245,-4.228321,130.474513,130.558210,54.9251
1403636732.813555,0.799961,0.137009,129.933450,-1.192096,4.370946,-0.588013,1.992057,-4.233937,130.521463,130.605310,55.4578
1403636732.863556,0.803008,0.126354,129.967236,-1.178520,4.357910,-0.582355,1.981528,-4.231556,130.549591,130.633182,55.3886
1403636732.913556,0.807922,0.124814,129.995252,-1.163921,4.343624,-0.577979,1.971843,-4.218810,130.573231,130.656248,55.1369
1403636732.963556,0.811957,0.121377,130.015807,-1.148380,4.328192,-0.575281,1.960337,-4.206815,130.591088,130.673534,54.5368
1403636733.013556,0.814484,0.120902,130.036041,-1.132185,4.311927,-0.574059,1.946669,-4.191025,130.610100,130.691823,113.5938
1403636733.063556,0.823901,0.124851,130.048750,-1.115415,4.294895,-0.573050,1.939316,-4.170044,130.621800,130.702735,114.0323
1403636733.113555,0.833090,0.127307,130.066748,-1.098130,4.277203,-0.570574,1.931220,-4.149896,130.637322,130.717486,114.0786
1403636733.163556,0.843433,0.129561,130.077353,-1.080235,4.258927,-0.565257,1.923668,-4.129366,130.642610,130.722010,114.0526
1403636733.213556,0.853918,0.135358,130.086057,-1.062195,4.239824,-0.558551,1.916113,-4.104466,130.644608,130.723111,113.9557
1403636733.263556,0.862746,0.138343,130.097955,-1.043928,4.219942,-0.549887,1.906674,-4.081599,130.647842,130.725489,123.3687
1403636733.313555,0.872635,0.133120,130.112963,-1.024505,4.199039,-0.540235,1.897140,-4.065919,130.653198,130.730215,123.3149
1403636733.363556,0.875519,0.123748,130.129332,-1.004283,4.177577,-0.529812,1.879802,-4.053829,130.659144,130.735531,94.5749
1403636733.413556,0.888141,0.116320,130.155598,-0.984497,4.155805,-0.518164,1.872638,-4.039485,130.673762,130.749594,94.6326
1403636733.463556,0.898902,0.114107,130.173130,-0.964836,4.133738,-0.504820,1.863738,-4.019631,130.677950,130.753040,94.2841
1403636733.513556,0.905607,0.112087,130.194820,-0.945737,4.111573,-0.490596,1.851344,-3.999486,130.685416,130.759708,94.3352
1403636733.563556,0.920745,0.111237,130.225318,-0.926509,4.089177,-0.477159,1.847254,-3.977940,130.702477,130.776045,94.3785
1403636733.613555,0.927410,0.109656,130.256957,-0.907229,4.066744,-0.464532,1.834639,-3.957088,130.721489,130.794236,94.4072
1403636733.663556,0.939058,0.103336,130.277758,-0.888029,4.044186,-0.453652,1.827087,-3.940850,130.731410,130.803555,95.6443
1403636733.713556,0.945555,0.098828,130.303153,-0.869084,4.021707,-0.444271,1.814639,-3.922879,130.747424,130.818847,132.3361
1403636733.763556,0.950734,0.103581,130.335544,-0.850572,3.999334,-0.436376,1.801306,-3.895753,130.771920,130.842335,132.4069
1403636733.813555,0.948619,0.107705,130.371011,-0.832355,3.976893,-0.430496,1.780974,-3.869188,130.801507,130.870840,132.4663
1403636733.863556,0.941865,0.110232,130.408397,-0.814307,3.954417,-0.425725,1.756172,-3.844185,130.834122,130.902366,132.4791
1403636733.913556,0.935044,0.121927,130.451685,-0.796776,3.932024,-0.421893,1.731820,-3.810097,130.873578,130.940481,132.4120
1403636733.963556,0.928364,0.141895,130.500173,-0.779585,3.909670,-0.418963,1.707949,-3.767775,130.919136,130.984478,132.4433
1403636734.013556,0.913616,0.151955,130.535540,-0.762944,3.887121,-0.416773,1.676560,-3.735166,130.952313,131.016299,168.3303
1403636734.063556,0.910456,0.158515,130.559443,-0.746334,3.864321,-0.415607,1.656790,-3.705806,130.975050,131.037939,167.7831
1403636734.113555,0.899660,0.165013,130.577789,-0.730155,3.841233,-0.414677,1.629815,-3.676220,130.992466,131.054176,167.6414
1403636734.163556,0.884267,0.170498,130.592767,-0.713742,3.817723,-0.413206,1.598009,-3.647225,131.005973,131.066475,167.5743
1403636734.213556,0.865635,0.175601,130.606412,-0.697653,3.793841,-0.410255,1.563288,-3.618240,131.016667,131.075942,166.6391
1403636734.263556,0.847158,0.181726,130.620079,-0.681110,3.769516,-0.405135,1.528268,-3.587790,131.025214,131.083235,166.4832
1403636734.313555,0.836662,0.184374,130.626686,-0.664157,3.744976,-0.399158,1.500819,-3.560602,131.025844,131.082806,166.0962
1403636734.363556,0.824382,0.188261,130.634573,-0.647372,3.720545,-0.391247,1.471754,-3.532284,131.025820,131.081686,165.9060
1403636734.413556,0.811309,0.192522,130.643719,-0.630500,3.696019,-0.381303,1.441809,-3.503497,131.025022,131.079784,165.7080
1403636734.463556,0.796693,0.197519,130.654067,-0.613601,3.671647,-0.370407,1.410294,-3.474128,131.024474,131.078112,165.5625
1403636734.513556,0.780604,0.202810,130.665848,-0.596853,3.647444,-0.359717,1.377457,-3.444634,131.025565,131.078074,165.4379
1403636734.563556,0.764570,0.204382,130.680085,-0.580293,3.623387,-0.350165,1.344863,-3.419005,131.030250,131.081748,165.4019
1403636734.613555,0.746737,0.208618,130.694081,-0.563959,3.599481,-0.341868,1.310696,-3.390863,131.035949,131.086368,165.2787
1403636734.663556,0.727762,0.214737,130.708300,-0.547815,3.575887,-0.335046,1.275577,-3.361150,131.043346,131.092650,86.4258
1403636734.713556,0.709203,0.217345,130.728465,-0.532110,3.552509,-0.329688,1.241313,-3.335164,131.058153,131.106459,86.3266
1403636734.763556,0.691643,0.220002,130.751217,-0.516717,3.529491,-0.325617,1.208360,-3.309489,131.076834,131.124175,86.1725
1403636734.813555,0.674636,0.213379,130.782510,-0.501674,3.506603,-0.323460,1.176310,-3.293224,131.105970,131.152600,85.1625
1403636734.863556,0.655902,0.211547,130.811566,-0.487149,3.483892,-0.322719,1.143051,-3.272345,131.134285,131.180088,85.0514
1403636734.913556,0.635020,0.211622,130.839987,-0.473300,3.461457,-0.323288,1.108320,-3.249835,131.163275,131.208210,51.6830
1403636734.963556,0.623149,0.211242,130.881898,-0.459932,3.439404,-0.324938,1.083081,-3.228162,131.206836,131.251012,51.9400
1403636735.013556,0.608482,0.216433,130.919508,-0.447101,3.417693,-0.327551,1.055583,-3.201260,131.247059,131.290338,51.9673
1403636735.063556,0.602594,0.220637,130.969845,-0.434883,3.396140,-0.330958,1.037477,-3.175503,131.300803,131.343294,51.9861
1403636735.113555,0.590089,0.228836,131.013255,-0.422380,3.374728,-0.335100,1.012469,-3.145892,131.348355,131.389924,52.0037
1403636735.163556,0.574202,0.238401,131.051722,-0.410028,3.353721,-0.338473,0.984230,-3.115320,131.390195,131.430808,52.0275
1403636735.213556,0.567526,0.246627,131.103785,-0.398355,3.333217,-0.340777,0.965881,-3.086590,131.444562,131.484345,52.0752
1403636735.263556,0.555150,0.254873,131.144135,-0.387615,3.313154,-0.341049,0.942765,-3.058281,131.485184,131.524125,52.1318
1403636735.313555,0.540303,0.262950,131.179824,-0.377555,3.293640,-0.338994,0.917858,-3.030690,131.518818,131.556934,112.3709
1403636735.363556,0.522608,0.276011,131.208258,-0.368811,3.274857,-0.333778,0.891419,-2.998846,131.542036,131.579235,167.5139
1403636735.413556,0.499209,0.284010,131.225398,-0.360946,3.256818,-0.324799,0.860155,-2.972808,131.550197,131.586594,167.4016
1403636735.463556,0.482498,0.283918,131.242426,-0.353050,3.239249,-0.313440,0.835548,-2.955331,131.555866,131.591709,140.5029
1403636735.513556,0.473803,0.275211,131.254150,-0.345765,3.222448,-0.300795,0.819568,-2.947237,131.554945,131.590507,140.4206
1403636735.563556,0.472441,0.261607,131.267862,-0.338637,3.206408,-0.286631,0.811078,-2.944801,131.554493,131.589948,140.3431
1403636735.613555,0.470796,0.246557,131.278015,-0.332168,3.190913,-0.271467,0.802964,-2.944356,131.549482,131.584878,100.4614
1403636735.663556,0.468998,0.233270,131.292720,-0.325862,3.175897,-0.256999,0.794860,-2.942627,131.549719,131.585027,100.4625
1403636735.713556,0.475868,0.223099,131.307655,-0.319837,3.161037,-0.244205,0.795705,-2.937938,131.551860,131.587068,100.3365
1403636735.763556,0.488626,0.213247,131.338182,-0.314285,3.146716,-0.232662,0.802911,-2.933469,131.570844,131.605991,100.6514
1403636735.813555,0.511052,0.205114,131.363412,-0.309253,3.132704,-0.222364,0.820305,-2.927590,131.585776,131.620896,88.9447
1403636735.863556,0.538705,0.209341,131.394648,-0.304497,3.119212,-0.213327,0.843202,-2.909871,131.607975,131.642840,89.1654
1403636735.913556,0.575492,0.214317,131.429807,-0.300160,3.106116,-0.205627,0.875652,-2.891799,131.635434,131.670106,89.5660
1403636735.963556,0.619723,0.223491,131.468389,-0.296284,3.093592,-0.199098,0.916007,-2.870101,131.667487,131.701950,89.9669
1403636736.013556,0.667402,0.223169,131.511643,-0.292988,3.081040,-0.192365,0.960390,-2.857871,131.704008,131.738512,90.3350
1403636736.063556,0.716783,0.240887,131.548869,-0.290149,3.068544,-0.184644,1.006932,-2.827657,131.733513,131.767704,91.1234
1403636736.113555,0.741830,0.259202,131.589488,-0.287556,3.055957,-0.174925,1.029386,-2.796755,131.764413,131.798110,91.1791
1403636736.163556,0.774269,0.279585,131.636186,-0.285074,3.043302,-0.163551,1.059343,-2.763717,131.799737,131.832966,158.1956
1403636736.213556,0.808065,0.297765,131.678592,-0.282317,3.030674,-0.150203,1.090382,-2.732909,131.828795,131.861628,157.9446
1403636736.263556,0.842707,0.314083,131.717971,-0.279544,3.018165,-0.136260,1.122251,-2.704082,131.854231,131.886730,157.5725
1403636736.313555,0.877827,0.328793,131.754758,-0.276705,3.006072,-0.122554,1.154532,-2.677279,131.877312,131.909537,157.2406
1403636736.363556,0.913568,0.342396,131.789297,-0.273794,2.994063,-0.110283,1.187362,-2.651667,131.899580,131.931574,157.3054
1403636736.413556,0.931746,0.348784,131.805624,-0.270740,2.982115,-0.099550,1.202486,-2.633331,131.905174,131.936937,157.5523
1403636736.463556,0.952144,0.354957,131.822005,-0.267773,2.970410,-0.090014,1.219917,-2.615453,131.912019,131.943585,149.7693
1403636736.513556,0.975667,0.353706,131.844301,-0.265004,2.958559,-0.082353,1.240671,-2.604853,131.926654,131.958200,149.5293
1403636736.563556,1.001961,0.345407,131.872146,-0.262130,2.946424,-0.076551,1.264091,-2.601017,131.948697,131.980384,149.2742
1403636736.613555,1.031209,0.330666,131.905173,-0.259124,2.934003,-0.072050,1.290333,-2.603337,131.977223,132.009203,149.7552
1403636736.663556,1.062992,0.310144,131.942526,-0.255764,2.920638,-0.068719,1.318756,-2.610494,132.011245,132.043639,150.0220
1403636736.713556,1.096648,0.284530,131.983909,-0.252473,2.906600,-0.066243,1.349121,-2.622070,132.050152,132.083072,149.8279
1403636736.763556,1.120519,0.251720,132.005087,-0.249053,2.891734,-0.065194,1.369572,-2.640014,132.070281,132.103764,149.6877
1403636736.813555,1.147603,0.214531,132.031605,-0.245536,2.875892,-0.064604,1.393139,-2.661361,132.096209,132.130360,149.9528
1403636736.863556,1.177262,0.173728,132.063185,-0.241886,2.859277,-0.064973,1.419148,-2.685549,132.128158,132.163067,149.7094
1403636736.913556,1.187867,0.136747,132.081761,-0.237946,2.841830,-0.066083,1.425813,-2.705083,132.147844,132.183218,148.8843
1403636736.963556,1.195867,0.116385,132.093344,-0.234157,2.823462,-0.067908,1.430024,-2.707077,132.161252,132.196708,149.1805
1403636737.013556,1.208758,0.090686,132.111520,-0.230214,2.804158,-0.070472,1.438972,-2.713472,132.181992,132.217672,149.0331
1403636737.063556,1.211197,0.068030,132.127216,-0.226377,2.784417,-0.073464,1.437574,-2.716387,132.200680,132.236398,148.5103
1403636737.113555,1.218874,0.040138,132.149051,-0.222386,2.764181,-0.077028,1.441260,-2.724043,132.226079,132.261989,148.4208
1403636737.163556,1.230777,0.007336,132.176617,-0.218225,2.743954,-0.081452,1.449002,-2.736618,132.258069,132.294314,148.3526
1403636737.213556,1.246724,-0.029787,132.209384,-0.213835,2.723558,-0.086724,1.460559,-2.753345,132.296108,132.332817,148.3073
1403636737.263556,1.266303,-0.071080,132.246815,-0.209016,2.703022,-0.093076,1.475319,-2.774102,132.339891,132.377185,148.0782
1403636737.313555,1.289265,-0.116257,132.288167,-0.204114,2.682640,-0.099765,1.493379,-2.798897,132.387932,132.425936,147.8150
1403636737.363556,1.315680,-0.165686,132.332407,-0.199550,2.662421,-0.105227,1.515230,-2.828107,132.437634,132.476492,131.3149
1403636737.413556,1.347117,-0.204567,132.377445,-0.193830,2.642193,-0.109023,1.540947,-2.846760,132.486468,132.526008,131.5597
1403636737.463556,1.382622,-0.233630,132.422901,-0.188132,2.622211,-0.110874,1.570754,-2.855841,132.533775,132.573846,165.6857
1403636737.513556,1.421580,-0.268169,132.473983,-0.183128,2.602598,-0.110291,1.604708,-2.870767,132.584274,132.625058,132.9573
1403636737.563556,1.440528,-0.293093,132.504703,-0.178483,2.583277,-0.108482,1.619011,-2.876370,132.613185,132.654256,132.8852
1403636737.613555,1.456941,-0.315852,132.552522,-0.174446,2.564310,-0.105019,1.631387,-2.880162,132.657541,132.698832,132.0705
1403636737.663556,1.463676,-0.331937,132.583431,-0.170038,2.545628,-0.100639,1.633714,-2.877565,132.684070,132.725324,155.8663
1403636737.713556,1.471998,-0.338982,132.602542,-0.165447,2.527574,-0.095067,1.637445,-2.866556,132.697609,132.738667,155.8195
1403636737.763556,1.477319,-0.344943,132.624916,-0.161746,2.510349,-0.087653,1.639065,-2.855292,132.712569,132.753400,154.7026
1403636737.813555,1.485498,-0.344820,132.640928,-0.158652,2.494093,-0.078798,1.644150,-2.838913,132.719726,132.760266,154.6500
1403636737.863556,1.495670,-0.339479,132.655164,-0.155718,2.478819,-0.067419,1.651388,-2.818298,132.722583,132.762773,154.5904
1403636737.913556,1.507043,-0.337561,132.665714,-0.153203,2.464704,-0.054349,1.660246,-2.802265,132.720063,132.760025,155.3710
1403636737.963556,1.521289,-0.337415,132.673899,-0.151295,2.451945,-0.039044,1.672584,-2.789360,132.712943,132.752790,157.3152
1403636738.013556,1.544958,-0.336674,132.692057,-0.149852,2.440464,-0.021647,1.694810,-2.777138,132.713704,132.753576,157.3417
1403636738.063556,1.561942,-0.329090,132.707672,-0.148207,2.430103,-0.003036,1.710149,-2.759193,132.710708,132.750404,157.3168
1403636738.113555,1.586960,-0.321865,132.732625,-0.147075,2.421040,0.015909,1.734035,-2.742905,132.716716,132.756383,157.3038
1403636738.163556,1.605114,-0.308002,132.751992,-0.146313,2.412537,0.033740,1.751427,-2.720539,132.718252,132.757687,157.2980
1403636738.213556,1.622273,-0.289008,132.769449,-0.145580,2.404860,0.050097,1.767853,-2.693868,132.719352,132.758459,157.2724
1403636738.263556,1.637768,-0.266400,132.786545,-0.144907,2.397776,0.064520,1.782675,-2.664176,132.722025,132.760731,115.0410
1403636738.313555,1.651808,-0.245950,132.820931,-0.144555,2.391141,0.077292,1.796363,-2.637091,132.743639,132.781983,115.0234
1403636738.363556,1.660311,-0.223577,132.847872,-0.144534,2.385030,0.088574,1.804845,-2.608607,132.759298,132.797189,115.0293
1403636738.413556,1.668154,-0.203400,132.891349,-0.144963,2.379404,0.098361,1.813117,-2.582804,132.792988,132.830479,115.0234
1403636738.463556,1.675183,-0.178241,132.924956,-0.145545,2.374602,0.106616,1.820728,-2.552843,132.818340,132.855348,112.2939
1403636738.513556,1.673445,-0.151355,132.965735,-0.146385,2.370760,0.113340,1.819830,-2.522115,132.852395,132.888795,111.7131
1403636738.563556,1.673131,-0.142164,133.001072,-0.147439,2.367826,0.118132,1.820570,-2.509990,132.882940,132.919111,115.0238
1403636738.613555,1.657783,-0.133949,133.026243,-0.148933,2.365722,0.121163,1.806716,-2.499671,132.905080,132.940862,114.3387
1403636738.663556,1.634255,-0.118524,133.054434,-0.150824,2.364593,0.122841,1.785079,-2.483117,132.931593,132.966766,114.4606
1403636738.713556,1.620473,-0.107787,133.072288,-0.152922,2.364421,0.123001,1.773395,-2.472208,132.949287,132.984096,114.6800
1403636738.763556,1.610122,-0.101265,133.085565,-0.154965,2.364943,0.121698,1.765087,-2.466208,132.963867,132.998449,80.8210
1403636738.813555,1.605965,-0.091394,133.116090,-0.156811,2.366190,0.118876,1.762776,-2.457584,132.997214,133.031597,81.0149
1403636738.863556,1.602600,-0.083276,133.138977,-0.158601,2.368595,0.114677,1.761201,-2.451871,133.024300,133.058550,80.3897
1403636738.913556,1.601487,-0.072847,133.178137,-0.159879,2.371891,0.108715,1.761366,-2.444738,133.069422,133.103532,80.6559
1403636738.963556,1.602275,-0.060434,133.232023,-0.160848,2.376098,0.101270,1.763123,-2.436532,133.130753,133.164720,82.1376
1403636739.013556,1.604354,-0.046210,133.299149,-0.161454,2.381377,0.092345,1.765808,-2.427587,133.206804,133.240624,82.4120
1403636739.063556,1.625112,-0.041107,133.352315,-0.161494,2.388025,0.082023,1.786606,-2.429132,133.270292,133.304401,83.1941
1403636739.113555,1.630808,-0.028914,133.388724,-0.160999,2.396093,0.070917,1.791807,-2.425007,133.317807,133.351898,73.9737
1403636739.163556,1.627592,-0.018042,133.435658,-0.159750,2.405164,0.058437,1.787342,-2.423206,133.377221,133.411204,74.1788
1403636739.213556,1.625795,-0.014286,133.490603,-0.157853,2.415243,0.045235,1.783648,-2.429529,133.445368,133.479400,74.3858
1403636739.263556,1.615374,-0.011259,133.554631,-0.155183,2.426116,0.031096,1.770557,-2.437375,133.523535,133.557516,75.1919
1403636739.313555,1.616236,-0.010260,133.620283,-0.152058,2.437404,0.016370,1.768294,-2.447664,133.603913,133.638032,75.3766
1403636739.363556,1.612050,-0.010313,133.657252,-0.148610,2.448936,0.001753,1.760660,-2.459249,133.655499,133.689716,76.0276
1403636739.413556,1.605632,-0.010869,133.681392,-0.144561,2.460283,-0.011536,1.750193,-2.471152,133.692928,133.727218,77.0202
1403636739.463556,1.590220,-0.011538,133.717775,-0.140322,2.471533,-0.023000,1.730542,-2.483071,133.740775,133.775018,77.1600
1403636739.513556,1.577970,-0.008829,133.741827,-0.136204,2.482361,-0.032399,1.714174,-2.491190,133.774226,133.808400,76.9336
1403636739.563556,1.559276,-0.006293,133.759432,-0.132352,2.492872,-0.038958,1.691628,-2.499165,133.798390,133.832420,107.1189
1403636739.613555,1.533240,-0.007428,133.782080,-0.128664,2.502962,-0.043980,1.661904,-2.510390,133.826060,133.859920,106.7901
1403636739.663556,1.517067,-0.007161,133.797290,-0.125076,2.512937,-0.047196,1.642143,-2.520098,133.844486,133.878281,106.7063
1403636739.713556,1.500259,-0.009030,133.805129,-0.121648,2.522606,-0.049379,1.621907,-2.531636,133.854508,133.888271,106.8012
1403636739.763556,1.476373,-0.014109,133.819322,-0.118708,2.532177,-0.052237,1.595081,-2.546286,133.871559,133.905273,106.4233
1403636739.813555,1.456355,-0.016157,133.842446,-0.115686,2.541644,-0.056444,1.572041,-2.557801,133.898890,133.932544,106.1990
1403636739.863556,1.429968,-0.021426,133.870539,-0.112807,2.551326,-0.061915,1.542775,-2.572752,133.932454,133.966046,124.0655
1403636739.913556,1.401814,-0.029177,133.899310,-0.109945,2.561378,-0.068381,1.511759,-2.590555,133.967691,134.001264,71.6029
1403636739.963556,1.392867,-0.033776,133.920316,-0.106930,2.571664,-0.076253,1.499797,-2.605440,133.996569,134.030288,71.0298
1403636740.013556,1.393469,-0.034733,133.939176,-0.103667,2.581901,-0.085113,1.497136,-2.616634,134.024289,134.058190,70.3319
1403636740.063556,1.390464,-0.038200,133.961380,-0.100353,2.592230,-0.095018,1.490817,-2.630430,134.056398,134.090490,70.2669
1403636740.113555,1.393388,-0.038929,133.980264,-0.096754,2.602258,-0.105845,1.490142,-2.641187,134.086109,134.120398,69.5150
1403636740.163556,1.392036,-0.042870,134.005121,-0.092909,2.612530,-0.117612,1.484945,-2.655400,134.122733,134.157235,103.5221
1403636740.213556,1.390991,-0.035372,134.025007,-0.089091,2.622470,-0.130321,1.480082,-2.657842,134.155328,134.189816,103.6336
1403636740.263556,1.388157,-0.030658,134.044916,-0.085440,2.631943,-0.143920,1.473597,-2.662601,134.188836,134.223338,103.6507
1403636740.313555,1.389560,-0.018696,134.077303,-0.082048,2.640786,-0.158029,1.471608,-2.659482,134.235332,134.269739,102.1849
1403636740.363556,1.385272,-0.013287,134.106089,-0.079013,2.648990,-0.173574,1.464285,-2.662277,134.279663,134.314034,102.1140
1403636740.413556,1.384256,0.005070,134.131138,-0.076229,2.656787,-0.190369,1.460485,-2.651717,134.321507,134.355617,175.7289
1403636740.463556,1.389547,0.016678,134.151617,-0.073439,2.664215,-0.208581,1.462986,-2.647537,134.360198,134.394243,175.7757
1403636740.513556,1.399967,0.026753,134.171539,-0.070507,2.671409,-0.226531,1.470474,-2.644656,134.398070,134.432131,175.8555
1403636740.563556,1.400190,0.036428,134.192196,-0.067203,2.678332,-0.243553,1.467393,-2.641904,134.435749,134.469712,176.6822
1403636740.613555,1.393744,0.046737,134.215906,-0.063743,2.685075,-0.258985,1.457487,-2.638338,134.474891,134.508666,177.7700
1403636740.663556,1.394704,0.054958,134.234605,-0.060166,2.691694,-0.272931,1.454870,-2.636736,134.507536,134.541244,157.1056
1403636740.713556,1.386393,0.064561,134.265783,-0.056158,2.698208,-0.285237,1.442551,-2.633647,134.551020,134.584524,156.7266
1403636740.763556,1.369933,0.074739,134.309014,-0.051715,2.704899,-0.296378,1.421648,-2.630160,134.605392,134.638591,156.8381
1403636740.813555,1.367019,0.078723,134.347790,-0.046951,2.711684,-0.307287,1.413970,-2.632961,134.655077,134.688238,129.1586
1403636740.863556,1.360493,0.066038,134.374631,-0.042065,2.718452,-0.319069,1.402558,-2.652414,134.693700,134.727115,129.3575
1403636740.913556,1.364199,0.052847,134.400497,-0.036825,2.725378,-0.332210,1.401024,-2.672531,134.732707,134.766493,129.3392
1403636740.963556,1.365197,0.031892,134.433083,-0.031397,2.732301,-0.346628,1.396594,-2.700409,134.779711,134.813995,129.3354
1403636741.013556,1.375466,0.014485,134.464168,-0.025834,2.738817,-0.362604,1.401300,-2.724332,134.826772,134.861574,136.0025
1403636741.063556,1.394246,0.002119,134.494459,-0.020116,2.744908,-0.380262,1.414362,-2.742789,134.874721,134.910020,135.9541
1403636741.113555,1.417476,-0.010281,134.525255,-0.014651,2.750293,-0.399951,1.432127,-2.760574,134.925206,134.961042,135.2618
1403636741.163556,1.444657,-0.022840,134.556777,-0.008756,2.754633,-0.421458,1.453413,-2.777473,134.978235,135.014631,135.2334
1403636741.213556,1.476051,-0.036042,134.588624,-0.002987,2.757982,-0.444655,1.479038,-2.794024,135.033279,135.070280,134.2838
1403636741.263556,1.510695,-0.049513,134.620825,0.002558,2.760203,-0.469407,1.508137,-2.809716,135.090232,135.127864,133.7833
1403636741.313555,1.528657,-0.057315,134.637956,0.008238,2.761355,-0.495321,1.520419,-2.818670,135.133277,135.171222,133.5056
1403636741.363556,1.545229,-0.063235,134.659630,0.014425,2.761690,-0.521431,1.530804,-2.824925,135.181061,135.219240,133.5362
1403636741.413556,1.561458,-0.069204,134.684430,0.020789,2.761663,-0.546001,1.540669,-2.830867,135.230431,135.268832,133.5591
1403636741.463556,1.581142,-0.075346,134.711595,0.027168,2.761465,-0.568952,1.553974,-2.836811,135.280547,135.319210,133.6155
1403636741.513556,1.595978,-0.083387,134.724293,0.033548,2.761577,-0.590525,1.562430,-2.844964,135.314818,135.353740,134.4326
1403636741.563556,1.612861,-0.090571,134.742075,0.039713,2.761962,-0.610103,1.573148,-2.852533,135.352178,135.391373,134.4816
1403636741.613555,1.635836,-0.098389,134.761235,0.046200,2.762867,-0.627658,1.589636,-2.861256,135.388893,135.428454,134.5038
1403636741.663556,1.659803,-0.106393,134.785147,0.052251,2.764475,-0.643396,1.607552,-2.870868,135.428543,135.468507,134.5123
1403636741.713556,1.674940,-0.109334,134.797784,0.057786,2.767023,-0.656836,1.617154,-2.876357,135.454620,135.494807,133.9456
1403636741.763556,1.696789,-0.113618,134.812386,0.062447,2.770708,-0.668143,1.634342,-2.884326,135.480529,135.521084,132.4392
1403636741.813555,1.719158,-0.119451,134.832747,0.066709,2.775079,-0.678651,1.652449,-2.894530,135.511398,135.552380,165.0365
1403636741.863556,1.730358,-0.117483,134.847279,0.070900,2.779701,-0.689750,1.659458,-2.897184,135.537029,135.578146,164.0735
1403636741.913556,1.741169,-0.106106,134.859174,0.074874,2.784474,-0.702701,1.666295,-2.890580,135.561875,135.602928,164.4545
1403636741.963556,1.748984,-0.099260,134.874139,0.078402,2.789342,-0.717251,1.670582,-2.888602,135.591390,135.632444,172.6308
1403636742.013556,1.741826,-0.089919,134.890490,0.081335,2.794134,-0.733583,1.660491,-2.884053,135.624073,135.664897,172.5467
1403636742.063556,1.735699,-0.086663,134.908339,0.083566,2.798585,-0.750402,1.652133,-2.885248,135.658741,135.699477,149.6358
1403636742.113555,1.729005,-0.089649,134.917830,0.084863,2.802714,-0.766601,1.644142,-2.892363,135.684431,135.725214,150.4447
1403636742.163556,1.725341,-0.095956,134.927350,0.085158,2.806709,-0.781057,1.640183,-2.902665,135.708407,135.749355,150.4731
1403636742.213556,1.716092,-0.104869,134.932291,0.084335,2.811088,-0.793892,1.631757,-2.915957,135.726183,135.767309,150.7145
1403636742.263556,1.705252,-0.110656,134.938146,0.082518,2.815880,-0.804449,1.622734,-2.926536,135.742595,135.783836,150.1774
1403636742.313555,1.697627,-0.121723,134.947766,0.080415,2.820804,-0.813100,1.617212,-2.942527,135.760866,135.802380,118.1633
1403636742.363556,1.699599,-0.131552,134.954496,0.078180,2.825716,-0.820272,1.621419,-2.957268,135.774768,135.816649,117.7854
1403636742.413556,1.712267,-0.142058,134.960889,0.075042,2.831451,-0.824965,1.637225,-2.973509,135.785854,135.828276,118.3884
1403636742.463556,1.728919,-0.153990,134.964148,0.071762,2.837617,-0.827956,1.657157,-2.991607,135.792104,135.835163,132.2964
1403636742.513556,1.742799,-0.159865,134.965437,0.068431,2.843900,-0.830267,1.674368,-3.003765,135.795704,135.839241,168.6285
1403636742.563556,1.750068,-0.160192,134.965957,0.064383,2.850936,-0.832072,1.685685,-3.011128,135.798029,135.841868,154.2164
1403636742.613555,1.760727,-0.156259,134.968339,0.060303,2.858111,-0.832705,1.700424,-3.014370,135.801044,135.845138,153.7070
1403636742.663556,1.774416,-0.148755,134.972893,0.056316,2.865316,-0.834546,1.718100,-3.014071,135.807439,135.851746,153.6610
1403636742.713556,1.790405,-0.138277,134.979886,0.052333,2.872399,-0.838487,1.738072,-3.010676,135.818373,135.862856,153.4858
1403636742.763556,1.801200,-0.133406,134.984488,0.048392,2.879384,-0.844917,1.752808,-3.012790,135.829405,135.874121,153.6521
1403636742.813555,1.814812,-0.125156,134.990959,0.044850,2.886099,-0.853175,1.769962,-3.011255,135.844134,135.889032,153.1435
1403636742.863556,1.830807,-0.114034,134.999286,0.041676,2.892361,-0.863322,1.789131,-3.006395,135.862608,135.907644,152.8194
1403636742.913556,1.848852,-0.100335,135.009102,0.039276,2.898106,-0.875443,1.809576,-2.998441,135.884545,135.929669,152.3377
1403636742.963556,1.868839,-0.084244,135.020355,0.037660,2.903565,-0.889503,1.831179,-2.987809,135.909858,135.955028,152.1630
1403636743.013556,1.885308,-0.066732,135.036890,0.036291,2.909089,-0.905835,1.849017,-2.975821,135.942725,135.987863,152.2254
1403636743.063556,1.900904,-0.047558,135.056588,0.035473,2.914561,-0.924186,1.865431,-2.962119,135.980774,136.025824,152.2864
1403636743.113555,1.912910,-0.034615,135.063406,0.034914,2.920078,-0.943086,1.877996,-2.954693,136.006492,136.051545,153.3740
1403636743.163556,1.921087,-0.019626,135.065308,0.034163,2.926124,-0.961524,1.886924,-2.945750,136.026832,136.071808,153.6459
1403636743.213556,1.928901,-0.006622,135.073083,0.032879,2.933184,-0.978626,1.896022,-2.939806,136.051709,136.096675,153.7373
1403636743.263556,1.939108,0.005961,135.084567,0.031032,2.941355,-0.994705,1.908076,-2.935394,136.079272,136.124302,153.8020
1403636743.313555,1.949020,0.013997,135.088400,0.027990,2.950711,-1.007820,1.921030,-2.936714,136.096220,136.141455,171.6065
1403636743.363556,1.956479,0.013657,135.091975,0.023729,2.961722,-1.018809,1.932750,-2.948065,136.110784,136.156425,171.6249
1403636743.413556,1.968365,0.008337,135.096652,0.017929,2.974857,-1.027282,1.950436,-2.966520,136.123934,136.170224,172.0865
1403636743.463556,1.983721,-0.000770,135.102715,0.010389,2.989975,-1.033984,1.973332,-2.990745,136.136699,136.183845,104.5023
1403636743.513556,1.990428,-0.014550,135.117359,0.002345,3.006382,-1.041163,1.988083,-3.020932,136.158522,136.206541,104.4493
1403636743.563556,1.986483,-0.025377,135.127737,-0.006320,3.023896,-1.049360,1.992803,-3.049273,136.177097,136.225809,103.5772
1403636743.613555,1.976083,-0.040364,135.146204,-0.016028,3.042744,-1.059134,1.992111,-3.083108,136.205338,136.254792,105.3195
1403636743.663556,1.959230,-0.059322,135.171362,-0.026335,3.062403,-1.070835,1.985565,-3.121725,136.242197,136.292420,105.9624
1403636743.713556,1.939495,-0.076140,135.183695,-0.037112,3.082753,-1.083924,1.976607,-3.158893,136.267619,136.318559,104.8779
1403636743.763556,1.914354,-0.096748,135.203335,-0.048325,3.103751,-1.098380,1.962679,-3.200499,136.301715,136.353411,104.7918
1403636743.813555,1.884832,-0.120890,135.229972,-0.059657,3.124714,-1.114600,1.944489,-3.245604,136.344572,136.397058,107.3551
1403636743.863556,1.850590,-0.148072,135.262221,-0.071226,3.145556,-1.132127,1.921816,-3.293628,136.394348,136.447644,108.6191
1403636743.913556,1.836659,-0.172659,135.292485,-0.082956,3.166329,-1.150599,1.919615,-3.338988,136.443084,136.497432,51.6002
1403636743.963556,1.818976,-0.189495,135.335410,-0.094755,3.187072,-1.170659,1.913731,-3.376567,136.506069,136.561234,52.5268
1403636744.013556,1.797849,-0.199366,135.389579,-0.106924,3.207790,-1.192315,1.904773,-3.407156,136.581894,136.637661,54.5256
1403636744.063556,1.773283,-0.202500,135.453438,-0.119169,3.228441,-1.214989,1.892452,-3.430941,136.668427,136.724583,54.5801
1403636744.113555,1.746119,-0.199813,135.526074,-0.131430,3.248821,-1.239554,1.877549,-3.448634,136.765628,136.821984,54.5945
1403636744.163556,1.716111,-0.192093,135.607371,-0.143543,3.268483,-1.264584,1.859654,-3.460576,136.871955,136.928324,99.6385
1403636744.213556,1.704996,-0.208828,135.667013,-0.155194,3.286853,-1.291518,1.860190,-3.495681,136.958531,137.015763,99.6796
1403636744.263556,1.688084,-0.230185,135.730431,-0.166710,3.304601,-1.319586,1.854794,-3.534786,137.050017,137.108140,100.8705
1403636744.313555,1.683138,-0.245939,135.766048,-0.177883,3.321535,-1.349085,1.861021,-3.567474,137.115133,137.174159,100.9966
1403636744.363556,1.682835,-0.268901,135.801209,-0.189011,3.338191,-1.380194,1.871846,-3.607092,137.181403,137.241584,100.9031
1403636744.413556,1.675399,-0.295739,135.842157,-0.199771,3.354347,-1.412651,1.875170,-3.650086,137.254808,137.316138,101.4812
1403636744.463556,1.673749,-0.326559,135.884726,-0.210101,3.370106,-1.446178,1.883850,-3.696665,137.330904,137.393564,101.3913
1403636744.513556,1.664710,-0.360305,135.932586,-0.219863,3.385498,-1.480915,1.884573,-3.745803,137.413501,137.477463,104.0599
1403636744.563556,1.647685,-0.382948,135.956664,-0.228775,3.401417,-1.516621,1.876460,-3.784365,137.473285,137.538164,102.7593
1403636744.613555,1.626281,-0.403310,135.969033,-0.237072,3.417280,-1.553837,1.863353,-3.820590,137.522870,137.588549,101.3590
1403636744.663556,1.599711,-0.427667,135.989908,-0.244076,3.433455,-1.591739,1.843787,-3.861122,137.581647,137.648165,52.7271
1403636744.713556,1.571290,-0.444107,136.024518,-0.249581,3.449762,-1.630682,1.820871,-3.893869,137.655200,137.722300,52.8498
1403636744.763556,1.561199,-0.449056,136.066409,-0.253569,3.465819,-1.669854,1.814768,-3.914875,137.736263,137.803838,52.9653
1403636744.813555,1.546386,-0.447194,136.121258,-0.256250,3.481383,-1.707823,1.802636,-3.928577,137.829081,137.896841,102.5816
1403636744.863556,1.540538,-0.438105,136.183819,-0.257550,3.495991,-1.744098,1.798088,-3.934096,137.927917,137.995727,177.8421
1403636744.913556,1.541834,-0.427367,136.250830,-0.257842,3.509885,-1.778686,1.799676,-3.937252,138.029516,138.097386,177.5456
1403636744.963556,1.556640,-0.425462,136.322731,-0.257594,3.523008,-1.810687,1.814234,-3.948470,138.133418,138.201748,177.5590
1403636745.013556,1.578359,-0.429845,136.399500,-0.257117,3.535930,-1.840371,1.835476,-3.965775,138.239871,138.308923,177.6346
1403636745.063556,1.606590,-0.439695,136.481061,-0.257044,3.549200,-1.867639,1.863634,-3.988895,138.348700,138.418738,177.7114
1403636745.113555,1.642648,-0.448078,136.565790,-0.257068,3.562310,-1.893252,1.899716,-4.010388,138.459042,138.530135,177.7043
1403636745.163556,1.683676,-0.461905,136.654309,-0.257153,3.575375,-1.916864,1.940829,-4.037280,138.571173,138.643559,98.0335
1403636745.213556,1.706149,-0.502060,136.730143,-0.257674,3.589212,-1.939030,1.963823,-4.091272,138.669173,138.743413,23.1313
1403636745.263556,1.727810,-0.540886,136.818212,-0.258577,3.603465,-1.960525,1.986387,-4.144351,138.778737,138.854814,84.2713
1403636745.313555,1.757171,-0.577486,136.910553,-0.259784,3.618020,-1.980908,2.016955,-4.195506,138.891461,138.969451,84.1845
1403636745.363556,1.794137,-0.612089,137.006479,-0.261699,3.633250,-1.998061,2.055836,-4.245339,139.004540,139.084548,84.1461
1403636745.413556,1.837720,-0.645005,137.105998,-0.263207,3.648278,-2.012101,2.100927,-4.293283,139.118099,139.200186,84.1230
1403636745.463556,1.887538,-0.676569,137.208771,-0.264466,3.662847,-2.023614,2.152004,-4.339416,139.232385,139.316613,84.0787
1403636745.513556,1.942227,-0.706823,137.314559,-0.265898,3.677063,-2.033438,2.208125,-4.383886,139.347997,139.434424,84.0042
1403636745.563556,1.972671,-0.729782,137.367113,-0.267064,3.690659,-2.041801,2.239735,-4.420441,139.408914,139.496960,83.9617
1403636745.613555,2.009890,-0.752446,137.427520,-0.267902,3.703578,-2.048661,2.277792,-4.456024,139.476181,139.565932,164.5057
1403636745.663556,2.028256,-0.773203,137.454458,-0.268379,3.715604,-2.053803,2.296635,-4.488807,139.508261,139.599351,164.6161
1403636745.713556,2.038140,-0.793063,137.466771,-0.269105,3.727173,-2.056477,2.307245,-4.520236,139.523248,139.615517,164.7398
1403636745.763556,2.044316,-0.811971,137.471871,-0.269720,3.738172,-2.057651,2.314036,-4.550143,139.529522,139.622871,113.0919
1403636745.813555,2.042758,-0.830286,137.477335,-0.270333,3.748347,-2.057434,2.313091,-4.578633,139.534769,139.629030,112.9765
1403636745.863556,2.038168,-0.847693,137.482930,-0.271250,3.758075,-2.055079,2.309418,-4.605768,139.538009,139.633100,112.8144
1403636745.913556,2.024451,-0.865098,137.494361,-0.272232,3.766846,-2.051546,2.296683,-4.631944,139.545907,139.641648,42.3626
1403636745.963556,2.016324,-0.873001,137.509746,-0.273286,3.774501,-2.046484,2.289610,-4.647502,139.556230,139.652364,42.1265
1403636746.013556,2.009431,-0.870836,137.532165,-0.275262,3.781393,-2.039426,2.284693,-4.652229,139.571591,139.667791,41.9124
1403636746.063556,2.010546,-0.869310,137.555989,-0.277346,3.786776,-2.030804,2.287892,-4.656086,139.586793,139.683164,45.7363
1403636746.113555,2.009156,-0.868059,137.576784,-0.280075,3.791020,-2.020522,2.289231,-4.659079,139.597306,139.693792,45.6540
1403636746.163556,2.002988,-0.876917,137.609265,-0.283454,3.793806,-2.008478,2.286442,-4.670723,139.617743,139.714558,45.5702
1403636746.213556,1.994196,-0.886553,137.657930,-0.287298,3.794745,-1.994479,2.281494,-4.681298,139.652409,139.749473,56.1150
1403636746.263556,1.998610,-0.883821,137.690173,-0.292145,3.794632,-1.979047,2.290755,-4.678453,139.669220,139.766329,56.4614
1403636746.313555,1.999137,-0.874360,137.716558,-0.297898,3.793370,-1.963342,2.297035,-4.667730,139.679900,139.776745,144.1184
1403636746.363556,1.993863,-0.862246,137.741414,-0.303999,3.790065,-1.949625,2.297862,-4.652311,139.691039,139.787376,144.2341
1403636746.413556,1.992346,-0.853281,137.754640,-0.310444,3.784963,-1.938047,2.302790,-4.638244,139.692687,139.788637,144.6334
1403636746.463556,1.987871,-0.841661,137.769040,-0.317072,3.777918,-1.929675,2.304943,-4.619579,139.698715,139.794078,144.8283
1403636746.513556,1.985797,-0.824341,137.785499,-0.323563,3.769039,-1.923741,2.309360,-4.593380,139.709240,139.803806,145.0864
1403636746.563556,1.979098,-0.804597,137.800142,-0.330264,3.758695,-1.920135,2.309362,-4.563292,139.720277,139.813850,126.0174
1403636746.613555,1.964948,-0.788508,137.819262,-0.337076,3.747510,-1.918896,2.302024,-4.536018,139.738158,139.830711,154.4125
1403636746.663556,1.955403,-0.771623,137.837841,-0.344341,3.735913,-1.918868,2.299744,-4.507536,139.756709,139.848291,154.6824
1403636746.713556,1.956592,-0.755600,137.849107,-0.352265,3.724388,-1.919871,2.308857,-4.479988,139.768978,139.859816,155.0604
1403636746.763556,1.963783,-0.739886,137.856355,-0.360684,3.713449,-1.921572,2.324467,-4.453335,139.777927,139.868167,155.3708
1403636746.813555,1.973213,-0.723043,137.863146,-0.369763,3.704296,-1.923171,2.342976,-4.427339,139.786317,139.876035,155.2590
1403636746.863556,1.984176,-0.704942,137.869589,-0.378893,3.696220,-1.925229,2.363069,-4.401162,139.794818,139.884042,155.1813
1403636746.913556,1.996010,-0.685398,137.875713,-0.388122,3.689819,-1.927094,2.384132,-4.375217,139.802807,139.891570,155.1835
1403636746.963556,2.008801,-0.665048,137.882044,-0.396859,3.684826,-1.928438,2.405660,-4.349874,139.810482,139.898819,155.2132
1403636747.013556,2.022169,-0.643071,137.887326,-0.405516,3.681652,-1.927585,2.427685,-4.324723,139.814911,139.902846,155.2846
1403636747.063556,2.036024,-0.619648,137.891810,-0.413982,3.680201,-1.923471,2.450006,-4.299849,139.815281,139.902838,155.1788
1403636747.113555,2.053428,-0.601114,137.897637,-0.422374,3.679815,-1.916917,2.475802,-4.280929,139.814554,139.901985,155.2173
1403636747.163556,2.070635,-0.580342,137.903219,-0.431397,3.680645,-1.908863,2.502032,-4.260987,139.812082,139.899373,155.4652
1403636747.213556,2.089085,-0.562650,137.911693,-0.441132,3.682782,-1.898899,2.530217,-4.245432,139.810592,139.897917,155.6347
1403636747.263556,2.109035,-0.543968,137.918695,-0.451499,3.685443,-1.886646,2.560534,-4.229411,139.805341,139.892736,155.7684
1403636747.313555,2.129570,-0.523041,137.924703,-0.462126,3.687692,-1.872212,2.591696,-4.210733,139.796915,139.884325,144.8674
1403636747.363556,2.145835,-0.498666,137.932212,-0.472564,3.689040,-1.857253,2.618399,-4.187706,139.789465,139.876687,144.8710
1403636747.413556,2.158336,-0.471265,137.941216,-0.483877,3.690441,-1.842483,2.642213,-4.161706,139.783699,139.870596,170.5812
1403636747.463556,2.176835,-0.444612,137.953782,-0.495258,3.691295,-1.829867,2.672093,-4.135907,139.783649,139.870349,169.7246
1403636747.513556,2.200629,-0.418772,137.969435,-0.507148,3.691756,-1.819023,2.707777,-4.110528,139.788458,139.875092,168.7023
1403636747.563556,2.229388,-0.393980,137.987677,-0.519616,3.691871,-1.809329,2.749004,-4.085851,139.797006,139.883717,168.6597
1403636747.613555,2.263141,-0.369944,138.007926,-0.532521,3.691683,-1.800625,2.795662,-4.061627,139.808551,139.895473,167.4238
1403636747.663556,2.301722,-0.346732,138.029946,-0.545801,3.691172,-1.790698,2.847523,-4.037904,139.820644,139.907918,167.4276
1403636747.713556,2.344498,-0.324296,138.053741,-0.559294,3.690117,-1.779344,2.903792,-4.014413,139.833085,139.920831,167.5506
1403636747.763556,2.391478,-0.302269,138.078699,-0.573115,3.688860,-1.766159,2.964593,-3.991129,139.844858,139.933206,166.5961
1403636747.813555,2.442484,-0.281393,138.104554,-0.587781,3.687730,-1.750624,3.030265,-3.969123,139.855178,139.944301,166.6709
1403636747.863556,2.497307,-0.261372,138.131253,-0.603322,3.686848,-1.732716,3.100629,-3.948220,139.863969,139.954036,165.6022
1403636747.913556,2.554800,-0.242141,138.159062,-0.619475,3.685854,-1.713231,3.174275,-3.927995,139.872293,139.963436,164.1208
1403636747.963556,2.614679,-0.223764,138.188185,-0.635994,3.685105,-1.692834,3.250673,-3.908869,139.881019,139.973375,163.0275
1403636748.013556,2.676226,-0.206690,138.219143,-0.652161,3.684674,-1.673389,3.328387,-3.891364,139.892532,139.986219,162.1956
1403636748.063556,2.739550,-0.190809,138.251659,-0.667212,3.684623,-1.655644,3.406762,-3.875432,139.907303,140.002423,162.2780
1403636748.113555,2.774113,-0.171999,138.267688,-0.681401,3.685149,-1.639550,3.455514,-3.857148,139.907238,140.003048,162.2755
1403636748.163556,2.792269,-0.162451,138.280495,-0.694790,3.686265,-1.625174,3.487059,-3.848716,139.905669,140.002030,161.8281
1403636748.213556,2.816388,-0.153303,138.297271,-0.707020,3.688129,-1.612346,3.523408,-3.841432,139.909617,140.006685,161.8627
1403636748.263556,2.845929,-0.144428,138.317703,-0.718202,3.690857,-1.601168,3.564131,-3.835285,139.918871,140.016795,161.6396
1403636748.313555,2.862281,-0.142539,138.337589,-0.728638,3.694557,-1.591419,3.590919,-3.837096,139.929008,140.027659,172.3285
1403636748.363556,2.868240,-0.137986,138.359290,-0.738801,3.698916,-1.582567,3.607041,-3.836902,139.941857,140.040908,136.4515
1403636748.413556,2.860493,-0.133352,138.376657,-0.749154,3.703736,-1.574087,3.609647,-3.837088,139.950744,140.049861,136.3078
1403636748.463556,2.845342,-0.128434,138.395614,-0.759789,3.708547,-1.564843,3.605131,-3.836981,139.960457,140.059448,136.1700
1403636748.513556,2.833403,-0.125690,138.404735,-0.770638,3.713000,-1.554147,3.604041,-3.838690,139.958882,140.057892,135.9127
1403636748.563556,2.823043,-0.125462,138.416736,-0.781698,3.716919,-1.542384,3.604741,-3.842381,139.959120,140.058250,136.4202
1403636748.613555,2.815103,-0.126978,138.427944,-0.793001,3.720548,-1.529041,3.608104,-3.847526,139.956985,140.056344,136.7227
1403636748.663556,2.799843,-0.127510,138.441673,-0.804293,3.724086,-1.514454,3.604136,-3.851596,139.956127,140.055496,136.7686
1403636748.713556,2.787776,-0.127484,138.448421,-0.815570,3.727747,-1.499419,3.603346,-3.855231,139.947840,140.047295,136.5931
1403636748.763556,2.776050,-0.127548,138.451381,-0.826297,3.731304,-1.485283,3.602347,-3.858852,139.936664,140.036201,136.4249
1403636748.813555,2.758119,-0.126891,138.458462,-0.836686,3.735150,-1.472420,3.594805,-3.862041,139.930882,140.030317,136.5638
1403636748.863556,2.741842,-0.125961,138.460055,-0.846574,3.739327,-1.460767,3.588416,-3.865288,139.920822,140.020190,162.5795
1403636748.913556,2.728249,-0.126290,138.459632,-0.855851,3.743872,-1.450415,3.584100,-3.870162,139.910047,140.009446,177.4085
1403636748.963556,2.719008,-0.127733,138.460699,-0.864172,3.748955,-1.441050,3.583180,-3.876688,139.901749,140.001312,177.4891
1403636749.013556,2.711915,-0.130187,138.462864,-0.871630,3.754489,-1.432546,3.583545,-3.884676,139.895410,139.995208,176.9353
1403636749.063556,2.705399,-0.133994,138.464376,-0.878337,3.760318,-1.424828,3.583736,-3.894312,139.889204,139.989279,168.3871
1403636749.113555,2.695952,-0.144859,138.470583,-0.883995,3.766585,-1.417603,3.579947,-3.911444,139.888186,139.988643,137.2547
1403636749.163556,2.689615,-0.149967,138.476735,-0.888449,3.773475,-1.411025,3.578064,-3.923442,139.887760,139.988504,152.2255
1403636749.213556,2.689149,-0.147877,138.481159,-0.891511,3.781061,-1.403829,3.580660,-3.928938,139.884988,139.985955,152.3489
1403636749.263556,2.689744,-0.143454,138.484410,-0.892882,3.789039,-1.394767,3.582626,-3.932493,139.879177,139.980299,150.7946
1403636749.313555,2.694039,-0.133195,138.489684,-0.893321,3.797329,-1.384122,3.587360,-3.930524,139.873806,139.974997,150.8015
1403636749.363556,2.702104,-0.117610,138.496753,-0.893073,3.805905,-1.371663,3.595177,-3.923515,139.868416,139.969615,148.8932
1403636749.413556,2.713526,-0.097254,138.506050,-0.892157,3.813962,-1.357494,3.605683,-3.911216,139.863544,139.964673,148.7803
1403636749.463556,2.728168,-0.072561,138.517146,-0.890838,3.821854,-1.342101,3.619006,-3.894415,139.859247,139.960254,146.8947
1403636749.513556,2.745756,-0.044008,138.530232,-0.889391,3.829253,-1.325984,3.635147,-3.873261,139.856216,139.957056,144.6474
1403636749.563556,2.766228,-0.012226,138.545378,-0.887982,3.836312,-1.309472,3.654210,-3.848538,139.854850,139.955505,144.5252
1403636749.613555,2.788651,0.022360,138.563008,-0.886731,3.843344,-1.293350,3.675382,-3.820984,139.856358,139.956812,142.3707
1403636749.663556,2.805630,0.049349,138.566051,-0.886070,3.849648,-1.279087,3.691700,-3.800299,139.845138,139.945466,142.6775
1403636749.713556,2.820333,0.073176,138.562019,-0.886128,3.855203,-1.266365,3.706461,-3.782027,139.828384,139.928619,121.3425
1403636749.763556,2.837447,0.101454,138.564024,-0.886655,3.860103,-1.254929,3.724102,-3.758649,139.818953,139.919034,121.6440
1403636749.813555,2.857073,0.133786,138.570811,-0.887350,3.864253,-1.244985,3.744423,-3.730467,139.815796,139.915667,121.8996
1403636749.863556,2.878824,0.169795,138.582184,-0.888205,3.867610,-1.236593,3.767029,-3.697815,139.818777,139.918386,121.5938
1403636749.913556,2.902383,0.208769,138.597653,-0.888985,3.870044,-1.229872,3.791368,-3.661275,139.827525,139.926825,121.4093
1403636749.963556,2.927612,0.250561,138.616979,-0.889540,3.871336,-1.224412,3.817152,-3.620775,139.841391,139.940327,121.2030
1403636750.013556,2.954710,0.295087,138.639595,-0.889717,3.871272,-1.220442,3.844427,-3.576185,139.860037,139.958560,121.2524
1403636750.063556,2.984309,0.333069,138.646056,-0.889359,3.869643,-1.217597,3.873668,-3.536574,139.863653,139.961974,157.9969
1403636750.113555,3.018617,0.371147,138.657124,-0.888463,3.866677,-1.215255,3.907080,-3.495530,139.872379,139.970592,158.1522
1403636750.163556,3.050327,0.389788,138.658705,-0.886958,3.862404,-1.212092,3.937285,-3.472616,139.870797,139.969287,158.2904
1403636750.213556,3.087221,0.410790,138.664893,-0.884586,3.856412,-1.207839,3.971807,-3.445622,139.872732,139.971529,158.4727
1403636750.263556,3.108039,0.422070,138.669897,-0.882088,3.849815,-1.202209,3.990127,-3.427745,139.872106,139.970984,159.0407
1403636750.313555,3.128727,0.437802,138.682333,-0.879938,3.843056,-1.194008,4.008665,-3.405254,139.876341,139.975197,159.1163
1403636750.363556,3.155800,0.455976,138.698169,-0.877011,3.835165,-1.183544,4.032811,-3.379189,139.881713,139.980628,159.2364
1403636750.413556,3.188616,0.476632,138.716922,-0.874439,3.827226,-1.170387,4.063055,-3.350594,139.887309,139.986406,159.1941
1403636750.463556,3.207806,0.487609,138.727743,-0.871511,3.818333,-1.155089,4.079317,-3.330724,139.882832,139.981931,160.0009
1403636750.513556,3.234333,0.501495,138.741302,-0.868423,3.808998,-1.136477,4.102756,-3.307503,139.877779,139.977017,159.7548
1403636750.563556,3.250849,0.508396,138.750345,-0.865319,3.799285,-1.115822,4.116168,-3.290889,139.866167,139.965416,161.0947
1403636750.613555,3.273672,0.517931,138.763131,-0.862144,3.789260,-1.093501,4.135816,-3.271329,139.856632,139.956008,162.1920
1403636750.663556,3.289019,0.521058,138.773004,-0.858854,3.779614,-1.069657,4.147873,-3.258556,139.842661,139.942105,163.7898
1403636750.713556,3.310836,0.527354,138.785759,-0.855588,3.769741,-1.044170,4.166424,-3.242387,139.829929,139.929558,165.0878
1403636750.763556,3.338212,0.535909,138.801154,-0.852185,3.759347,-1.017798,4.190397,-3.223438,139.818952,139.918867,166.4034
1403636750.813555,3.358892,0.544848,138.805086,-0.849037,3.748886,-0.989791,4.207929,-3.204038,139.794877,139.894890,166.5893
1403636750.863556,3.386069,0.556169,138.811889,-0.845752,3.737699,-0.959844,4.231821,-3.181530,139.771733,139.871969,168.0873
1403636750.913556,3.418063,0.568669,138.821144,-0.842105,3.725673,-0.928476,4.260168,-3.157004,139.749620,139.850177,169.6616
1403636750.963556,3.436544,0.572731,138.829441,-0.838698,3.713255,-0.897347,4.275242,-3.140524,139.726788,139.827450,171.3752
1403636751.013556,3.459789,0.578186,138.840138,-0.835671,3.700971,-0.867061,4.295460,-3.122785,139.707199,139.808097,171.7272
1403636751.063556,3.476185,0.583252,138.843143,-0.833201,3.688506,-0.837800,4.309386,-3.105254,139.680943,139.781899,162.8132
1403636751.113555,3.497078,0.591849,138.850998,-0.831401,3.675823,-0.810551,4.328479,-3.083974,139.661549,139.762638,161.2103
1403636751.163556,3.522865,0.603314,138.863326,-0.830293,3.662990,-0.785197,4.353158,-3.059676,139.648523,139.749853,159.8695
1403636751.213556,3.553181,0.617506,138.879445,-0.829872,3.650269,-0.761051,4.383053,-3.032763,139.640496,139.742180,158.5796
1403636751.263556,3.569174,0.629859,138.898366,-0.830198,3.637575,-0.737753,4.399372,-3.007716,139.636119,139.737778,156.7499
1403636751.313555,3.580910,0.637537,138.908747,-0.830953,3.624929,-0.714650,4.411863,-2.987392,139.623397,139.725023,156.6478
1403636751.363556,3.599472,0.648152,138.923429,-0.832365,3.612823,-0.691669,4.431837,-2.964671,139.615098,139.716878,155.3101
1403636751.413556,3.614570,0.654795,138.930514,-0.834466,3.601418,-0.668651,4.449036,-2.946623,139.599165,139.701122,154.9837
1403636751.463556,3.630308,0.659626,138.933218,-0.836835,3.590734,-0.645848,4.467143,-2.931108,139.579066,139.681289,154.8270
1403636751.513556,3.647358,0.663831,138.933355,-0.839336,3.580676,-0.623247,4.486694,-2.916845,139.556602,139.659169,154.5159
1403636751.563556,3.659122,0.666633,138.936958,-0.841693,3.571243,-0.601144,4.500815,-2.904610,139.538102,139.640883,154.5671
1403636751.613555,3.673191,0.669763,138.938583,-0.843721,3.562339,-0.580072,4.516912,-2.892576,139.518655,139.621720,154.2475
1403636751.663556,3.693627,0.676296,138.945881,-0.844893,3.554098,-0.559714,4.538520,-2.877802,139.505595,139.609065,153.1369
1403636751.713556,3.713042,0.680707,138.948234,-0.845344,3.546473,-0.540683,4.558386,-2.865766,139.488917,139.592799,177.5565
1403636751.763556,3.739865,0.683305,138.959243,-0.844823,3.539700,-0.522548,4.584688,-2.856395,139.481791,139.586347,177.1510
1403636751.813555,3.773311,0.684090,138.977838,-0.843659,3.534056,-0.505126,4.616970,-2.849966,139.482964,139.588453,176.1804
1403636751.863556,3.799055,0.692870,139.002029,-0.841933,3.530086,-0.487817,4.640988,-2.837216,139.489846,139.595865,176.2404
1403636751.913556,3.832949,0.694907,139.018300,-0.839834,3.527330,-0.470060,4.672783,-2.832423,139.488360,139.595344,176.0828
1403636751.963556,3.873169,0.694623,139.040922,-0.837898,3.525977,-0.452461,4.711067,-2.831354,139.493383,139.601628,175.6837
1403636752.013556,3.918659,0.692627,139.069390,-0.836391,3.526008,-0.435220,4.755050,-2.833381,139.504610,139.614379,175.5563
1403636752.063556,3.942522,0.689144,139.088794,-0.835409,3.526929,-0.418189,4.777931,-2.837785,139.506983,139.617621,174.6361
1403636752.113555,3.973786,0.687449,139.101746,-0.835092,3.528962,-0.401480,4.808878,-2.841513,139.503226,139.615005,108.0032
1403636752.163556,3.995020,0.688087,139.111365,-0.835636,3.531690,-0.384819,4.830656,-2.843603,139.496184,139.608763,108.0788
1403636752.213556,4.010818,0.688924,139.120337,-0.836808,3.534918,-0.368790,4.847626,-2.845994,139.489127,139.602349,108.1075
1403636752.263556,4.034823,0.687791,139.140395,-0.838207,3.538073,-0.352521,4.873030,-2.850282,139.492916,139.607107,106.6750
1403636752.313555,4.050808,0.686233,139.155572,-0.840024,3.541491,-0.334917,4.890832,-2.855258,139.490489,139.605406,106.6873
1403636752.363556,4.075023,0.682775,139.181382,-0.841962,3.544711,-0.316103,4.916985,-2.861936,139.497485,139.613451,105.1954
1403636752.413556,4.106525,0.677823,139.216574,-0.843764,3.547588,-0.295996,4.950289,-2.869765,139.512570,139.629861,104.6337
1403636752.463556,4.125344,0.674290,139.238827,-0.845387,3.550101,-0.274561,4.970731,-2.875811,139.513388,139.631529,104.5751
1403636752.513556,4.137903,0.671105,139.255538,-0.846721,3.552330,-0.252290,4.984624,-2.881225,139.507828,139.626581,104.5341
1403636752.563556,4.157914,0.666215,139.282634,-0.847791,3.554393,-0.230877,5.005705,-2.888178,139.513511,139.633156,102.6651
1403636752.613555,4.184701,0.659745,139.319134,-0.848801,3.556274,-0.210797,5.033502,-2.896529,139.529931,139.650735,90.1952
1403636752.663556,4.212636,0.661143,139.365192,-0.849380,3.557836,-0.192673,5.062016,-2.896693,139.557865,139.679679,88.8848
1403636752.713556,4.241572,0.670270,139.420619,-0.849982,3.559355,-0.175788,5.091554,-2.889085,139.596407,139.719102,87.7509
1403636752.763556,4.257608,0.678501,139.451753,-0.850560,3.560805,-0.160587,5.108168,-2.882304,139.612340,139.735488,87.5252
1403636752.813555,4.275966,0.693289,139.493625,-0.850909,3.562005,-0.147277,5.126875,-2.868716,139.640902,139.764429,87.4483
1403636752.863556,4.296083,0.714288,139.544995,-0.851056,3.562691,-0.135713,5.147139,-2.848403,139.680708,139.804530,86.6028
1403636752.913556,4.317818,0.740662,139.605390,-0.851165,3.563199,-0.125297,5.168983,-2.822537,139.730687,139.854746,85.7083
1403636752.963556,4.340973,0.771681,139.673802,-0.851448,3.563360,-0.117059,5.192421,-2.791679,139.790861,139.915115,85.1500
1403636753.013556,4.365253,0.806987,139.749450,-0.851841,3.562996,-0.110498,5.217094,-2.756009,139.859948,139.984351,84.2728
1403636753.063556,4.390785,0.846361,139.831684,-0.852392,3.562080,-0.105670,5.243177,-2.715719,139.937354,140.061876,83.7538
1403636753.113555,4.417364,0.889059,139.920120,-0.853386,3.560448,-0.102531,5.270750,-2.671389,140.022651,140.147279,83.3540
1403636753.163556,4.444637,0.934625,140.014243,-0.854855,3.558043,-0.100907,5.299492,-2.623418,140.115150,140.239874,130.5866
1403636753.213556,4.476632,0.976261,140.103214,-0.856789,3.554892,-0.100869,5.333421,-2.578631,140.204083,140.329183,126.6013
1403636753.263556,4.499879,1.027140,140.157082,-0.859231,3.550936,-0.102472,5.359110,-2.523796,140.259554,140.384586,145.2867
1403636753.313555,4.516741,1.076596,140.207908,-0.862292,3.546022,-0.105453,5.379033,-2.469426,140.313361,140.438140,128.8680
1403636753.363556,4.525642,1.098480,140.236738,-0.865680,3.540097,-0.109485,5.391322,-2.441617,140.346223,140.470959,129.5796
1403636753.413556,4.526666,1.123425,140.266747,-0.869614,3.533252,-0.113283,5.396280,-2.409827,140.380030,140.504377,129.7043
1403636753.463556,4.520617,1.150696,140.297567,-0.874468,3.525602,-0.116394,5.395085,-2.374906,140.413961,140.537638,129.5520
1403636753.513556,4.508273,1.180893,140.329058,-0.879322,3.517185,-0.117893,5.387595,-2.336292,140.446951,140.569664,129.4703
1403636753.563556,4.490404,1.213384,140.361131,-0.883858,3.508060,-0.117331,5.374262,-2.294676,140.478462,140.599952,129.4376
1403636753.613555,4.467736,1.247999,140.393738,-0.888046,3.498463,-0.115141,5.355782,-2.250464,140.508879,140.628923,129.3072
1403636753.663556,4.440874,1.284498,140.427008,-0.891217,3.488302,-0.111412,5.332091,-2.203804,140.538420,140.656801,149.9824
1403636753.713556,4.412450,1.309938,140.463500,-0.894742,3.478220,-0.108226,5.307192,-2.168282,140.571726,140.688585,133.7175
1403636753.763556,4.380865,1.336580,140.499856,-0.898372,3.468069,-0.105072,5.279237,-2.131489,140.604928,140.720145,133.6075
1403636753.813555,4.346276,1.364138,140.536565,-0.901728,3.457556,-0.103308,5.248004,-2.093418,140.639873,140.753323,133.6737
1403636753.863556,4.309085,1.392943,140.573338,-0.904417,3.446657,-0.103114,5.213502,-2.053714,140.676452,140.788005,133.6988
1403636753.913556,4.269406,1.422389,140.610106,-0.906972,3.435329,-0.104581,5.176378,-2.012940,140.714687,140.824252,133.5692
1403636753.963556,4.227592,1.452698,140.646715,-0.908995,3.423607,-0.107005,5.136587,-1.970909,140.753720,140.861203,133.6130
1403636754.013556,4.183447,1.484033,140.682836,-0.910728,3.411590,-0.108946,5.094175,-1.927557,140.791782,140.897097,133.6533
1403636754.063556,4.137003,1.515701,140.718326,-0.912635,3.399212,-0.109113,5.049638,-1.883511,140.827439,140.930529,143.9972
1403636754.113555,4.097690,1.537109,140.753088,-0.914444,3.386488,-0.107377,5.012134,-1.849379,140.860465,140.961741,143.9741
1403636754.163556,4.064321,1.549630,140.787233,-0.915552,3.373114,-0.104073,4.979873,-1.823484,140.891306,140.991079,141.2669
1403636754.213556,4.041403,1.559052,140.820711,-0.915746,3.359036,-0.099893,4.957149,-1.799984,140.920604,141.019254,172.8758
1403636754.263556,4.029476,1.570344,140.845450,-0.914542,3.344042,-0.094044,4.944018,-1.773698,140.939494,141.037337,172.7785
1403636754.313555,4.027624,1.576316,140.874872,-0.913312,3.328441,-0.086780,4.940936,-1.752125,140.961652,141.059102,172.8697
1403636754.363556,4.035030,1.577401,140.908648,-0.911711,3.312175,-0.077934,4.946741,-1.734774,140.986582,141.084003,173.0661
1403636754.413556,4.050427,1.574100,140.946857,-0.909381,3.294596,-0.068083,4.959808,-1.720496,141.014940,141.112625,173.2067
1403636754.463556,4.072922,1.566902,140.988916,-0.906271,3.275712,-0.057963,4.979193,-1.708810,141.046879,141.145083,174.1725
1403636754.513556,4.101223,1.556565,141.034344,-0.902537,3.255800,-0.048549,5.003760,-1.699235,141.082893,141.181825,172.4621
1403636754.563556,4.134782,1.543421,141.083126,-0.898303,3.234735,-0.040744,5.033085,-1.691314,141.123870,141.223721,172.7146
1403636754.613555,4.173127,1.527485,141.134896,-0.893725,3.212504,-0.034602,5.066852,-1.685019,141.169498,141.270448,174.4473
1403636754.663556,4.215832,1.509108,141.189311,-0.888766,3.189197,-0.029718,5.104598,-1.680089,141.219029,141.321243,174.5749
1403636754.713556,4.262116,1.488687,141.245648,-0.883365,3.164928,-0.026105,5.145481,-1.676241,141.271753,141.375365,175.2097
1403636754.763556,4.311887,1.466318,141.303616,-0.877744,3.139714,-0.023225,5.189631,-1.673396,141.326841,141.431993,174.3726
1403636754.813555,4.364450,1.441871,141.362489,-0.871611,3.114124,-0.021686,5.236061,-1.672253,141.384175,141.490981,174.3032
1403636754.863556,4.418630,1.429825,141.422837,-0.865070,3.087972,-0.021460,5.283700,-1.658147,141.444297,141.552662,107.8815
1403636754.913556,4.466132,1.411143,141.492084,-0.857947,3.061385,-0.022259,5.324079,-1.650242,141.514343,141.624075,107.6863
1403636754.963556,4.507725,1.386439,141.569249,-0.850438,3.034275,-0.024238,5.358163,-1.647836,141.593487,141.704413,107.4641
1403636755.013556,4.530368,1.367950,141.609307,-0.842669,3.006744,-0.026918,5.373037,-1.638794,141.636225,141.747576,109.2321
1403636755.063556,4.549663,1.343042,141.660699,-0.834306,2.978615,-0.029964,5.383969,-1.635573,141.690663,141.802349,109.8287
1403636755.113555,4.565204,1.311731,141.722338,-0.825292,2.950015,-0.031821,5.390496,-1.638284,141.754159,141.866074,109.6325
1403636755.163556,4.577561,1.274611,141.792691,-0.814830,2.920680,-0.032836,5.392391,-1.646069,141.825527,141.937548,111.1024
1403636755.213556,4.570136,1.246310,141.834070,-0.803496,2.890771,-0.032333,5.373632,-1.644461,141.866403,141.977662,109.2208
1403636755.263556,4.561606,1.211631,141.885883,-0.792024,2.860550,-0.030058,5.353630,-1.648919,141.915941,142.026457,109.6575
1403636755.313555,4.551839,1.171314,141.946649,-0.780702,2.829933,-0.026238,5.332541,-1.658619,141.972887,142.082679,109.7887
1403636755.363556,4.547211,1.147277,141.980606,-0.768624,2.799001,-0.020548,5.315835,-1.651724,142.001154,142.110218,111.5005
1403636755.413556,4.540793,1.116334,142.024877,-0.757096,2.768139,-0.013237,5.297889,-1.651805,142.038114,142.146481,111.3528
1403636755.463556,4.539483,1.094124,142.050288,-0.746569,2.737181,-0.004732,5.286052,-1.643057,142.055020,142.162832,111.9018
1403636755.513556,4.541756,1.074709,142.067577,-0.736806,2.706133,0.003951,5.278562,-1.631424,142.063626,142.171019,113.2497
1403636755.563556,4.541773,1.049064,142.097073,-0.727737,2.674837,0.011556,5.269510,-1.625773,142.085517,142.192493,113.2226
1403636755.613555,4.539545,1.017771,142.137409,-0.719401,2.643241,0.017892,5.258946,-1.625470,142.119517,142.226073,115.8582
1403636755.663556,4.541687,0.996241,142.161366,-0.711757,2.611161,0.022504,5.253444,-1.614920,142.138862,142.245080,116.4665
1403636755.713556,4.540854,0.968424,142.196348,-0.704300,2.578823,0.025561,5.245154,-1.610399,142.170787,142.276624,117.7987
1403636755.763556,4.537400,0.935098,142.241064,-0.697128,2.546176,0.027420,5.234528,-1.611078,142.213644,142.319065,71.7534
1403636755.813555,4.526138,0.908174,142.294236,-0.690317,2.513331,0.028177,5.216455,-1.605157,142.266059,142.370712,76.5336
1403636755.863556,4.516168,0.908271,142.340652,-0.683447,2.480205,0.027484,5.199615,-1.571934,142.313168,142.416799,129.2764
1403636755.913556,4.508792,0.918367,142.390859,-0.676850,2.446878,0.026281,5.185642,-1.528511,142.364578,142.467190,130.3483
1403636755.963556,4.503777,0.937472,142.444308,-0.670351,2.413267,0.025205,5.174128,-1.475795,142.419103,142.520702,130.7441
1403636756.013556,4.501119,0.964523,142.500866,-0.663495,2.379464,0.025418,5.164614,-1.414941,142.475448,142.576045,77.2708
1403636756.063556,4.497613,0.991209,142.571847,-0.657241,2.345648,0.027044,5.154854,-1.354439,142.544803,142.644411,80.8869
1403636756.113555,4.493036,1.017748,142.656035,-0.651103,2.311873,0.030403,5.144139,-1.294125,142.625632,142.724237,84.5048
1403636756.163556,4.487597,1.044112,142.751571,-0.645688,2.277863,0.035755,5.133285,-1.233751,142.715816,142.813433,84.4984
1403636756.213556,4.481693,1.070033,142.857150,-0.639107,2.243730,0.042251,5.120800,-1.173697,142.814899,142.911496,84.3124
1403636756.263556,4.475069,1.095807,142.971325,-0.632207,2.209305,0.049209,5.107276,-1.113498,142.922116,143.017675,83.6145
1403636756.313555,4.468276,1.121346,143.093181,-0.624950,2.174716,0.055673,5.093226,-1.053370,143.037508,143.132034,83.6672
1403636756.363556,4.461123,1.146514,143.221889,-0.617746,2.140119,0.061327,5.078869,-0.993605,143.160562,143.254070,82.8085
1403636756.413556,4.453996,1.171652,143.356613,-0.610270,2.105495,0.065749,5.064266,-0.933843,143.290864,143.383369,82.8126
1403636756.463556,4.436760,1.164515,143.440352,-0.602411,2.070706,0.068527,5.039171,-0.906191,143.371825,143.463217,82.8408
1403636756.513556,4.420448,1.160620,143.534915,-0.594219,2.035766,0.069595,5.014667,-0.875146,143.465320,143.555602,79.6839
1403636756.563556,4.405595,1.159708,143.638815,-0.585845,2.000772,0.069497,4.991440,-0.841064,143.569318,143.658522,79.0899
1403636756.613555,4.391733,1.161689,143.751675,-0.577331,1.965365,0.068320,4.969064,-0.803676,143.683355,143.771499,82.1558
1403636756.663556,4.379109,1.166778,143.872683,-0.568440,1.929721,0.067155,4.947549,-0.762943,143.805528,143.892635,82.1934
1403636756.713556,4.368536,1.168167,144.001183,-0.558862,1.894020,0.067068,4.927398,-0.725853,143.934115,144.020261,169.4365
1403636756.763556,4.361822,1.168534,144.136867,-0.548522,1.858148,0.068371,4.910344,-0.689614,144.068496,144.153801,169.5111
1403636756.813555,4.358638,1.168020,144.278598,-0.537276,1.822135,0.070516,4.895914,-0.654115,144.208082,144.292650,169.5583
1403636756.863556,4.358161,1.166564,144.426542,-0.525693,1.786023,0.074247,4.883854,-0.619459,144.352295,144.436217,169.6235
1403636756.913556,4.396778,1.168574,144.530681,-0.513401,1.749807,0.079704,4.910179,-0.581233,144.450977,144.535575,169.1215
1403636756.963556,4.433718,1.169292,144.644508,-0.500396,1.713380,0.087213,4.934114,-0.544088,144.557295,144.642500,169.1772
1403636757.013556,4.469654,1.168838,144.766145,-0.486652,1.677071,0.094913,4.956306,-0.508233,144.671232,144.756998,169.2150
1403636757.063556,4.504492,1.168009,144.894786,-0.472671,1.640512,0.101927,4.977163,-0.472503,144.792859,144.879148,169.2756
1403636757.113555,4.538406,1.166416,145.029626,-0.458390,1.603956,0.108232,4.996796,-0.437540,144.921394,145.008172,169.3057
1403636757.163556,4.571275,1.163977,145.169817,-0.443985,1.567378,0.112846,5.015260,-0.403401,145.056971,145.144205,169.2101
1403636757.213556,4.631767,1.156854,145.283883,-0.428923,1.530917,0.116140,5.060690,-0.374063,145.167743,145.256409,168.7098
1403636757.263556,4.688425,1.149443,145.405249,-0.413453,1.494525,0.117985,5.101878,-0.345082,145.287264,145.377224,150.6558
1403636757.313555,4.724545,1.156999,145.468839,-0.397507,1.458342,0.118051,5.122052,-0.301343,145.350788,145.441321,152.7099
1403636757.363556,4.750856,1.157079,145.537747,-0.381260,1.421925,0.116643,5.132116,-0.264846,145.421104,145.511877,152.6790
1403636757.413556,4.780265,1.143022,145.588989,-0.364668,1.385409,0.113808,5.144933,-0.242387,145.475181,145.566333,166.1537
1403636757.463556,4.802685,1.140280,145.614249,-0.348064,1.348717,0.110688,5.150749,-0.208437,145.503561,145.594849,166.2142
1403636757.513556,4.824812,1.132978,145.638146,-0.331136,1.311567,0.108490,5.155948,-0.178589,145.529656,145.621071,166.2666
1403636757.563556,4.837763,1.129053,145.648922,-0.314337,1.273725,0.107824,5.152100,-0.144672,145.541098,145.632333,166.3671
1403636757.613555,4.851645,1.120909,145.653208,-0.297664,1.235514,0.107727,5.149309,-0.114605,145.545481,145.636587,167.1608
1403636757.663556,4.858821,1.114678,145.655453,-0.281350,1.196951,0.109825,5.140171,-0.082273,145.545628,145.636390,112.2904
1403636757.713556,4.863958,1.107745,145.663498,-0.265888,1.158132,0.113282,5.129846,-0.050387,145.550216,145.640596,112.4546
1403636757.763556,4.870342,1.101601,145.676062,-0.251770,1.119221,0.118991,5.122112,-0.017620,145.557071,145.647167,147.0156
1403636757.813555,4.880099,1.101219,145.686830,-0.239331,1.080191,0.127048,5.119430,0.021028,145.559782,145.649783,147.1637
1403636757.863556,4.892172,1.104493,145.697235,-0.228747,1.041343,0.137947,5.120919,0.063150,145.559288,145.649354,158.8062
1403636757.913556,4.897813,1.114944,145.711380,-0.219575,1.002493,0.151899,5.117388,0.112451,145.559481,145.649451,158.8056
1403636757.963556,4.897937,1.131571,145.729162,-0.211866,0.963609,0.167163,5.109803,0.167962,145.561999,145.651755,118.2370
1403636758.013556,4.883899,1.145554,145.751318,-0.206071,0.925248,0.183445,5.089970,0.220306,145.567873,145.657001,116.2133
1403636758.063556,4.875302,1.151838,145.769664,-0.201310,0.887158,0.198136,5.076612,0.264680,145.571528,145.660261,116.2493
1403636758.113555,4.855722,1.157168,145.796073,-0.197114,0.849265,0.211307,5.052836,0.307903,145.584766,145.672750,116.0689
1403636758.163556,4.830109,1.159567,145.833678,-0.193187,0.811574,0.222882,5.023296,0.347993,145.610796,145.697833,116.5213
1403636758.213556,4.818142,1.167770,145.866845,-0.188964,0.774365,0.232729,5.007106,0.393405,145.634116,145.720698,116.5103
1403636758.263556,4.814074,1.176297,145.895468,-0.184258,0.737405,0.240714,4.998332,0.438892,145.654754,145.741152,116.4203
1403636758.313555,4.802724,1.181541,145.935217,-0.179331,0.700719,0.246857,4.982055,0.480822,145.688360,145.774313,116.3981
1403636758.363556,4.799600,1.191317,145.970236,-0.173958,0.664487,0.250224,4.973558,0.526830,145.720012,145.805815,116.3613
1403636758.413556,4.801295,1.202923,146.003564,-0.167854,0.628461,0.250828,4.969149,0.574462,145.752736,145.838549,116.2973
1403636758.463556,4.796397,1.197889,146.034153,-0.161723,0.592810,0.249384,4.958120,0.605079,145.784769,145.870312,118.2745
1403636758.513556,4.794825,1.200389,146.065204,-0.155955,0.557522,0.246468,4.950780,0.642867,145.818736,145.904171,118.2313
1403636758.563556,4.794786,1.208382,146.096730,-0.151073,0.523195,0.242978,4.945859,0.685187,145.853752,145.939193,118.1857
1403636758.613555,4.796480,1.219722,146.129646,-0.147404,0.490488,0.239219,4.943884,0.729234,145.890427,145.975993,118.2012
1403636758.663556,4.799531,1.233867,146.164948,-0.146064,0.459841,0.236366,4.945595,0.774026,145.928582,146.014414,118.1728
1403636758.713556,4.793509,1.244405,146.211916,-0.147069,0.431229,0.234547,4.940578,0.813176,145.977369,146.063216,118.1139
1403636758.763556,4.779773,1.251574,146.269336,-0.149721,0.404657,0.232696,4.929494,0.846917,146.036640,146.122268,118.0095
1403636758.813555,4.777508,1.265734,146.317794,-0.153513,0.379326,0.230237,4.931021,0.886408,146.087557,146.173441,117.9749
1403636758.863556,4.781226,1.283318,146.362098,-0.157919,0.355423,0.227340,4.939145,0.927895,146.134758,146.221147,117.9297
1403636758.913556,4.765914,1.286952,146.405237,-0.162152,0.332845,0.223305,4.928066,0.954107,146.181932,146.268087,118.5908
1403636758.963556,4.760797,1.295667,146.442903,-0.166142,0.311043,0.218355,4.926939,0.984624,146.224548,146.310842,118.5283
1403636759.013556,4.747404,1.300361,146.490353,-0.169609,0.289870,0.212381,4.917013,1.010491,146.277972,146.364078,118.5883
1403636759.063556,4.745407,1.307993,146.529469,-0.172802,0.268872,0.205811,4.918209,1.039121,146.323658,146.409978,118.5977
1403636759.113555,4.735403,1.312060,146.578803,-0.175637,0.248378,0.198330,4.911040,1.063682,146.380473,146.466695,126.5658
1403636759.163556,4.736664,1.318175,146.617893,-0.178156,0.228534,0.190148,4.914820,1.089641,146.427745,146.514256,126.6585
1403636759.213556,4.743372,1.325592,146.653550,-0.180221,0.210274,0.181241,4.923593,1.115318,146.472309,146.559282,126.7485
1403636759.263556,4.751975,1.335730,146.691737,-0.181744,0.194191,0.171309,4.933719,1.141539,146.520428,146.607914,126.8349
1403636759.313555,4.752146,1.342415,146.741819,-0.182753,0.180682,0.160503,4.934899,1.161733,146.581316,146.668965,126.7782
1403636759.363556,4.745063,1.346082,146.802840,-0.183115,0.169996,0.149091,4.928178,1.176086,146.653749,146.741242,135.2201
1403636759.413556,4.724059,1.334347,146.861770,-0.182812,0.161659,0.136430,4.906871,1.172688,146.725340,146.812049,135.2431
1403636759.463556,4.690782,1.330171,146.925974,-0.181887,0.154984,0.123106,4.872669,1.175187,146.802868,146.888413,135.1074
1403636759.513556,4.645091,1.324897,146.991705,-0.180081,0.149615,0.108672,4.825172,1.175282,146.883033,146.966965,134.9785
1403636759.563556,4.595135,1.319571,147.066552,-0.177664,0.144973,0.093829,4.772799,1.174598,146.972723,147.054890,134.9355
1403636759.613555,4.534950,1.302251,147.136490,-0.174552,0.141118,0.080442,4.709502,1.161133,147.056048,147.136022,134.8740
1403636759.663556,4.475706,1.291620,147.218801,-0.169946,0.137715,0.069527,4.645652,1.153905,147.149274,147.227112,134.8218
1403636759.713556,4.418228,1.282148,147.313055,-0.165160,0.134412,0.061090,4.583388,1.147736,147.251965,147.327750,134.8007
1403636759.763556,4.397305,1.292441,147.390894,-0.159821,0.130944,0.055304,4.557126,1.161497,147.335590,147.410626,134.8162
1403636759.813555,4.391139,1.306148,147.473925,-0.154596,0.127713,0.052273,4.545735,1.178435,147.421652,147.496427,134.7936
1403636759.863556,4.399452,1.328681,147.546722,-0.148895,0.124639,0.050146,4.548347,1.204042,147.496576,147.571600,134.7835
1403636759.913556,4.405017,1.352973,147.626180,-0.142417,0.121509,0.047114,4.547434,1.231464,147.579066,147.654246,134.7648
1403636759.963556,4.404242,1.373075,147.714285,-0.135348,0.118491,0.043353,4.539590,1.254584,147.670932,147.746019,134.7724
1403636760.013556,4.405590,1.391994,147.809197,-0.128082,0.115362,0.039097,4.533672,1.276632,147.770100,147.845143,67.7747
1403636760.063556,4.407600,1.404983,147.910948,-0.120996,0.112356,0.034152,4.528596,1.292627,147.876796,147.951768,67.8550
1403636760.113555,4.429779,1.389825,147.996903,-0.114214,0.109491,0.028598,4.543993,1.280334,147.968305,148.043597,67.6147
1403636760.163556,4.450206,1.369800,148.091639,-0.108240,0.106540,0.023014,4.558446,1.263260,148.068625,148.144162,144.2795
1403636760.213556,4.446482,1.331383,148.171657,-0.103537,0.103866,0.018201,4.550019,1.227517,148.153456,148.228391,142.1675
1403636760.263556,4.453413,1.287474,148.219458,-0.099420,0.101593,0.013380,4.552833,1.185881,148.206078,148.280735,142.1811
1403636760.313555,4.460981,1.234531,148.268161,-0.095593,0.099460,0.008055,4.556574,1.135071,148.260106,148.334452,142.2841
1403636760.363556,4.478466,1.177888,148.318135,-0.091685,0.097877,0.001666,4.570151,1.080011,148.316469,148.390794,142.2768
1403636760.413556,4.504449,1.125090,148.351235,-0.087465,0.096406,-0.005393,4.591914,1.028684,148.356628,148.431239,116.4990
1403636760.463556,4.545847,1.083145,148.383008,-0.082714,0.095016,-0.013346,4.628561,0.988129,148.396354,148.471808,116.4271
1403636760.513556,4.592592,1.041280,148.411237,-0.077015,0.093582,-0.021708,4.669607,0.947698,148.432945,148.509402,157.0834
1403636760.563556,4.640395,0.996038,148.447275,-0.070858,0.091773,-0.030399,4.711253,0.904265,148.477674,148.555152,156.9300
1403636760.613555,4.687702,0.945029,148.482465,-0.064578,0.089959,-0.039141,4.752280,0.855070,148.521606,148.600077,156.7958
1403636760.663556,4.738308,0.892940,148.515994,-0.058391,0.087924,-0.047323,4.796699,0.805016,148.563317,148.642913,156.6659
1403636760.713556,4.790476,0.838304,148.548165,-0.052381,0.085654,-0.054994,4.842857,0.752650,148.603159,148.683956,156.5361
1403636760.763556,4.840746,0.782997,148.594436,-0.046982,0.083064,-0.061730,4.887728,0.699933,148.656166,148.738144,136.0505
1403636760.813555,4.899600,0.735511,148.626199,-0.042183,0.079926,-0.068214,4.941783,0.655585,148.694413,148.777953,135.9514
1403636760.863556,4.962035,0.694387,148.667175,-0.037612,0.076371,-0.074432,4.999647,0.618016,148.741607,148.826893,135.5417
1403636760.913556,5.028109,0.658887,148.716137,-0.032908,0.072205,-0.080593,5.061017,0.586682,148.796730,148.883931,135.1472
1403636760.963556,5.098063,0.622090,148.754280,-0.028115,0.067363,-0.087193,5.126178,0.554727,148.841473,148.930754,135.0626
1403636761.013556,5.170014,0.584331,148.793342,-0.023175,0.061621,-0.094089,5.193189,0.522710,148.887431,148.978890,135.0444
1403636761.063556,5.235966,0.538948,148.832281,-0.018394,0.055585,-0.101405,5.254360,0.483363,148.933686,149.027128,135.0479
1403636761.113555,5.301986,0.490711,148.867202,-0.014220,0.048978,-0.108815,5.316206,0.441733,148.976017,149.071496,135.0639
1403636761.163556,5.368322,0.445022,148.911104,-0.010777,0.042101,-0.116515,5.379099,0.402921,149.027619,149.125210,135.0861
1403636761.213556,5.437716,0.404861,148.962863,-0.008270,0.034991,-0.123567,5.445986,0.369870,149.086430,149.186323,135.1757
1403636761.263556,5.510768,0.369513,149.021695,-0.006896,0.027683,-0.129743,5.517664,0.341830,149.151438,149.253854,135.2222
1403636761.313555,5.572141,0.326504,149.087605,-0.007326,0.020300,-0.134608,5.579467,0.306204,149.222213,149.326799,135.1500
1403636761.363556,5.624116,0.298034,149.167182,-0.009621,0.012887,-0.138271,5.633737,0.285147,149.305453,149.411976,135.0472
1403636761.413556,5.657355,0.277969,149.254487,-0.013258,0.005495,-0.140326,5.670613,0.272474,149.394813,149.502643,134.4791
1403636761.463556,5.681179,0.279335,149.342547,-0.017859,-0.001879,-0.141374,5.699038,0.281214,149.483921,149.592783,134.1645
1403636761.513556,5.707487,0.283081,149.435240,-0.023135,-0.009382,-0.141658,5.730622,0.292463,149.576898,149.686920,133.4367
1403636761.563556,5.720544,0.290368,149.529234,-0.028528,-0.016985,-0.141304,5.749072,0.307353,149.670538,149.781228,132.8010
1403636761.613555,5.742158,0.298478,149.626307,-0.033941,-0.024747,-0.140541,5.776099,0.323225,149.766848,149.878539,133.4815
1403636761.663556,5.770738,0.307281,149.726497,-0.038950,-0.032564,-0.139863,5.809688,0.339845,149.866360,149.979311,133.5094
1403636761.713556,5.805998,0.316707,149.829287,-0.043672,-0.040341,-0.138770,5.849670,0.357048,149.968057,150.082525,104.6652
1403636761.763556,5.815595,0.319977,149.886065,-0.048032,-0.047711,-0.137441,5.863627,0.367688,150.023506,150.138502,104.3265
1403636761.813555,5.813384,0.325132,149.924912,-0.051983,-0.054362,-0.135506,5.865367,0.379494,150.060418,150.175483,115.9608
1403636761.863556,5.815935,0.326613,149.949558,-0.055411,-0.060084,-0.133063,5.871346,0.386697,150.082621,150.197920,115.8634
1403636761.913556,5.827788,0.328681,149.985659,-0.058182,-0.064308,-0.130191,5.885970,0.392989,150.115850,150.231713,115.8132
1403636761.963556,5.841014,0.330739,150.007613,-0.060507,-0.067276,-0.126826,5.901521,0.398015,150.134439,150.250911,106.3688
1403636762.013556,5.863631,0.337111,150.027847,-0.062756,-0.069350,-0.122716,5.926387,0.406461,150.150563,150.268023,106.2375
1403636762.063556,5.894012,0.347618,150.049671,-0.064783,-0.071131,-0.118238,5.958795,0.418749,150.167909,150.286671,134.6899
1403636762.113555,5.924797,0.351023,150.084180,-0.066062,-0.072955,-0.113232,5.990859,0.423978,150.197412,150.317440,93.1579
1403636762.163556,5.943085,0.353824,150.105338,-0.066927,-0.075627,-0.108356,6.010012,0.429451,150.213694,150.334489,127.1241
1403636762.213556,5.962464,0.364223,150.129440,-0.067375,-0.079592,-0.104187,6.029839,0.443815,150.233627,150.355242,127.3809
1403636762.263556,5.982605,0.381240,150.156707,-0.068019,-0.085003,-0.101009,6.050624,0.466243,150.257716,150.380213,127.3680
1403636762.313555,6.003241,0.404345,150.186718,-0.069495,-0.091560,-0.099430,6.072736,0.495905,150.286148,150.409609,127.4970
1403636762.363556,6.013539,0.418441,150.203045,-0.070857,-0.098863,-0.100022,6.084396,0.517304,150.303067,150.427057,127.6739
1403636762.413556,6.025107,0.439030,150.223292,-0.074001,-0.107003,-0.102574,6.099108,0.546033,150.325866,150.450534,127.8627
1403636762.463556,6.037641,0.465572,150.246833,-0.078248,-0.115911,-0.107085,6.115889,0.581483,150.353918,150.479377,127.9945
1403636762.513556,6.051127,0.497350,150.273221,-0.083964,-0.125336,-0.112817,6.135091,0.622686,150.386038,150.512416,128.2762
1403636762.563556,6.065059,0.533385,150.301912,-0.090348,-0.134416,-0.120449,6.155407,0.667801,150.422361,150.549731,128.5012
1403636762.613555,6.078909,0.573059,150.333051,-0.097165,-0.142599,-0.130022,6.176074,0.715658,150.463073,150.591475,128.7296
1403636762.663556,6.085125,0.595419,150.348732,-0.104370,-0.149075,-0.141323,6.189495,0.744494,150.490055,150.619125,128.5518
1403636762.713556,6.091985,0.622426,150.367638,-0.111468,-0.153365,-0.154770,6.203453,0.775791,150.522408,150.652182,128.6725
